"Includes Amazon Marketplace, Fulfillment by Amazon (FBA), and Amazon Webstore transactions",,,,,,,,,,,,,,,,,,,,,,,,,,,,
"All amounts in INR, unless specified",,,,,,,,,,,,,,,,,,,,,,,,,,,,
Definitions:,,,,,,,,,,,,,,,,,,,,,,,,,,,,
Date/Time: Posted date/time of the transaction,,,,,,,,,,,,,,,,,,,,,,,,,,,,
"Total sales tax liable:Includes GST or sales tax collected from buyers for product sales, shipping, and gift wrap.",,,,,,,,,,,,,,,,,,,,,,,,,,,,
TCS-CGST:Tax Collected at Source from Central GST,,,,,,,,,,,,,,,,,,,,,,,,,,,,
TCS-SGST:Tax Collected at Source from State GST,,,,,,,,,,,,,,,,,,,,,,,,,,,,
TCS-IGST:Tax Collected at Source from Integrated GST,,,,,,,,,,,,,,,,,,,,,,,,,,,,
"TDS (Section 194-O): Tax Deducted at Source under Section 194-O of Income tax Act, 1961",,,,,,,,,,,,,,,,,,,,,,,,,,,,
Selling fees: Includes variable closing fees and referral fees.,,,,,,,,,,,,,,,,,,,,,,,,,,,,
"Other transaction fees: Includes shipping chargebacks, shipping holdbacks, and sales tax collection fees.",,,,,,,,,,,,,,,,,,,,,,,,,,,,
"Other: Includes non-order transaction amounts. For more details, see the ""Type"" and ""Description"" columns for each order ID.",,,,,,,,,,,,,,,,,,,,,,,,,,,,
"Note: Reports with start date of 1 Jan 2025 or later are indexed by posted date, include both released and deferred transactions and have two new columns. You may need to update integrations or third-party mappings.",,,,,,,,,,,,,,,,,,,,,,,,,,,,
date/time,settlement id,type,order id,Sku,description,quantity,marketplace,account type,fulfillment,order city,order state,order postal,product sales,shipping credits,gift wrap credits,promotional rebates,Total sales tax liable(GST before adjusting TCS),TCS-CGST,TCS-SGST,TCS-IGST,TDS (Section 194-O),selling fees,fba fees,other transaction fees,other,total,Transaction Status,Transaction Release Date
1 Mar 2026 2:03:14 am UTC,26706757632,Shipping Services,171-5581483-9067566,,Amazon Easy Ship Weight Handling Fee Reversal,,Amazon.in,Cash On Delivery Transactions and Non-Transactional Fees,,,,,0,0,0,0,0,0,0,0,0,0,0,76.7,0,76.7,Released,14 Mar 2026 6:08:06 am UTC
1 Mar 2026 2:19:19 am UTC,26706757632,Refund,171-5581483-9067566,HX-MF1200-01-40x60,Homnix Microfiber Cloth for Car 1200 GSM 40x60cm 1Pcs ! Twisted Loop Super Absorbent Edgeless Design with Plush Pile and Lint Free Cloth for Drying an,1,amazon.in,Cash On Delivery Transactions and Non-Transactional Fees,Merchant,KHATAULI,UTTAR PRADESH,251201,-283.8,0,0,0,-14.2,0.71,0.71,0,0,0,0,7.08,0,-289.5,Released,14 Mar 2026 6:13:06 am UTC
1 Mar 2026 10:49:18 am UTC,26623206662,Service Fee,,,Cost of Advertising,,,Electronic Transactions (Credit Card/Net Banking/GC),,,,,0,0,0,0,0,0,0,0,0,0,0,"-2,016.93",-363.05,"-2,379.98",Released,1 Mar 2026 10:49:18 am UTC
1 Mar 2026 11:49:27 am UTC,26706757632,Shipping Services,171-5995074-3477930,,Easy Ship weight handling fees,,Amazon.in,Cash On Delivery Transactions and Non-Transactional Fees,Merchant,,,,0,0,0,0,0,0,0,0,0,0,0,-71.98,0,-71.98,Released,14 Mar 2026 10:39:35 pm UTC
1 Mar 2026 11:49:52 am UTC,26706757632,Shipping Services,406-2487884-4731511,,Easy Ship weight handling fees,,Amazon.in,Cash On Delivery Transactions and Non-Transactional Fees,Merchant,,,,0,0,0,0,0,0,0,0,0,0,0,-71.98,0,-71.98,Released,16 Mar 2026 8:38:42 pm UTC
1 Mar 2026 11:49:57 am UTC,26706757632,Shipping Services,402-9700402-0369123,,Easy Ship weight handling fees,,Amazon.in,Cash On Delivery Transactions and Non-Transactional Fees,Merchant,,,,0,0,0,0,0,0,0,0,0,0,0,-71.98,0,-71.98,Released,16 Mar 2026 11:27:01 pm UTC
1 Mar 2026 11:50:01 am UTC,26706526542,Shipping Services,404-4900471-4290711,,Easy Ship weight handling fees,,Amazon.in,Electronic Transactions (Credit Card/Net Banking/GC),Merchant,,,,0,0,0,0,0,0,0,0,0,0,0,-95.58,0,-95.58,Released,16 Mar 2026 10:25:38 pm UTC
1 Mar 2026 11:50:08 am UTC,26666823292,Shipping Services,407-4065001-1201149,,Easy Ship weight handling fees,,Amazon.in,Cash On Delivery Transactions and Non-Transactional Fees,Merchant,,,,0,0,0,0,0,0,0,0,0,0,0,-71.98,0,-71.98,Released,12 Mar 2026 11:21:25 pm UTC
1 Mar 2026 11:50:15 am UTC,26666823292,Shipping Services,403-0310466-9002725,,Easy Ship weight handling fees,,Amazon.in,Cash On Delivery Transactions and Non-Transactional Fees,Merchant,,,,0,0,0,0,0,0,0,0,0,0,0,-76.7,0,-76.7,Released,12 Mar 2026 8:02:23 pm UTC
1 Mar 2026 12:05:14 pm UTC,26666823292,Order,407-4065001-1201149,HX -MF1200-01-40*40,Homnix Microfiber Cleaning Cloth for Car & Bikes -1200 GSM 40x40cm 1Pcs | Thick Lint & Streak-Free Multipurpose Cloths - Automotive Microfibre Towels,1,amazon.in,Cash On Delivery Transactions and Non-Transactional Fees,Merchant,INDIAN TEHEPHONE INDUSTRY MANKAPUR,UTTAR PRADESH,271302,237.14,0,0,-9.49,11.39,-0.57,-0.57,0,-0.24,0,0,-7.08,0,230.58,Released,12 Mar 2026 6:59:52 am UTC
1 Mar 2026 12:05:14 pm UTC,26751800632,Order,402-9700402-0369123,HX-MF1200-01-40x60,Homnix Microfiber Cloth for Car 1200 GSM 40x60cm 1Pcs ! Twisted Loop Super Absorbent Edgeless Design with Plush Pile and Lint Free Cloth for Drying an,1,amazon.in,Cash On Delivery Transactions and Non-Transactional Fees,Merchant,ASHTA,MAHARASHTRA,416301,284.76,0,0,0,14.24,0,0,-1.42,-0.29,0,0,-7.08,0,290.21,Released,21 Mar 2026 3:38:36 pm UTC
1 Mar 2026 12:05:43 pm UTC,26706757632,Order,406-2487884-4731511,HX -MF1200-01-40*40,Homnix Microfiber Cleaning Cloth for Car & Bikes -1200 GSM 40x40cm 1Pcs | Thick Lint & Streak-Free Multipurpose Cloths - Automotive Microfibre Towels,1,amazon.in,Cash On Delivery Transactions and Non-Transactional Fees,Merchant,RANIKHET,UTTARAKHAND,263651,237.14,0,0,-9.49,11.39,0,0,-1.14,-0.24,0,0,-7.08,0,230.58,Released,14 Mar 2026 6:00:45 am UTC
1 Mar 2026 12:05:43 pm UTC,26706757632,Order,403-0310466-9002725,HX -MF1200-01-40*40,Homnix Microfiber Cleaning Cloth for Car & Bikes -1200 GSM 40x40cm 1Pcs | Thick Lint & Streak-Free Multipurpose Cloths - Automotive Microfibre Towels,1,amazon.in,Cash On Delivery Transactions and Non-Transactional Fees,Merchant,BHADRESWAR,WEST BENGAL,712124,237.14,0,0,0,11.86,0,0,-1.19,-0.25,0,0,-7.08,0,240.48,Released,15 Mar 2026 12:05:29 am UTC
1 Mar 2026 12:05:46 pm UTC,26666823292,Order,171-5995074-3477930,HX-MF1200-01-40x60,Homnix Microfiber Cloth for Car 1200 GSM 40x60cm 1Pcs ! Twisted Loop Super Absorbent Edgeless Design with Plush Pile and Lint Free Cloth for Drying an,1,amazon.in,Cash On Delivery Transactions and Non-Transactional Fees,Merchant,KOTA,RAJASTHAN,324002,284.76,0,0,0,14.24,0,0,-1.42,-0.3,0,0,-7.08,0,290.2,Released,12 Mar 2026 9:52:26 pm UTC
1 Mar 2026 12:06:46 pm UTC,26706526542,Order,404-4900471-4290711,HX-MF1200-01-40x60,Homnix Microfiber Cloth for Car 1200 GSM 40x60cm 1Pcs ! Twisted Loop Super Absorbent Edgeless Design with Plush Pile and Lint Free Cloth for Drying an,3,amazon.in,Electronic Transactions (Credit Card/Net Banking/GC),Merchant,CHENNAI,TAMIL NADU,600089,854.28,0,0,0,42.72,0,0,-4.26,-0.86,0,0,-21.24,0,870.64,Released,14 Mar 2026 6:51:23 am UTC
1 Mar 2026 7:57:43 pm UTC,26666823292,Shipping Services,404-2709845-6569930,,Amazon Easy Ship Weight Handling Fee Reversal,,Amazon.in,Cash On Delivery Transactions and Non-Transactional Fees,,,,,0,0,0,0,0,0,0,0,0,0,0,76.7,0,76.7,Released,12 Mar 2026 11:20:34 pm UTC
1 Mar 2026 8:12:08 pm UTC,26666823292,Refund,404-2709845-6569930,HX-MF1200-01-40x60,Homnix Microfiber Cloth for Car 1200 GSM 40x60cm 1Pcs ! Twisted Loop Super Absorbent Edgeless Design with Plush Pile and Lint Free Cloth for Drying an,1,amazon.in,Cash On Delivery Transactions and Non-Transactional Fees,Merchant,KARNAL,HARYANA,132001,-283.81,0,0,0,-14.19,0,0,1.42,0,0,0,7.08,0,-289.5,Released,12 Mar 2026 10:41:52 pm UTC
1 Mar 2026 11:11:56 pm UTC,26623702792,Shipping Services,406-7595861-8479540,,Amazon Easy Ship Weight Handling Fee Reversal,,Amazon.in,Cash On Delivery Transactions and Non-Transactional Fees,,,,,0,0,0,0,0,0,0,0,0,0,0,76.7,0,76.7,Released,2 Mar 2026 11:55:37 pm UTC
1 Mar 2026 11:26:59 pm UTC,26623702792,Refund,406-7595861-8479540,HX -MF1200-01-40*40,Homnix Microfiber Cleaning Cloth for Car & Bikes -1200 GSM 40x40cm 1Pcs | Thick Lint & Streak-Free Multipurpose Cloths - Automotive Microfibre Towels,1,amazon.in,Cash On Delivery Transactions and Non-Transactional Fees,Merchant,Gurugram,HARYANA,122006,-218.1,0,0,8.72,-10.46,0,0,1.05,0,0,0,7.08,0,-211.71,Released,2 Mar 2026 6:56:39 pm UTC
2 Mar 2026 3:43:33 am UTC,26666823292,Shipping Services,403-7559216-5787512,,Amazon Easy Ship Weight Handling Fee Reversal,,Amazon.in,Cash On Delivery Transactions and Non-Transactional Fees,,,,,0,0,0,0,0,0,0,0,0,0,0,71.98,0,71.98,Released,12 Mar 2026 11:44:38 pm UTC
2 Mar 2026 3:59:13 am UTC,26666823292,Refund,403-7559216-5787512,HX-MF1200-01-40x60,Homnix Microfiber Cloth for Car 1200 GSM 40x60cm 1Pcs ! Twisted Loop Super Absorbent Edgeless Design with Plush Pile and Lint Free Cloth for Drying an,1,amazon.in,Cash On Delivery Transactions and Non-Transactional Fees,Merchant,DABRA,MADHYA PRADESH,475110,-284.76,0,0,0,-14.24,0,0,1.42,0,0,0,7.08,0,-290.5,Released,12 Mar 2026 10:13:08 pm UTC
2 Mar 2026 4:56:59 pm UTC,26666823292,Shipping Services,404-4948797-4022763,,Amazon Easy Ship Weight Handling Fee Reversal,,Amazon.in,Cash On Delivery Transactions and Non-Transactional Fees,,,,,0,0,0,0,0,0,0,0,0,0,0,76.7,0,76.7,Released,8 Mar 2026 9:29:32 pm UTC
2 Mar 2026 5:11:57 pm UTC,26666823292,Refund,404-4948797-4022763,HX-MF1200-01-40x60,Homnix Microfiber Cloth for Car 1200 GSM 40x60cm 1Pcs ! Twisted Loop Super Absorbent Edgeless Design with Plush Pile and Lint Free Cloth for Drying an,1,amazon.in,Cash On Delivery Transactions and Non-Transactional Fees,Merchant,THIRUVANANTHAPURAM,KERALA,695018,-283.81,0,0,0,-14.19,0,0,1.42,0,0,0,7.08,0,-289.5,Released,8 Mar 2026 8:35:08 pm UTC
3 Mar 2026 12:55:23 am UTC,26706757632,Shipping Services,407-2779952-1236315,,Amazon Easy Ship Weight Handling Fee Reversal,,Amazon.in,Cash On Delivery Transactions and Non-Transactional Fees,,,,,0,0,0,0,0,0,0,0,0,0,0,143.96,0,143.96,Released,17 Mar 2026 5:45:43 am UTC
3 Mar 2026 1:10:38 am UTC,26706757632,Refund,407-2779952-1236315,MHX -MF1200-01-40*60,Homnix Microfiber Cloth for Car 1200 GSM 40x60cm 1Pcs ! Twisted Loop Super Absorbent Edgeless Design with Plush Pile and Lint Free Cloth for Drying an,1,amazon.in,Cash On Delivery Transactions and Non-Transactional Fees,Merchant,Bhopal,MADHYA PRADESH,462007,-283.81,0,0,0,-14.19,0,0,1.42,0,0,0,7.08,0,-289.5,Released,17 Mar 2026 5:54:08 am UTC
3 Mar 2026 6:45:29 pm UTC,26623206662,Service Fee,407-5426798-7814769,,Order Cancellation Charge,,Amazon.in,Electronic Transactions (Credit Card/Net Banking/GC),Merchant,,,,0,0,0,0,0,0,0,0,0,0,0,0,0,0,Released,3 Mar 2026 6:45:29 pm UTC
3 Mar 2026 7:13:43 pm UTC,26623206662,Service Fee,404-7915336-6615533,,Order Cancellation Charge,,Amazon.in,Electronic Transactions (Credit Card/Net Banking/GC),Merchant,,,,0,0,0,0,0,0,0,0,0,0,0,0,0,0,Released,3 Mar 2026 7:13:43 pm UTC
3 Mar 2026 7:20:30 pm UTC,26623206662,Service Fee,405-1189861-8737119,,Order Cancellation Charge,,Amazon.in,Electronic Transactions (Credit Card/Net Banking/GC),Merchant,,,,0,0,0,0,0,0,0,0,0,0,0,0,0,0,Released,3 Mar 2026 7:20:30 pm UTC
3 Mar 2026 7:22:51 pm UTC,26623702792,Service Fee,171-6794059-7263517,,Order Cancellation Charge,,Amazon.in,Cash On Delivery Transactions and Non-Transactional Fees,Merchant,,,,0,0,0,0,0,0,0,0,0,0,0,0,0,0,Released,3 Mar 2026 7:22:51 pm UTC
4 Mar 2026 1:58:08 am UTC,26706757632,Shipping Services,405-0042344-8124345,,Amazon Easy Ship Weight Handling Fee Reversal,,Amazon.in,Cash On Delivery Transactions and Non-Transactional Fees,,,,,0,0,0,0,0,0,0,0,0,0,0,76.7,0,76.7,Released,16 Mar 2026 8:22:23 pm UTC
4 Mar 2026 2:13:06 am UTC,26706757632,Refund,405-0042344-8124345,HX-MF1200-001-40x40,"Homnix 1200 GSM Microfiber Cleaning Cloth 40x40 cm - Ultra Thick Double Twist Car Drying Towel, Lint & Streak-Free Microfibre Cloth for Car, Bike, Tru",1,amazon.in,Cash On Delivery Transactions and Non-Transactional Fees,Merchant,VIJAY PORE,JAMMU & KASHMIR,184120,-237.14,0,0,0,-11.86,0,0,1.19,0,0,0,7.08,0,-240.73,Released,16 Mar 2026 6:05:02 pm UTC
4 Mar 2026 7:23:28 pm UTC,26623702792,Service Fee,405-8043430-9685156,,Order Cancellation Charge,,Amazon.in,Cash On Delivery Transactions and Non-Transactional Fees,Merchant,,,,0,0,0,0,0,0,0,0,0,0,0,0,0,0,Released,4 Mar 2026 7:23:28 pm UTC
4 Mar 2026 7:28:55 pm UTC,26623206662,Service Fee,408-9905902-6818741,,Order Cancellation Charge,,Amazon.in,Electronic Transactions (Credit Card/Net Banking/GC),Merchant,,,,0,0,0,0,0,0,0,0,0,0,0,0,0,0,Released,4 Mar 2026 7:28:55 pm UTC
4 Mar 2026 7:30:07 pm UTC,26623702792,Service Fee,404-0802429-7445969,,Order Cancellation Charge,,Amazon.in,Cash On Delivery Transactions and Non-Transactional Fees,Merchant,,,,0,0,0,0,0,0,0,0,0,0,0,-76.29,0,-76.29,Released,4 Mar 2026 7:30:07 pm UTC
4 Mar 2026 7:34:50 pm UTC,26623206662,Service Fee,403-2346472-2346717,,Order Cancellation Charge,,Amazon.in,Electronic Transactions (Credit Card/Net Banking/GC),Merchant,,,,0,0,0,0,0,0,0,0,0,0,0,0,0,0,Released,4 Mar 2026 7:34:50 pm UTC
4 Mar 2026 10:42:23 pm UTC,26706757632,Shipping Services,408-5209036-5217156,,Amazon Easy Ship Weight Handling Fee Reversal,,Amazon.in,Cash On Delivery Transactions and Non-Transactional Fees,,,,,0,0,0,0,0,0,0,0,0,0,0,76.7,0,76.7,Released,14 Mar 2026 9:01:11 pm UTC
4 Mar 2026 10:57:33 pm UTC,26706757632,Refund,408-5209036-5217156,HX-MF1200-01-40x60,Homnix Microfiber Cloth for Car 1200 GSM 40x60cm 1Pcs ! Twisted Loop Super Absorbent Edgeless Design with Plush Pile and Lint Free Cloth for Drying an,1,amazon.in,Cash On Delivery Transactions and Non-Transactional Fees,Merchant,bulandshahr,UTTAR PRADESH,203001,-284.76,0,0,0,-14.24,0.71,0.71,0,0,0,0,7.08,0,-290.5,Released,14 Mar 2026 8:45:58 pm UTC
5 Mar 2026 6:40:51 pm UTC,26623206662,Service Fee,171-0542224-1997126,,Order Cancellation Charge,,Amazon.in,Electronic Transactions (Credit Card/Net Banking/GC),Merchant,,,,0,0,0,0,0,0,0,0,0,0,0,0,0,0,Released,5 Mar 2026 6:40:51 pm UTC
5 Mar 2026 6:41:57 pm UTC,26623206662,Service Fee,403-4950956-6173124,,Order Cancellation Charge,,Amazon.in,Electronic Transactions (Credit Card/Net Banking/GC),Merchant,,,,0,0,0,0,0,0,0,0,0,0,0,0,0,0,Released,5 Mar 2026 6:41:57 pm UTC
5 Mar 2026 6:44:25 pm UTC,26623206662,Service Fee,407-7986331-9197123,,Order Cancellation Charge,,Amazon.in,Electronic Transactions (Credit Card/Net Banking/GC),Merchant,,,,0,0,0,0,0,0,0,0,0,0,0,0,0,0,Released,5 Mar 2026 6:44:25 pm UTC
5 Mar 2026 7:09:12 pm UTC,26623702792,Service Fee,407-4117858-3776355,,Order Cancellation Charge,,Amazon.in,Cash On Delivery Transactions and Non-Transactional Fees,Merchant,,,,0,0,0,0,0,0,0,0,0,0,0,0,0,0,Released,5 Mar 2026 7:09:12 pm UTC
5 Mar 2026 7:12:20 pm UTC,26623206662,Service Fee,405-4469211-5189902,,Order Cancellation Charge,,Amazon.in,Electronic Transactions (Credit Card/Net Banking/GC),Merchant,,,,0,0,0,0,0,0,0,0,0,0,0,0,0,0,Released,5 Mar 2026 7:12:20 pm UTC
5 Mar 2026 7:13:48 pm UTC,26623206662,Service Fee,405-6719542-0373146,,Order Cancellation Charge,,Amazon.in,Electronic Transactions (Credit Card/Net Banking/GC),Merchant,,,,0,0,0,0,0,0,0,0,0,0,0,0,0,0,Released,5 Mar 2026 7:13:48 pm UTC
5 Mar 2026 7:15:51 pm UTC,26623206662,Service Fee,408-4619965-5555517,,Order Cancellation Charge,,Amazon.in,Electronic Transactions (Credit Card/Net Banking/GC),Merchant,,,,0,0,0,0,0,0,0,0,0,0,0,0,0,0,Released,5 Mar 2026 7:15:51 pm UTC
5 Mar 2026 7:17:18 pm UTC,26623702792,Service Fee,407-8894484-2019556,,Order Cancellation Charge,,Amazon.in,Cash On Delivery Transactions and Non-Transactional Fees,Merchant,,,,0,0,0,0,0,0,0,0,0,0,0,0,0,0,Released,5 Mar 2026 7:17:18 pm UTC
5 Mar 2026 7:19:31 pm UTC,26623206662,Service Fee,404-8032903-0969131,,Order Cancellation Charge,,Amazon.in,Electronic Transactions (Credit Card/Net Banking/GC),Merchant,,,,0,0,0,0,0,0,0,0,0,0,0,0,0,0,Released,5 Mar 2026 7:19:31 pm UTC
5 Mar 2026 7:19:57 pm UTC,26623206662,Service Fee,405-2965244-6463566,,Order Cancellation Charge,,Amazon.in,Electronic Transactions (Credit Card/Net Banking/GC),Merchant,,,,0,0,0,0,0,0,0,0,0,0,0,0,0,0,Released,5 Mar 2026 7:19:57 pm UTC
5 Mar 2026 7:20:13 pm UTC,26623206662,Service Fee,402-6564898-2838766,,Order Cancellation Charge,,Amazon.in,Electronic Transactions (Credit Card/Net Banking/GC),Merchant,,,,0,0,0,0,0,0,0,0,0,0,0,0,0,0,Released,5 Mar 2026 7:20:13 pm UTC
5 Mar 2026 7:22:32 pm UTC,26623206662,Service Fee,408-3494694-7145920,,Order Cancellation Charge,,Amazon.in,Electronic Transactions (Credit Card/Net Banking/GC),Merchant,,,,0,0,0,0,0,0,0,0,0,0,0,0,0,0,Released,5 Mar 2026 7:22:32 pm UTC
5 Mar 2026 7:24:33 pm UTC,26623702792,Service Fee,403-3090574-3473958,,Order Cancellation Charge,,Amazon.in,Cash On Delivery Transactions and Non-Transactional Fees,Merchant,,,,0,0,0,0,0,0,0,0,0,0,0,0,0,0,Released,5 Mar 2026 7:24:33 pm UTC
5 Mar 2026 7:25:15 pm UTC,26623206662,Service Fee,404-8257333-8888361,,Order Cancellation Charge,,Amazon.in,Electronic Transactions (Credit Card/Net Banking/GC),Merchant,,,,0,0,0,0,0,0,0,0,0,0,0,0,0,0,Released,5 Mar 2026 7:25:15 pm UTC
5 Mar 2026 9:31:00 pm UTC,26666823292,Shipping Services,402-6925811-4311532,,Amazon Easy Ship Weight Handling Fee Reversal,,Amazon.in,Cash On Delivery Transactions and Non-Transactional Fees,,,,,0,0,0,0,0,0,0,0,0,0,0,76.7,0,76.7,Released,9 Mar 2026 6:50:31 pm UTC
5 Mar 2026 9:46:30 pm UTC,26666823292,Refund,402-6925811-4311532,HX-MF1200-02-40x60,"Homnix Car Cleaning Cloth - 1200gsm 40x60cm 2Pcs Ultra-Absorbent, Scratch-Free, Lint-Free Perfect for Bike Auto Cars Both Interior and Exterior.",1,amazon.in,Cash On Delivery Transactions and Non-Transactional Fees,Merchant,CHENNAI,TAMIL NADU,600069,-608.57,0,0,0,-30.43,0,0,3.04,0,98.02,0,40.12,0,-497.82,Released,9 Mar 2026 6:56:53 pm UTC
6 Mar 2026 7:15:38 am UTC,26666823292,Refund,403-6886269-5509911,HX -MF1200-01-40*40,Homnix Microfiber Cleaning Cloth for Car & Bikes -1200 GSM 40x40cm 1Pcs | Thick Lint & Streak-Free Multipurpose Cloths - Automotive Microfibre Towels,1,amazon.in,Cash On Delivery Transactions and Non-Transactional Fees,Merchant,VADODARA,GUJARAT,390008,-237.14,0,0,0,-11.86,0,0,1.19,0,-53.1,0,0,0,-300.91,Released,11 Mar 2026 9:01:15 am UTC
6 Mar 2026 12:47:09 pm UTC,26751780692,Shipping Services,404-8387186-1207511,,Easy Ship weight handling fees,,Amazon.in,Electronic Transactions (Credit Card/Net Banking/GC),Merchant,,,,0,0,0,0,0,0,0,0,0,0,0,-76.7,0,-76.7,Released,24 Mar 2026 10:41:23 pm UTC
6 Mar 2026 12:47:09 pm UTC,26751800632,Shipping Services,406-5786383-6565148,,Easy Ship weight handling fees,,Amazon.in,Cash On Delivery Transactions and Non-Transactional Fees,Merchant,,,,0,0,0,0,0,0,0,0,0,0,0,-76.7,0,-76.7,Released,21 Mar 2026 9:16:34 pm UTC
6 Mar 2026 12:47:19 pm UTC,26751780692,Shipping Services,402-3649116-2187537,,Easy Ship weight handling fees,,Amazon.in,Electronic Transactions (Credit Card/Net Banking/GC),Merchant,,,,0,0,0,0,0,0,0,0,0,0,0,-76.7,0,-76.7,Released,20 Mar 2026 7:01:10 pm UTC
6 Mar 2026 12:47:19 pm UTC,26751800632,Shipping Services,406-6438632-2609110,,Easy Ship weight handling fees,,Amazon.in,Cash On Delivery Transactions and Non-Transactional Fees,Merchant,,,,0,0,0,0,0,0,0,0,0,0,0,-76.7,0,-76.7,Released,23 Mar 2026 9:16:21 pm UTC
6 Mar 2026 12:47:23 pm UTC,26751780692,Shipping Services,402-9489071-2504330,,Easy Ship weight handling fees,,Amazon.in,Electronic Transactions (Credit Card/Net Banking/GC),Merchant,,,,0,0,0,0,0,0,0,0,0,0,0,-76.7,0,-76.7,Released,23 Mar 2026 9:30:22 pm UTC
6 Mar 2026 12:47:24 pm UTC,26751780692,Shipping Services,405-8085236-9185968,,Easy Ship weight handling fees,,Amazon.in,Electronic Transactions (Credit Card/Net Banking/GC),Merchant,,,,0,0,0,0,0,0,0,0,0,0,0,-76.7,0,-76.7,Released,21 Mar 2026 8:41:37 pm UTC
6 Mar 2026 12:47:34 pm UTC,26751780692,Shipping Services,407-2041957-3059519,,Easy Ship weight handling fees,,Amazon.in,Electronic Transactions (Credit Card/Net Banking/GC),Merchant,,,,0,0,0,0,0,0,0,0,0,0,0,-76.7,0,-76.7,Released,20 Mar 2026 7:26:32 pm UTC
6 Mar 2026 12:47:40 pm UTC,26706757632,Shipping Services,402-4750989-5800328,,Easy Ship weight handling fees,,Amazon.in,Cash On Delivery Transactions and Non-Transactional Fees,Merchant,,,,0,0,0,0,0,0,0,0,0,0,0,-76.7,0,-76.7,Released,20 Mar 2026 12:12:43 am UTC
6 Mar 2026 12:47:42 pm UTC,26751780692,Shipping Services,403-3983221-0662743,,Easy Ship weight handling fees,,Amazon.in,Electronic Transactions (Credit Card/Net Banking/GC),Merchant,,,,0,0,0,0,0,0,0,0,0,0,0,-76.7,0,-76.7,Released,20 Mar 2026 11:48:04 pm UTC
6 Mar 2026 12:47:47 pm UTC,26751780692,Shipping Services,171-4085685-2089967,,Easy Ship weight handling fees,,Amazon.in,Electronic Transactions (Credit Card/Net Banking/GC),Merchant,,,,0,0,0,0,0,0,0,0,0,0,0,-76.7,0,-76.7,Released,20 Mar 2026 10:26:32 pm UTC
6 Mar 2026 12:47:47 pm UTC,26751780692,Shipping Services,407-6905139-6951502,,Easy Ship weight handling fees,,Amazon.in,Electronic Transactions (Credit Card/Net Banking/GC),Merchant,,,,0,0,0,0,0,0,0,0,0,0,0,-76.7,0,-76.7,Released,22 Mar 2026 11:26:08 pm UTC
6 Mar 2026 12:47:48 pm UTC,26706526542,Shipping Services,407-2506427-9483557,,Easy Ship weight handling fees,,Amazon.in,Electronic Transactions (Credit Card/Net Banking/GC),Merchant,,,,0,0,0,0,0,0,0,0,0,0,0,-76.7,0,-76.7,Released,19 Mar 2026 11:59:32 pm UTC
6 Mar 2026 12:47:50 pm UTC,26706757632,Shipping Services,404-2979788-8486721,,Easy Ship weight handling fees,,Amazon.in,Cash On Delivery Transactions and Non-Transactional Fees,Merchant,,,,0,0,0,0,0,0,0,0,0,0,0,-143.96,0,-143.96,Released,19 Mar 2026 9:08:09 pm UTC
6 Mar 2026 12:47:50 pm UTC,26751780692,Shipping Services,407-6798629-7852318,,Easy Ship weight handling fees,,Amazon.in,Electronic Transactions (Credit Card/Net Banking/GC),Merchant,,,,0,0,0,0,0,0,0,0,0,0,0,-76.7,0,-76.7,Released,21 Mar 2026 9:26:36 pm UTC
6 Mar 2026 12:47:50 pm UTC,26706526542,Shipping Services,405-6217095-2511548,,Easy Ship weight handling fees,,Amazon.in,Electronic Transactions (Credit Card/Net Banking/GC),Merchant,,,,0,0,0,0,0,0,0,0,0,0,0,-76.7,0,-76.7,Released,19 Mar 2026 9:48:53 pm UTC
6 Mar 2026 12:47:53 pm UTC,26666945162,Shipping Services,408-1922641-9061904,,Easy Ship weight handling fees,,Amazon.in,Electronic Transactions (Credit Card/Net Banking/GC),Merchant,,,,0,0,0,0,0,0,0,0,0,0,0,-76.7,0,-76.7,Released,7 Mar 2026 10:55:58 pm UTC
6 Mar 2026 12:47:55 pm UTC,26751800632,Shipping Services,402-0553769-2653947,,Easy Ship weight handling fees,,Amazon.in,Cash On Delivery Transactions and Non-Transactional Fees,Merchant,,,,0,0,0,0,0,0,0,0,0,0,0,-76.7,0,-76.7,Released,22 Mar 2026 12:10:47 am UTC
6 Mar 2026 12:47:57 pm UTC,26706757632,Shipping Services,171-8975641-2348323,,Easy Ship weight handling fees,,Amazon.in,Cash On Delivery Transactions and Non-Transactional Fees,Merchant,,,,0,0,0,0,0,0,0,0,0,0,0,-76.7,0,-76.7,Released,19 Mar 2026 9:59:56 pm UTC
6 Mar 2026 12:47:59 pm UTC,26751780692,Shipping Services,404-0120502-6027523,,Easy Ship weight handling fees,,Amazon.in,Electronic Transactions (Credit Card/Net Banking/GC),Merchant,,,,0,0,0,0,0,0,0,0,0,0,0,-76.7,0,-76.7,Released,22 Mar 2026 9:58:19 pm UTC
6 Mar 2026 12:48:00 pm UTC,26751800632,Shipping Services,405-9556501-6194711,,Easy Ship weight handling fees,,Amazon.in,Cash On Delivery Transactions and Non-Transactional Fees,Merchant,,,,0,0,0,0,0,0,0,0,0,0,0,-76.7,0,-76.7,Released,21 Mar 2026 9:18:41 pm UTC
6 Mar 2026 12:48:01 pm UTC,26751780692,Shipping Services,402-6635963-6539529,,Easy Ship weight handling fees,,Amazon.in,Electronic Transactions (Credit Card/Net Banking/GC),Merchant,,,,0,0,0,0,0,0,0,0,0,0,0,-76.7,0,-76.7,Released,20 Mar 2026 8:16:40 pm UTC
6 Mar 2026 12:48:02 pm UTC,26751780692,Shipping Services,405-9744459-1707505,,Easy Ship weight handling fees,,Amazon.in,Electronic Transactions (Credit Card/Net Banking/GC),Merchant,,,,0,0,0,0,0,0,0,0,0,0,0,-76.7,0,-76.7,Released,21 Mar 2026 7:07:27 pm UTC
6 Mar 2026 12:48:02 pm UTC,26751800632,Shipping Services,405-5453486-7475501,,Easy Ship weight handling fees,,Amazon.in,Cash On Delivery Transactions and Non-Transactional Fees,Merchant,,,,0,0,0,0,0,0,0,0,0,0,0,-76.7,0,-76.7,Released,20 Mar 2026 8:55:43 pm UTC
6 Mar 2026 12:48:02 pm UTC,26751800632,Shipping Services,403-7241903-7516301,,Easy Ship weight handling fees,,Amazon.in,Cash On Delivery Transactions and Non-Transactional Fees,Merchant,,,,0,0,0,0,0,0,0,0,0,0,0,-76.7,0,-76.7,Released,22 Mar 2026 9:14:25 pm UTC
6 Mar 2026 1:03:09 pm UTC,26706526542,Order,402-6635963-6539529,HX-MF1200-01-40x60,Homnix Microfiber Cloth for Car 1200 GSM 40x60cm 1Pcs ! Twisted Loop Super Absorbent Edgeless Design with Plush Pile and Lint Free Cloth for Drying an,1,amazon.in,Electronic Transactions (Credit Card/Net Banking/GC),Merchant,AKLUJ,MAHARASHTRA,413101,284.76,0,0,0,14.24,0,0,-1.42,-0.29,0,0,-7.08,0,290.21,Released,18 Mar 2026 4:45:28 pm UTC
6 Mar 2026 1:03:12 pm UTC,26706757632,Order,171-8975641-2348323,HX-MF1200-01-40x60,Homnix Microfiber Cloth for Car 1200 GSM 40x60cm 1Pcs ! Twisted Loop Super Absorbent Edgeless Design with Plush Pile and Lint Free Cloth for Drying an,1,amazon.in,Cash On Delivery Transactions and Non-Transactional Fees,Merchant,NEW DELHI,DELHI,110014,284.76,0,0,0,14.24,0,0,-1.42,-0.3,0,0,-7.08,0,290.2,Released,18 Mar 2026 9:31:55 pm UTC
6 Mar 2026 1:03:12 pm UTC,26751780692,Order,407-6798629-7852318,HX-MF1200-01-40x60,Homnix Microfiber Cloth for Car 1200 GSM 40x60cm 1Pcs ! Twisted Loop Super Absorbent Edgeless Design with Plush Pile and Lint Free Cloth for Drying an,1,amazon.in,Electronic Transactions (Credit Card/Net Banking/GC),Merchant,UDAIPUR,RAJASTHAN,313702,284.76,0,0,-11.39,13.67,0,0,-1.37,-0.28,0,0,-7.08,0,278.31,Released,22 Mar 2026 8:01:49 am UTC
6 Mar 2026 1:03:14 pm UTC,26666823292,Order,408-1922641-9061904,HX-MF1200-02-40x40 4,"Homnix Microfiber Cleaning Cloth for Car, Bike- 1200 GSM 40x40cm 2Pcs |Thick Lint & Streak-Free Multipurpose Cloths - Microfibre Towels for Car Bike C",1,amazon.in,Cash On Delivery Transactions and Non-Transactional Fees,Merchant,KUMARAPURAM,KERALA,690516,0,0,0,0,0,0,0,0,0,0,0,0,0,0,Released,6 Mar 2026 1:03:14 pm UTC
6 Mar 2026 1:03:16 pm UTC,26706526542,Order,404-0120502-6027523,HX-MF1200-01-40x60,Homnix Microfiber Cloth for Car 1200 GSM 40x60cm 1Pcs ! Twisted Loop Super Absorbent Edgeless Design with Plush Pile and Lint Free Cloth for Drying an,2,amazon.in,Electronic Transactions (Credit Card/Net Banking/GC),Merchant,NARASIMHANAICKENPALAYAM,TAMIL NADU,641031,569.52,0,0,0,28.48,0,0,-2.84,-0.57,0,0,-14.16,0,580.43,Released,20 Mar 2026 7:42:12 am UTC
6 Mar 2026 1:03:18 pm UTC,26706526542,Order,407-2041957-3059519,HX-MF1200-01-40x60,Homnix Microfiber Cloth for Car 1200 GSM 40x60cm 1Pcs ! Twisted Loop Super Absorbent Edgeless Design with Plush Pile and Lint Free Cloth for Drying an,1,amazon.in,Electronic Transactions (Credit Card/Net Banking/GC),Merchant,BENGALURU,KARNATAKA,560040,284.76,0,0,0,14.24,0,0,-1.42,-0.29,0,0,-7.08,0,290.21,Released,19 Mar 2026 6:31:35 am UTC
6 Mar 2026 1:03:23 pm UTC,26751780692,Order,405-8085236-9185968,HX-MF1200-01-40x60,Homnix Microfiber Cloth for Car 1200 GSM 40x60cm 1Pcs ! Twisted Loop Super Absorbent Edgeless Design with Plush Pile and Lint Free Cloth for Drying an,2,amazon.in,Electronic Transactions (Credit Card/Net Banking/GC),Merchant,SULUR,TAMIL NADU,641402,569.52,0,0,-22.78,27.34,0,0,-2.74,-0.55,0,0,-14.16,0,556.63,Released,20 Mar 2026 8:14:17 pm UTC
6 Mar 2026 1:03:26 pm UTC,26706757632,Order,405-5453486-7475501,MHX -MF1200-01-40*40,Homnix Microfiber Cleaning Cloth for Car & Bikes -1200 GSM 40x40cm 1Pcs | Thick Lint & Streak-Free Multipurpose Cloths - Automotive Microfibre Towels,1,amazon.in,Cash On Delivery Transactions and Non-Transactional Fees,Merchant,Rajkot,GUJARAT,360004,218.1,0,0,0,10.9,0,0,-1.09,-0.23,0,0,-7.08,0,220.6,Released,19 Mar 2026 4:16:29 pm UTC
6 Mar 2026 1:03:27 pm UTC,26751780692,Order,405-9744459-1707505,HX-MF1200-01-40x60,Homnix Microfiber Cloth for Car 1200 GSM 40x60cm 1Pcs ! Twisted Loop Super Absorbent Edgeless Design with Plush Pile and Lint Free Cloth for Drying an,1,amazon.in,Electronic Transactions (Credit Card/Net Banking/GC),Merchant,ERODE,TAMIL NADU,638112,284.76,0,0,0,14.24,0,0,-1.42,-0.29,0,0,-7.08,0,290.21,Released,20 Mar 2026 8:15:48 pm UTC
6 Mar 2026 1:03:29 pm UTC,26706757632,Order,402-4750989-5800328,HX -MF1200-01-40*40,Homnix Microfiber Cleaning Cloth for Car & Bikes -1200 GSM 40x40cm 1Pcs | Thick Lint & Streak-Free Multipurpose Cloths - Automotive Microfibre Towels,1,amazon.in,Cash On Delivery Transactions and Non-Transactional Fees,Merchant,LUDHIANA,PUNJAB,141010,237.14,0,0,-9.49,11.39,0,0,-1.14,-0.24,0,0,-7.08,0,230.58,Released,18 Mar 2026 5:43:17 am UTC
6 Mar 2026 1:03:30 pm UTC,26706526542,Order,407-2506427-9483557,HX-MF1200-02-40x40 4,"Homnix Microfiber Cleaning Cloth for Car, Bike- 1200 GSM 40x40cm 2Pcs |Thick Lint & Streak-Free Multipurpose Cloths - Microfibre Towels for Car Bike C",1,amazon.in,Electronic Transactions (Credit Card/Net Banking/GC),Merchant,CHAKAN,MAHARASHTRA,410501,427.62,0,0,-17.1,20.52,0,0,-2.05,-0.42,-25.43,0,-12.98,0,390.16,Released,18 Mar 2026 4:27:16 pm UTC
6 Mar 2026 1:03:32 pm UTC,26751780692,Order,402-9489071-2504330,HX -MF1200-01-40*40,Homnix Microfiber Cleaning Cloth for Car & Bikes -1200 GSM 40x40cm 1Pcs | Thick Lint & Streak-Free Multipurpose Cloths - Automotive Microfibre Towels,1,amazon.in,Electronic Transactions (Credit Card/Net Banking/GC),Merchant,SHILLONG,MEGHALAYA,793001,237.14,0,0,0,11.86,0,0,-1.19,-0.24,0,0,-7.08,0,240.49,Released,21 Mar 2026 7:43:02 pm UTC
6 Mar 2026 1:03:39 pm UTC,26706526542,Order,403-3983221-0662743,HX-MF1200-01-40x60,Homnix Microfiber Cloth for Car 1200 GSM 40x60cm 1Pcs ! Twisted Loop Super Absorbent Edgeless Design with Plush Pile and Lint Free Cloth for Drying an,1,amazon.in,Electronic Transactions (Credit Card/Net Banking/GC),Merchant,BENGALURU,KARNATAKA,560050,284.76,0,0,0,14.24,0,0,-1.42,-0.29,0,0,-7.08,0,290.21,Released,19 Mar 2026 8:01:54 am UTC
6 Mar 2026 1:03:40 pm UTC,26751780692,Order,407-6905139-6951502,HX-MF1200-01-40x60,Homnix Microfiber Cloth for Car 1200 GSM 40x60cm 1Pcs ! Twisted Loop Super Absorbent Edgeless Design with Plush Pile and Lint Free Cloth for Drying an,1,amazon.in,Electronic Transactions (Credit Card/Net Banking/GC),Merchant,ASARIPALLAM,TAMIL NADU,629201,284.76,0,0,0,14.24,0,0,-1.42,-0.29,0,0,-7.08,0,290.21,Released,20 Mar 2026 6:38:19 pm UTC
6 Mar 2026 1:03:44 pm UTC,26706526542,Order,404-8387186-1207511,HX-MF1200-01-40x60,Homnix Microfiber Cloth for Car 1200 GSM 40x60cm 1Pcs ! Twisted Loop Super Absorbent Edgeless Design with Plush Pile and Lint Free Cloth for Drying an,1,amazon.in,Electronic Transactions (Credit Card/Net Banking/GC),Merchant,SATPULI,UTTARAKHAND,246172,284.76,0,0,0,14.24,0,0,-1.42,-0.29,0,0,-7.08,0,290.21,Released,20 Mar 2026 6:59:13 am UTC
6 Mar 2026 1:03:46 pm UTC,26706757632,Order,404-2979788-8486721,HX-MF1200-02-40x40 4,"Homnix Microfiber Cleaning Cloth for Car, Bike- 1200 GSM 40x40cm 2Pcs |Thick Lint & Streak-Free Multipurpose Cloths - Microfibre Towels for Car Bike C",2,amazon.in,Cash On Delivery Transactions and Non-Transactional Fees,Merchant,PALWAL,HARYANA,121102,855.24,0,0,-34.2,41.04,0,0,-4.1,-0.84,-50.86,0,-25.96,0,780.32,Released,18 Mar 2026 6:25:09 am UTC
6 Mar 2026 1:03:49 pm UTC,26706526542,Order,171-4085685-2089967,HX-MF1200-01-40x60,Homnix Microfiber Cloth for Car 1200 GSM 40x60cm 1Pcs ! Twisted Loop Super Absorbent Edgeless Design with Plush Pile and Lint Free Cloth for Drying an,1,amazon.in,Electronic Transactions (Credit Card/Net Banking/GC),Merchant,BENGALURU,KARNATAKA,560029,284.76,0,0,0,14.24,0,0,-1.42,-0.29,0,0,-7.08,0,290.21,Released,19 Mar 2026 5:22:46 pm UTC
6 Mar 2026 1:03:50 pm UTC,26706757632,Order,406-6438632-2609110,HX -MF350-05-40*40,"Homnix Multipurpose Microfiber Cleaning Towel Cloth || 350 GSM 40X40 Highly Absorbent Dust Lint Free Towels for All Vehicles Bike, Car, Glass Detailin",1,amazon.in,Cash On Delivery Transactions and Non-Transactional Fees,Merchant,Budgam,JAMMU & KASHMIR,191111,237.14,0,0,0,11.86,0,0,-1.19,-0.25,0,0,-7.08,0,240.48,Released,20 Mar 2026 7:14:48 am UTC
6 Mar 2026 1:03:56 pm UTC,26751800632,Order,405-9556501-6194711,HX-MF1200-01-40x60,Homnix Microfiber Cloth for Car 1200 GSM 40x60cm 1Pcs ! Twisted Loop Super Absorbent Edgeless Design with Plush Pile and Lint Free Cloth for Drying an,1,amazon.in,Cash On Delivery Transactions and Non-Transactional Fees,Merchant,Sundargarh,ODISHA,770001,284.76,0,0,0,14.24,0,0,-1.42,-0.3,0,0,-7.08,0,290.2,Released,21 Mar 2026 4:29:26 am UTC
6 Mar 2026 1:03:59 pm UTC,26706526542,Order,402-3649116-2187537,HX-MF1200-01-40x60,Homnix Microfiber Cloth for Car 1200 GSM 40x60cm 1Pcs ! Twisted Loop Super Absorbent Edgeless Design with Plush Pile and Lint Free Cloth for Drying an,1,amazon.in,Electronic Transactions (Credit Card/Net Banking/GC),Merchant,BENGALURU,KARNATAKA,560098,284.76,0,0,-11.39,13.67,0,0,-1.37,-0.28,0,0,-7.08,0,278.31,Released,19 Mar 2026 3:28:48 am UTC
6 Mar 2026 1:04:02 pm UTC,26751800632,Order,402-0553769-2653947,HX-MF1200-01-40x60,Homnix Microfiber Cloth for Car 1200 GSM 40x60cm 1Pcs ! Twisted Loop Super Absorbent Edgeless Design with Plush Pile and Lint Free Cloth for Drying an,1,amazon.in,Cash On Delivery Transactions and Non-Transactional Fees,Merchant,VENKITANGU,KERALA,680510,284.76,0,0,0,14.24,0,0,-1.42,-0.3,0,0,-7.08,0,290.2,Released,21 Mar 2026 8:04:20 pm UTC
6 Mar 2026 1:04:04 pm UTC,26706526542,Order,405-6217095-2511548,HX-MF1200-01-40x60,Homnix Microfiber Cloth for Car 1200 GSM 40x60cm 1Pcs ! Twisted Loop Super Absorbent Edgeless Design with Plush Pile and Lint Free Cloth for Drying an,1,amazon.in,Electronic Transactions (Credit Card/Net Banking/GC),Merchant,PUNE,MAHARASHTRA,412207,284.76,0,0,-11.39,13.67,0,0,-1.37,-0.28,0,0,-7.08,0,278.31,Released,18 Mar 2026 5:22:03 am UTC
6 Mar 2026 1:04:07 pm UTC,26706757632,Order,403-7241903-7516301,HX-MF1200-01-40x60,Homnix Microfiber Cloth for Car 1200 GSM 40x60cm 1Pcs ! Twisted Loop Super Absorbent Edgeless Design with Plush Pile and Lint Free Cloth for Drying an,2,amazon.in,Cash On Delivery Transactions and Non-Transactional Fees,Merchant,SAGAR,KARNATAKA,577401,569.52,0,0,0,28.48,0,0,-2.84,-0.59,0,0,-14.16,0,580.41,Released,20 Mar 2026 6:38:29 am UTC
6 Mar 2026 1:04:12 pm UTC,26706757632,Order,406-5786383-6565148,HX-MF1200-01-40x60,Homnix Microfiber Cloth for Car 1200 GSM 40x60cm 1Pcs ! Twisted Loop Super Absorbent Edgeless Design with Plush Pile and Lint Free Cloth for Drying an,1,amazon.in,Cash On Delivery Transactions and Non-Transactional Fees,Merchant,KOTTAKAL,KERALA,676501,284.76,0,0,0,14.24,0,0,-1.42,-0.29,0,0,-7.08,0,290.21,Released,20 Mar 2026 5:05:10 am UTC
6 Mar 2026 3:17:31 pm UTC,26666945162,Adjustment,,,Other,,,Electronic Transactions (Credit Card/Net Banking/GC),,,,,0,0,0,0,0,0,0,0,0,0,0,0,147.04,147.04,Released,6 Mar 2026 3:17:31 pm UTC
6 Mar 2026 11:54:28 pm UTC,26666823292,Shipping Services,406-0185374-5399543,,Amazon Easy Ship Weight Handling Fee Reversal,,Amazon.in,Cash On Delivery Transactions and Non-Transactional Fees,,,,,0,0,0,0,0,0,0,0,0,0,0,76.7,0,76.7,Released,12 Mar 2026 6:50:28 pm UTC
7 Mar 2026 12:09:15 am UTC,26666823292,Refund,406-0185374-5399543,HX-MF1200-01-40x60,Homnix Microfiber Cloth for Car 1200 GSM 40x60cm 1Pcs ! Twisted Loop Super Absorbent Edgeless Design with Plush Pile and Lint Free Cloth for Drying an,1,amazon.in,Cash On Delivery Transactions and Non-Transactional Fees,Merchant,Koduvally,KERALA,673572,-284.76,0,0,0,-14.24,0,0,1.42,0,0,0,7.08,0,-290.5,Released,12 Mar 2026 7:22:21 pm UTC
7 Mar 2026 5:14:41 am UTC,26666823292,Transfer,,,To account ending with: 408,,,Cash On Delivery Transactions and Non-Transactional Fees,,,,,0,0,0,0,0,0,0,0,0,0,0,0,"-2,790.32","-2,790.32",Released,7 Mar 2026 5:14:41 am UTC
7 Mar 2026 9:44:16 am UTC,26706757632,Shipping Services,404-2944627-6562704,,Amazon Easy Ship Weight Handling Fee Reversal,,Amazon.in,Cash On Delivery Transactions and Non-Transactional Fees,,,,,0,0,0,0,0,0,0,0,0,0,0,76.7,0,76.7,Released,19 Mar 2026 10:33:44 pm UTC
7 Mar 2026 9:59:18 am UTC,26706757632,Refund,404-2944627-6562704,HX-MF1200-01-40x60,Homnix Microfiber Cloth for Car 1200 GSM 40x60cm 1Pcs ! Twisted Loop Super Absorbent Edgeless Design with Plush Pile and Lint Free Cloth for Drying an,1,amazon.in,Cash On Delivery Transactions and Non-Transactional Fees,Merchant,MAUNATH BHANJAN,UTTAR PRADESH,276402,-284.76,0,0,11.4,-13.68,0.68,0.68,0,0,0,0,7.08,0,-278.6,Released,19 Mar 2026 9:16:50 pm UTC
7 Mar 2026 4:35:42 pm UTC,26706526542,Shipping Services,171-3746756-7693113,,Easy Ship weight handling fees,,Amazon.in,Electronic Transactions (Credit Card/Net Banking/GC),Merchant,,,,0,0,0,0,0,0,0,0,0,0,0,-76.7,0,-76.7,Released,19 Mar 2026 11:42:41 pm UTC
7 Mar 2026 4:50:49 pm UTC,26706526542,Order,171-3746756-7693113,HX-MF1200-01-40x60,Homnix Microfiber Cloth for Car 1200 GSM 40x60cm 1Pcs ! Twisted Loop Super Absorbent Edgeless Design with Plush Pile and Lint Free Cloth for Drying an,1,amazon.in,Electronic Transactions (Credit Card/Net Banking/GC),Merchant,AGRA,UTTAR PRADESH,282005,284.76,0,0,-11.4,13.68,-0.68,-0.68,0,-0.28,0,0,-7.08,0,278.32,Released,19 Mar 2026 4:55:18 am UTC
7 Mar 2026 5:28:47 pm UTC,26751800632,Shipping Services,402-5861348-9135534,,Easy Ship weight handling fees,,Amazon.in,Cash On Delivery Transactions and Non-Transactional Fees,Merchant,,,,0,0,0,0,0,0,0,0,0,0,0,-76.7,0,-76.7,Released,21 Mar 2026 8:20:18 pm UTC
7 Mar 2026 5:28:55 pm UTC,26751800632,Shipping Services,403-8078670-9169910,,Easy Ship weight handling fees,,Amazon.in,Cash On Delivery Transactions and Non-Transactional Fees,Merchant,,,,0,0,0,0,0,0,0,0,0,0,0,-76.7,0,-76.7,Released,20 Mar 2026 7:53:34 pm UTC
7 Mar 2026 5:28:58 pm UTC,26751780692,Shipping Services,402-2252842-6425931,,Easy Ship weight handling fees,,Amazon.in,Electronic Transactions (Credit Card/Net Banking/GC),Merchant,,,,0,0,0,0,0,0,0,0,0,0,0,-76.7,0,-76.7,Released,20 Mar 2026 10:26:53 pm UTC
7 Mar 2026 5:29:05 pm UTC,26751800632,Shipping Services,404-3255821-1239502,,Easy Ship weight handling fees,,Amazon.in,Cash On Delivery Transactions and Non-Transactional Fees,Merchant,,,,0,0,0,0,0,0,0,0,0,0,0,-76.7,0,-76.7,Released,20 Mar 2026 11:39:38 pm UTC
7 Mar 2026 5:29:05 pm UTC,26751800632,Shipping Services,405-7707593-1131544,,Easy Ship weight handling fees,,Amazon.in,Cash On Delivery Transactions and Non-Transactional Fees,Merchant,,,,0,0,0,0,0,0,0,0,0,0,0,-76.7,0,-76.7,Released,21 Mar 2026 9:55:41 pm UTC
7 Mar 2026 5:29:07 pm UTC,26751780692,Shipping Services,171-9348441-8932308,,Easy Ship weight handling fees,,Amazon.in,Electronic Transactions (Credit Card/Net Banking/GC),Merchant,,,,0,0,0,0,0,0,0,0,0,0,0,-76.7,0,-76.7,Released,22 Mar 2026 7:34:21 pm UTC
7 Mar 2026 5:29:17 pm UTC,26751780692,Shipping Services,408-9811254-2652315,,Easy Ship weight handling fees,,Amazon.in,Electronic Transactions (Credit Card/Net Banking/GC),Merchant,,,,0,0,0,0,0,0,0,0,0,0,0,-76.7,0,-76.7,Released,20 Mar 2026 9:41:51 pm UTC
7 Mar 2026 5:29:28 pm UTC,26706526542,Shipping Services,404-7948148-7716308,,Easy Ship weight handling fees,,Amazon.in,Electronic Transactions (Credit Card/Net Banking/GC),Merchant,,,,0,0,0,0,0,0,0,0,0,0,0,-76.7,0,-76.7,Released,18 Mar 2026 11:05:36 pm UTC
7 Mar 2026 5:29:37 pm UTC,26751800632,Shipping Services,402-0774531-2268346,,Easy Ship weight handling fees,,Amazon.in,Cash On Delivery Transactions and Non-Transactional Fees,Merchant,,,,0,0,0,0,0,0,0,0,0,0,0,-76.7,0,-76.7,Released,22 Mar 2026 6:49:28 pm UTC
7 Mar 2026 5:29:43 pm UTC,26751780692,Shipping Services,405-3256103-0185125,,Easy Ship weight handling fees,,Amazon.in,Electronic Transactions (Credit Card/Net Banking/GC),Merchant,,,,0,0,0,0,0,0,0,0,0,0,0,-76.7,0,-76.7,Released,21 Mar 2026 9:55:41 pm UTC
7 Mar 2026 5:44:54 pm UTC,26751780692,Order,408-9811254-2652315,HX -MF1200-01-40*40,Homnix Microfiber Cleaning Cloth for Car & Bikes -1200 GSM 40x40cm 1Pcs | Thick Lint & Streak-Free Multipurpose Cloths - Automotive Microfibre Towels,1,amazon.in,Electronic Transactions (Credit Card/Net Banking/GC),Merchant,JAMSHEDPUR,JHARKHAND,832110,237.14,0,0,-9.49,11.39,0,0,-1.14,-0.24,0,0,-7.08,0,230.58,Released,21 Mar 2026 8:40:24 pm UTC
7 Mar 2026 5:44:54 pm UTC,26706526542,Order,402-2252842-6425931,HX-MF1200-01-40x60,Homnix Microfiber Cloth for Car 1200 GSM 40x60cm 1Pcs ! Twisted Loop Super Absorbent Edgeless Design with Plush Pile and Lint Free Cloth for Drying an,1,amazon.in,Electronic Transactions (Credit Card/Net Banking/GC),Merchant,Medchal,TELANGANA,501401,284.76,0,0,0,14.24,0,0,-1.42,-0.29,0,0,-7.08,0,290.21,Released,20 Mar 2026 7:03:15 am UTC
7 Mar 2026 5:45:02 pm UTC,26751800632,Order,402-0774531-2268346,HX-MF1200-01-40x60,Homnix Microfiber Cloth for Car 1200 GSM 40x60cm 1Pcs ! Twisted Loop Super Absorbent Edgeless Design with Plush Pile and Lint Free Cloth for Drying an,1,amazon.in,Cash On Delivery Transactions and Non-Transactional Fees,Merchant,PERUMBAVOOR,KERALA,683547,284.76,0,0,-11.39,13.67,0,0,-1.37,-0.28,0,0,-7.08,0,278.31,Released,22 Mar 2026 11:57:35 pm UTC
7 Mar 2026 5:45:10 pm UTC,26706526542,Order,404-7948148-7716308,HX-MF1200-01-40x60,Homnix Microfiber Cloth for Car 1200 GSM 40x60cm 1Pcs ! Twisted Loop Super Absorbent Edgeless Design with Plush Pile and Lint Free Cloth for Drying an,1,amazon.in,Electronic Transactions (Credit Card/Net Banking/GC),Merchant,Lucknow,UTTAR PRADESH,226031,284.76,0,0,0,14.24,-0.71,-0.71,0,-0.29,0,0,-7.08,0,290.21,Released,18 Mar 2026 6:44:35 am UTC
7 Mar 2026 5:45:12 pm UTC,26751780692,Order,171-9348441-8932308,HX -MF1200-01-40*40,Homnix Microfiber Cleaning Cloth for Car & Bikes -1200 GSM 40x40cm 1Pcs | Thick Lint & Streak-Free Multipurpose Cloths - Automotive Microfibre Towels,1,amazon.in,Electronic Transactions (Credit Card/Net Banking/GC),Merchant,Chennai,TAMIL NADU,600033,237.14,0,0,0,11.86,0,0,-1.19,-0.24,0,0,-7.08,0,240.49,Released,20 Mar 2026 11:22:37 pm UTC
7 Mar 2026 5:45:19 pm UTC,26751800632,Order,402-5861348-9135534,HX-MF1200-01-40x60,Homnix Microfiber Cloth for Car 1200 GSM 40x60cm 1Pcs ! Twisted Loop Super Absorbent Edgeless Design with Plush Pile and Lint Free Cloth for Drying an,1,amazon.in,Cash On Delivery Transactions and Non-Transactional Fees,Merchant,Gondpipri,MAHARASHTRA,442702,284.76,0,0,0,14.24,0,0,-1.42,-0.3,0,0,-7.08,0,290.2,Released,23 Mar 2026 11:43:55 pm UTC
7 Mar 2026 5:45:21 pm UTC,26751800632,Order,403-8078670-9169910,HX-MF1200-01-40x60,Homnix Microfiber Cloth for Car 1200 GSM 40x60cm 1Pcs ! Twisted Loop Super Absorbent Edgeless Design with Plush Pile and Lint Free Cloth for Drying an,1,amazon.in,Cash On Delivery Transactions and Non-Transactional Fees,Merchant,BENGALURU,KARNATAKA,560074,284.76,0,0,0,14.24,0,0,-1.42,-0.3,0,0,-7.08,0,290.2,Released,20 Mar 2026 11:41:38 pm UTC
7 Mar 2026 5:45:24 pm UTC,26751780692,Order,405-3256103-0185125,HX-MF1200-01-40x60,Homnix Microfiber Cloth for Car 1200 GSM 40x60cm 1Pcs ! Twisted Loop Super Absorbent Edgeless Design with Plush Pile and Lint Free Cloth for Drying an,1,amazon.in,Electronic Transactions (Credit Card/Net Banking/GC),Merchant,VAPI,GUJARAT,396195,284.76,0,0,-11.39,13.67,0,0,-1.37,-0.28,0,0,-7.08,0,278.31,Released,21 Mar 2026 7:10:26 am UTC
7 Mar 2026 5:45:36 pm UTC,26706757632,Order,404-3255821-1239502,HX-MF1200-01-40x60,Homnix Microfiber Cloth for Car 1200 GSM 40x60cm 1Pcs ! Twisted Loop Super Absorbent Edgeless Design with Plush Pile and Lint Free Cloth for Drying an,1,amazon.in,Cash On Delivery Transactions and Non-Transactional Fees,Merchant,NASHIK,MAHARASHTRA,422004,284.76,0,0,-11.39,13.67,0,0,-1.37,-0.28,0,0,-7.08,0,278.31,Released,20 Mar 2026 7:46:29 am UTC
7 Mar 2026 5:45:41 pm UTC,26751800632,Order,405-7707593-1131544,HX-MF1200-01-40x60,Homnix Microfiber Cloth for Car 1200 GSM 40x60cm 1Pcs ! Twisted Loop Super Absorbent Edgeless Design with Plush Pile and Lint Free Cloth for Drying an,1,amazon.in,Cash On Delivery Transactions and Non-Transactional Fees,Merchant,JASIDIH,JHARKHAND,814142,284.76,0,0,0,14.24,0,0,-1.42,-0.3,0,0,-7.08,0,290.2,Released,21 Mar 2026 10:06:23 pm UTC
7 Mar 2026 5:48:08 pm UTC,26751800632,Shipping Services,403-6786787-4497937,,Easy Ship weight handling fees,,Amazon.in,Cash On Delivery Transactions and Non-Transactional Fees,Merchant,,,,0,0,0,0,0,0,0,0,0,0,0,-76.7,0,-76.7,Released,20 Mar 2026 7:09:41 pm UTC
7 Mar 2026 6:03:43 pm UTC,26751800632,Order,403-6786787-4497937,HX-MF1200-01-40x60,Homnix Microfiber Cloth for Car 1200 GSM 40x60cm 1Pcs ! Twisted Loop Super Absorbent Edgeless Design with Plush Pile and Lint Free Cloth for Drying an,1,amazon.in,Cash On Delivery Transactions and Non-Transactional Fees,Merchant,"New panvel west ,navi Mumbai",MAHARASHTRA,410206,284.76,0,0,0,14.24,0,0,-1.42,-0.29,0,0,-7.08,0,290.21,Released,20 Mar 2026 8:15:16 pm UTC
8 Mar 2026 5:43:49 am UTC,26666945162,Transfer,,,To account ending with: 408,,,Electronic Transactions (Credit Card/Net Banking/GC),,,,,0,0,0,0,0,0,0,0,0,0,0,0,"-4,658.23","-4,658.23",Released,8 Mar 2026 5:43:49 am UTC
8 Mar 2026 10:47:14 am UTC,26751800632,Shipping Services,405-3877034-2017930,,Easy Ship weight handling fees,,Amazon.in,Cash On Delivery Transactions and Non-Transactional Fees,Merchant,,,,0,0,0,0,0,0,0,0,0,0,0,-71.98,0,-71.98,Released,22 Mar 2026 10:54:46 pm UTC
8 Mar 2026 10:47:20 am UTC,26751780692,Shipping Services,406-1520655-1247552,,Easy Ship weight handling fees,,Amazon.in,Electronic Transactions (Credit Card/Net Banking/GC),Merchant,,,,0,0,0,0,0,0,0,0,0,0,0,-71.98,0,-71.98,Released,23 Mar 2026 11:49:22 pm UTC
8 Mar 2026 10:47:39 am UTC,26751800632,Shipping Services,405-2279250-9141153,,Easy Ship weight handling fees,,Amazon.in,Cash On Delivery Transactions and Non-Transactional Fees,Merchant,,,,0,0,0,0,0,0,0,0,0,0,0,-71.98,0,-71.98,Released,24 Mar 2026 9:04:02 pm UTC
8 Mar 2026 10:47:41 am UTC,26751780692,Shipping Services,403-1954276-8233158,,Easy Ship weight handling fees,,Amazon.in,Electronic Transactions (Credit Card/Net Banking/GC),Merchant,,,,0,0,0,0,0,0,0,0,0,0,0,-71.98,0,-71.98,Released,22 Mar 2026 10:59:09 pm UTC
8 Mar 2026 10:47:42 am UTC,26751800632,Shipping Services,404-3567835-1935521,,Easy Ship weight handling fees,,Amazon.in,Cash On Delivery Transactions and Non-Transactional Fees,Merchant,,,,0,0,0,0,0,0,0,0,0,0,0,-71.98,0,-71.98,Released,23 Mar 2026 10:09:07 pm UTC
8 Mar 2026 10:47:46 am UTC,26751800632,Shipping Services,407-0827735-1151502,,Easy Ship weight handling fees,,Amazon.in,Cash On Delivery Transactions and Non-Transactional Fees,Merchant,,,,0,0,0,0,0,0,0,0,0,0,0,-71.98,0,-71.98,Released,23 Mar 2026 10:31:37 pm UTC
8 Mar 2026 10:47:51 am UTC,26751780692,Shipping Services,402-9447990-1857909,,Easy Ship weight handling fees,,Amazon.in,Electronic Transactions (Credit Card/Net Banking/GC),Merchant,,,,0,0,0,0,0,0,0,0,0,0,0,-71.98,0,-71.98,Released,24 Mar 2026 11:15:33 pm UTC
8 Mar 2026 11:02:51 am UTC,26751800632,Order,405-2279250-9141153,HX-MF1200-01-40x60,Homnix Microfiber Cloth for Car 1200 GSM 40x60cm 1Pcs ! Twisted Loop Super Absorbent Edgeless Design with Plush Pile and Lint Free Cloth for Drying an,1,amazon.in,Cash On Delivery Transactions and Non-Transactional Fees,Merchant,NEYYATTINKARA,KERALA,695122,284.76,0,0,0,14.24,0,0,-1.42,-0.3,0,0,-7.08,0,290.2,Released,23 Mar 2026 8:23:21 am UTC
8 Mar 2026 11:03:05 am UTC,26751780692,Order,402-9447990-1857909,HX-MF1200-02-40x60,"Homnix Car Cleaning Cloth - 1200gsm 40x60cm 2Pcs Ultra-Absorbent, Scratch-Free, Lint-Free Perfect for Bike Auto Cars Both Interior and Exterior.",1,amazon.in,Electronic Transactions (Credit Card/Net Banking/GC),Merchant,KALYAN,MAHARASHTRA,400612,608.57,0,0,0,30.43,0,0,-3.04,-0.61,-98.02,0,-40.12,0,497.21,Released,26 Mar 2026 4:51:26 pm UTC
8 Mar 2026 11:03:11 am UTC,26751800632,Order,404-3567835-1935521,HX-MF1200-01-40x60,Homnix Microfiber Cloth for Car 1200 GSM 40x60cm 1Pcs ! Twisted Loop Super Absorbent Edgeless Design with Plush Pile and Lint Free Cloth for Drying an,1,amazon.in,Cash On Delivery Transactions and Non-Transactional Fees,Merchant,MALAPPURAM,KERALA,679327,284.76,0,0,0,14.24,0,0,-1.42,-0.3,0,0,-7.08,0,290.2,Released,23 Mar 2026 8:49:47 pm UTC
8 Mar 2026 11:03:17 am UTC,26751800632,Order,407-0827735-1151502,HX-CarDetergentTableat-10,HOMNIX Car Accessories 10PCS/1Set Car Wiper Detergent Effervescent Tablets Washer Auto Windshield Cleaner Glass Wash Cleaning Compact Concentrated Too,1,amazon.in,Cash On Delivery Transactions and Non-Transactional Fees,Merchant,UDAIPUR,RAJASTHAN,313001,113.33,0,0,0,5.67,0,0,-0.57,-0.12,0,0,-7.08,0,111.23,Released,21 Mar 2026 7:51:01 am UTC
8 Mar 2026 11:03:27 am UTC,26751780692,Order,403-1954276-8233158,HX-MF1200-01-40x60,Homnix Microfiber Cloth for Car 1200 GSM 40x60cm 1Pcs ! Twisted Loop Super Absorbent Edgeless Design with Plush Pile and Lint Free Cloth for Drying an,1,amazon.in,Electronic Transactions (Credit Card/Net Banking/GC),Merchant,SURAT,GUJARAT,394210,284.76,0,0,0,14.24,0,0,-1.42,-0.29,0,0,-7.08,0,290.21,Released,21 Mar 2026 10:24:19 pm UTC
8 Mar 2026 11:03:36 am UTC,26751800632,Order,405-3877034-2017930,HX-MF1200-01-40x60,Homnix Microfiber Cloth for Car 1200 GSM 40x60cm 1Pcs ! Twisted Loop Super Absorbent Edgeless Design with Plush Pile and Lint Free Cloth for Drying an,1,amazon.in,Cash On Delivery Transactions and Non-Transactional Fees,Merchant,BENGALURU,KARNATAKA,560026,284.76,0,0,0,14.24,0,0,-1.42,-0.3,0,0,-7.08,0,290.2,Released,21 Mar 2026 7:00:15 am UTC
8 Mar 2026 11:04:29 am UTC,26751780692,Order,406-1520655-1247552,HX-MF1200-01-40x60,Homnix Microfiber Cloth for Car 1200 GSM 40x60cm 1Pcs ! Twisted Loop Super Absorbent Edgeless Design with Plush Pile and Lint Free Cloth for Drying an,1,amazon.in,Electronic Transactions (Credit Card/Net Banking/GC),Merchant,Kalamassery,KERALA,683104,284.76,0,0,0,14.24,0,0,-1.42,-0.29,0,0,-7.08,0,290.21,Released,22 Mar 2026 5:30:12 am UTC
9 Mar 2026 1:24:21 am UTC,26751800632,Shipping Services,402-9700402-0369123,,Amazon Easy Ship Weight Handling Fee Reversal,,Amazon.in,Cash On Delivery Transactions and Non-Transactional Fees,,,,,0,0,0,0,0,0,0,0,0,0,0,71.98,0,71.98,Released,21 Mar 2026 2:52:03 pm UTC
9 Mar 2026 1:40:09 am UTC,26751800632,Refund,402-9700402-0369123,HX-MF1200-01-40x60,Homnix Microfiber Cloth for Car 1200 GSM 40x60cm 1Pcs ! Twisted Loop Super Absorbent Edgeless Design with Plush Pile and Lint Free Cloth for Drying an,1,amazon.in,Cash On Delivery Transactions and Non-Transactional Fees,Merchant,ASHTA,MAHARASHTRA,416301,-284.76,0,0,0,-14.24,0,0,1.42,0,0,0,7.08,0,-290.5,Released,21 Mar 2026 9:52:36 pm UTC
9 Mar 2026 7:36:44 pm UTC,26666945162,Service Fee,402-7249974-1670752,,Order Cancellation Charge,,Amazon.in,Electronic Transactions (Credit Card/Net Banking/GC),Merchant,,,,0,0,0,0,0,0,0,0,0,0,0,0,0,0,Released,9 Mar 2026 7:36:44 pm UTC
10 Mar 2026 6:43:00 am UTC,26751780692,Shipping Services,404-7287960-6100363,,Easy Ship weight handling fees,,Amazon.in,Electronic Transactions (Credit Card/Net Banking/GC),Merchant,,,,0,0,0,0,0,0,0,0,0,0,0,-76.7,0,-76.7,Released,23 Mar 2026 7:43:43 pm UTC
10 Mar 2026 6:43:01 am UTC,26751800632,Shipping Services,404-4173663-9210729,,Easy Ship weight handling fees,,Amazon.in,Cash On Delivery Transactions and Non-Transactional Fees,Merchant,,,,0,0,0,0,0,0,0,0,0,0,0,-76.7,0,-76.7,Released,23 Mar 2026 8:38:25 pm UTC
10 Mar 2026 6:43:03 am UTC,26751780692,Shipping Services,404-7978865-0140369,,Easy Ship weight handling fees,,Amazon.in,Electronic Transactions (Credit Card/Net Banking/GC),Merchant,,,,0,0,0,0,0,0,0,0,0,0,0,-76.7,0,-76.7,Released,23 Mar 2026 7:08:10 pm UTC
10 Mar 2026 6:43:06 am UTC,26751780692,Shipping Services,405-3192914-0221929,,Easy Ship weight handling fees,,Amazon.in,Electronic Transactions (Credit Card/Net Banking/GC),Merchant,,,,0,0,0,0,0,0,0,0,0,0,0,-76.7,0,-76.7,Released,23 Mar 2026 6:48:28 pm UTC
10 Mar 2026 6:43:15 am UTC,26751800632,Shipping Services,405-3766336-2529147,,Easy Ship weight handling fees,,Amazon.in,Cash On Delivery Transactions and Non-Transactional Fees,Merchant,,,,0,0,0,0,0,0,0,0,0,0,0,-76.7,0,-76.7,Released,23 Mar 2026 6:48:53 pm UTC
10 Mar 2026 6:43:16 am UTC,26751780692,Shipping Services,404-0597996-8983567,,Easy Ship weight handling fees,,Amazon.in,Electronic Transactions (Credit Card/Net Banking/GC),Merchant,,,,0,0,0,0,0,0,0,0,0,0,0,-76.7,0,-76.7,Released,23 Mar 2026 10:29:09 pm UTC
10 Mar 2026 6:43:18 am UTC,26751780692,Shipping Services,403-1809248-9221130,,Easy Ship weight handling fees,,Amazon.in,Electronic Transactions (Credit Card/Net Banking/GC),Merchant,,,,0,0,0,0,0,0,0,0,0,0,0,-76.7,0,-76.7,Released,24 Mar 2026 8:48:03 pm UTC
10 Mar 2026 6:43:22 am UTC,26751800632,Shipping Services,171-9612011-0258710,,Easy Ship weight handling fees,,Amazon.in,Cash On Delivery Transactions and Non-Transactional Fees,Merchant,,,,0,0,0,0,0,0,0,0,0,0,0,-76.7,0,-76.7,Released,23 Mar 2026 6:49:36 pm UTC
10 Mar 2026 6:43:23 am UTC,26751780692,Shipping Services,407-5393752-7367537,,Easy Ship weight handling fees,,Amazon.in,Electronic Transactions (Credit Card/Net Banking/GC),Merchant,,,,0,0,0,0,0,0,0,0,0,0,0,-76.7,0,-76.7,Released,23 Mar 2026 8:22:06 pm UTC
10 Mar 2026 6:43:34 am UTC,26751780692,Shipping Services,403-9394922-1088364,,Easy Ship weight handling fees,,Amazon.in,Electronic Transactions (Credit Card/Net Banking/GC),Merchant,,,,0,0,0,0,0,0,0,0,0,0,0,-76.7,0,-76.7,Released,23 Mar 2026 9:52:44 pm UTC
10 Mar 2026 6:43:34 am UTC,26751800632,Shipping Services,408-7265514-3396356,,Easy Ship weight handling fees,,Amazon.in,Cash On Delivery Transactions and Non-Transactional Fees,Merchant,,,,0,0,0,0,0,0,0,0,0,0,0,-76.7,0,-76.7,Released,22 Mar 2026 9:07:22 pm UTC
10 Mar 2026 6:43:36 am UTC,26751800632,Shipping Services,404-8760727-1657148,,Easy Ship weight handling fees,,Amazon.in,Cash On Delivery Transactions and Non-Transactional Fees,Merchant,,,,0,0,0,0,0,0,0,0,0,0,0,-76.7,0,-76.7,Released,22 Mar 2026 6:48:48 pm UTC
10 Mar 2026 6:43:40 am UTC,26751780692,Shipping Services,403-4703040-8509942,,Easy Ship weight handling fees,,Amazon.in,Electronic Transactions (Credit Card/Net Banking/GC),Merchant,,,,0,0,0,0,0,0,0,0,0,0,0,-76.7,0,-76.7,Released,25 Mar 2026 11:13:00 pm UTC
10 Mar 2026 6:43:43 am UTC,26751800632,Shipping Services,403-9583205-6735524,,Easy Ship weight handling fees,,Amazon.in,Cash On Delivery Transactions and Non-Transactional Fees,Merchant,,,,0,0,0,0,0,0,0,0,0,0,0,-76.7,0,-76.7,Released,24 Mar 2026 6:55:59 pm UTC
10 Mar 2026 6:43:50 am UTC,26751800632,Shipping Services,407-2861628-8847561,,Easy Ship weight handling fees,,Amazon.in,Cash On Delivery Transactions and Non-Transactional Fees,Merchant,,,,0,0,0,0,0,0,0,0,0,0,0,-76.7,0,-76.7,Released,25 Mar 2026 10:02:15 pm UTC
10 Mar 2026 6:43:50 am UTC,26795520702,Shipping Services,171-3292505-2310742,,Easy Ship weight handling fees,,Amazon.in,Cash On Delivery Transactions and Non-Transactional Fees,Merchant,,,,0,0,0,0,0,0,0,0,0,0,0,-76.7,0,-76.7,Released,27 Mar 2026 8:35:27 pm UTC
10 Mar 2026 6:50:40 am UTC,26751800632,Shipping Services,403-1524602-7625910,,Easy Ship weight handling fees,,Amazon.in,Cash On Delivery Transactions and Non-Transactional Fees,Merchant,,,,0,0,0,0,0,0,0,0,0,0,0,-76.7,0,-76.7,Released,25 Mar 2026 6:53:33 pm UTC
10 Mar 2026 6:50:47 am UTC,26751780692,Shipping Services,403-3813458-7876300,,Easy Ship weight handling fees,,Amazon.in,Electronic Transactions (Credit Card/Net Banking/GC),Merchant,,,,0,0,0,0,0,0,0,0,0,0,0,-76.7,0,-76.7,Released,24 Mar 2026 6:57:39 pm UTC
10 Mar 2026 6:50:58 am UTC,26751800632,Shipping Services,407-4330649-7644312,,Easy Ship weight handling fees,,Amazon.in,Cash On Delivery Transactions and Non-Transactional Fees,Merchant,,,,0,0,0,0,0,0,0,0,0,0,0,-76.7,0,-76.7,Released,22 Mar 2026 6:51:24 pm UTC
10 Mar 2026 6:51:02 am UTC,26751800632,Shipping Services,405-8100510-6116324,,Easy Ship weight handling fees,,Amazon.in,Cash On Delivery Transactions and Non-Transactional Fees,Merchant,,,,0,0,0,0,0,0,0,0,0,0,0,-76.7,0,-76.7,Released,23 Mar 2026 6:58:18 pm UTC
10 Mar 2026 6:58:54 am UTC,26751800632,Order,408-7265514-3396356,HX -MF1200-01-40*40,Homnix Microfiber Cleaning Cloth for Car & Bikes -1200 GSM 40x40cm 1Pcs | Thick Lint & Streak-Free Multipurpose Cloths - Automotive Microfibre Towels,1,amazon.in,Cash On Delivery Transactions and Non-Transactional Fees,Merchant,NABHA,PUNJAB,147201,237.14,0,0,-9.49,11.39,0,0,-1.14,-0.24,0,0,-7.08,0,230.58,Released,22 Mar 2026 9:14:30 pm UTC
10 Mar 2026 6:58:56 am UTC,26751800632,Order,171-9612011-0258710,HX-MF1200-01-40x60,Homnix Microfiber Cloth for Car 1200 GSM 40x60cm 1Pcs ! Twisted Loop Super Absorbent Edgeless Design with Plush Pile and Lint Free Cloth for Drying an,1,amazon.in,Cash On Delivery Transactions and Non-Transactional Fees,Merchant,SULTANPUR,UTTAR PRADESH,228161,284.76,0,0,0,14.24,-0.71,-0.71,0,-0.3,0,0,-7.08,0,290.2,Released,22 Mar 2026 6:19:23 am UTC
10 Mar 2026 6:58:58 am UTC,26751800632,Order,171-3292505-2310742,HX-MF1200-02-40x40 4,"Homnix Microfiber Cleaning Cloth for Car, Bike- 1200 GSM 40x40cm 2Pcs |Thick Lint & Streak-Free Multipurpose Cloths - Microfibre Towels for Car Bike C",1,amazon.in,Cash On Delivery Transactions and Non-Transactional Fees,Merchant,Kollam,KERALA,691522,427.62,0,0,0,21.38,0,0,-2.14,-0.44,-26.49,0,-12.98,0,406.95,Released,24 Mar 2026 7:50:11 am UTC
10 Mar 2026 6:59:01 am UTC,26795520702,Order,403-9583205-6735524,HX-MF1200-01-40x60,Homnix Microfiber Cloth for Car 1200 GSM 40x60cm 1Pcs ! Twisted Loop Super Absorbent Edgeless Design with Plush Pile and Lint Free Cloth for Drying an,1,amazon.in,Cash On Delivery Transactions and Non-Transactional Fees,Merchant,BELTANGADI,KARNATAKA,574242,284.76,0,0,-11.39,13.67,0,0,-1.37,-0.28,0,0,-7.08,0,278.31,Released,29 Mar 2026 8:55:03 pm UTC
10 Mar 2026 6:59:11 am UTC,26795520702,Order,405-3766336-2529147,HX -MF1200-01-40*40,Homnix Microfiber Cleaning Cloth for Car & Bikes -1200 GSM 40x40cm 1Pcs | Thick Lint & Streak-Free Multipurpose Cloths - Automotive Microfibre Towels,1,amazon.in,Cash On Delivery Transactions and Non-Transactional Fees,Merchant,GURUGRAM,HARYANA,122001,237.14,0,0,-9.49,11.39,0,0,-1.14,-0.24,0,0,-7.08,0,230.58,Released,29 Mar 2026 11:47:55 pm UTC
10 Mar 2026 6:59:11 am UTC,26751780692,Order,403-4703040-8509942,HX-MF1200-01-40x60,Homnix Microfiber Cloth for Car 1200 GSM 40x60cm 1Pcs ! Twisted Loop Super Absorbent Edgeless Design with Plush Pile and Lint Free Cloth for Drying an,1,amazon.in,Electronic Transactions (Credit Card/Net Banking/GC),Merchant,JAIPUR,RAJASTHAN,303602,284.76,0,0,-11.39,13.67,0,0,-1.37,-0.28,0,0,-7.08,0,278.31,Released,24 Mar 2026 7:49:02 am UTC
10 Mar 2026 6:59:12 am UTC,26751780692,Order,405-3192914-0221929,HX-MF1200-01-40x60,Homnix Microfiber Cloth for Car 1200 GSM 40x60cm 1Pcs ! Twisted Loop Super Absorbent Edgeless Design with Plush Pile and Lint Free Cloth for Drying an,1,amazon.in,Electronic Transactions (Credit Card/Net Banking/GC),Merchant,BANKURA,WEST BENGAL,722101,284.76,0,0,-11.39,13.67,0,0,-1.37,-0.28,0,0,-7.08,0,278.31,Released,23 Mar 2026 9:04:40 pm UTC
10 Mar 2026 6:59:16 am UTC,26751780692,Order,404-0597996-8983567,MHX -MF1200-01-40*60,Homnix Microfiber Cloth for Car 1200 GSM 40x60cm 1Pcs ! Twisted Loop Super Absorbent Edgeless Design with Plush Pile and Lint Free Cloth for Drying an,1,amazon.in,Electronic Transactions (Credit Card/Net Banking/GC),Merchant,BHOPAL,MADHYA PRADESH,462047,283.81,0,0,0,14.19,0,0,-1.42,-0.29,0,0,-7.08,0,289.21,Released,23 Mar 2026 5:23:05 am UTC
10 Mar 2026 6:59:17 am UTC,26751780692,Order,407-5393752-7367537,HX-MF1200-001-40x60,"Homnix 1200 GSM Microfiber Car Cleaning Cloth 40x60 cm - Ultra Absorbent Double Twist Car Drying Towel, Lint-Free & Scratch-Free Cloth for Car, Bike,",1,amazon.in,Electronic Transactions (Credit Card/Net Banking/GC),Merchant,Gurugram,HARYANA,122004,284.76,0,0,0,14.24,0,0,-1.42,-0.29,0,0,-7.08,0,290.21,Released,21 Mar 2026 11:02:05 am UTC
10 Mar 2026 6:59:18 am UTC,26795520702,Order,407-2861628-8847561,HX -MF1200-01-40*40,Homnix Microfiber Cleaning Cloth for Car & Bikes -1200 GSM 40x40cm 1Pcs | Thick Lint & Streak-Free Multipurpose Cloths - Automotive Microfibre Towels,1,amazon.in,Cash On Delivery Transactions and Non-Transactional Fees,Merchant,AURANGABAD,MAHARASHTRA,431133,237.14,0,0,0,11.86,0,0,-1.19,-0.25,0,0,-7.08,0,240.48,Released,30 Mar 2026 12:07:24 am UTC
10 Mar 2026 6:59:29 am UTC,26751780692,Order,403-9394922-1088364,HX -MF1200-01-40*40,Homnix Microfiber Cleaning Cloth for Car & Bikes -1200 GSM 40x40cm 1Pcs | Thick Lint & Streak-Free Multipurpose Cloths - Automotive Microfibre Towels,1,amazon.in,Electronic Transactions (Credit Card/Net Banking/GC),Merchant,DHANBAD,JHARKHAND,826004,237.14,0,0,0,11.86,0,0,-1.19,-0.25,0,0,-7.08,0,240.48,Released,24 Mar 2026 3:41:30 am UTC
10 Mar 2026 6:59:29 am UTC,26751800632,Order,404-8760727-1657148,HX-MF1200-01-40x60,Homnix Microfiber Cloth for Car 1200 GSM 40x60cm 1Pcs ! Twisted Loop Super Absorbent Edgeless Design with Plush Pile and Lint Free Cloth for Drying an,1,amazon.in,Cash On Delivery Transactions and Non-Transactional Fees,Merchant,JAIPUR,RAJASTHAN,302029,284.76,0,0,0,14.24,0,0,-1.42,-0.3,0,0,-7.08,0,290.2,Released,21 Mar 2026 11:09:47 am UTC
10 Mar 2026 6:59:33 am UTC,26751780692,Order,404-7978865-0140369,HX-MF1200-01-40x60,Homnix Microfiber Cloth for Car 1200 GSM 40x60cm 1Pcs ! Twisted Loop Super Absorbent Edgeless Design with Plush Pile and Lint Free Cloth for Drying an,1,amazon.in,Electronic Transactions (Credit Card/Net Banking/GC),Merchant,VADODARA,GUJARAT,390021,284.76,0,0,0,14.24,0,0,-1.42,-0.29,0,0,-7.08,0,290.21,Released,23 Mar 2026 9:56:57 pm UTC
10 Mar 2026 6:59:40 am UTC,26751780692,Order,404-7287960-6100363,HX-MF1200-01-40x60,Homnix Microfiber Cloth for Car 1200 GSM 40x60cm 1Pcs ! Twisted Loop Super Absorbent Edgeless Design with Plush Pile and Lint Free Cloth for Drying an,1,amazon.in,Electronic Transactions (Credit Card/Net Banking/GC),Merchant,KHATIMA,UTTARAKHAND,262308,284.76,0,0,-11.39,13.67,0,0,-1.37,-0.28,0,0,-7.08,0,278.31,Released,22 Mar 2026 8:25:00 am UTC
10 Mar 2026 6:59:51 am UTC,26795520702,Order,404-4173663-9210729,HX -MF1200-01-40*40,Homnix Microfiber Cleaning Cloth for Car & Bikes -1200 GSM 40x40cm 1Pcs | Thick Lint & Streak-Free Multipurpose Cloths - Automotive Microfibre Towels,1,amazon.in,Cash On Delivery Transactions and Non-Transactional Fees,Merchant,BENGALURU,KARNATAKA,560013,237.14,0,0,-9.49,11.39,0,0,-1.14,-0.23,0,0,-7.08,0,230.59,Released,28 Mar 2026 6:47:46 am UTC
10 Mar 2026 7:00:00 am UTC,26751780692,Order,403-1809248-9221130,HX-MF1200-01-40x60,Homnix Microfiber Cloth for Car 1200 GSM 40x60cm 1Pcs ! Twisted Loop Super Absorbent Edgeless Design with Plush Pile and Lint Free Cloth for Drying an,1,amazon.in,Electronic Transactions (Credit Card/Net Banking/GC),Merchant,THIRUVANANTHAPURAM,KERALA,695005,284.76,0,0,-11.39,13.67,0,0,-1.37,-0.28,0,0,-7.08,0,278.31,Released,24 Mar 2026 5:25:26 am UTC
10 Mar 2026 7:06:09 am UTC,26751800632,Order,405-8100510-6116324,HX -MF1200-01-40*40,Homnix Microfiber Cleaning Cloth for Car & Bikes -1200 GSM 40x40cm 1Pcs | Thick Lint & Streak-Free Multipurpose Cloths - Automotive Microfibre Towels,1,amazon.in,Cash On Delivery Transactions and Non-Transactional Fees,Merchant,KURUKSHETRA,HARYANA,136118,237.14,0,0,0,11.86,0,0,-1.19,-0.25,0,0,-7.08,0,240.48,Released,23 Mar 2026 4:37:48 am UTC
10 Mar 2026 7:06:45 am UTC,26751800632,Order,407-4330649-7644312,HX-MF1200-01-40x60,Homnix Microfiber Cloth for Car 1200 GSM 40x60cm 1Pcs ! Twisted Loop Super Absorbent Edgeless Design with Plush Pile and Lint Free Cloth for Drying an,1,amazon.in,Cash On Delivery Transactions and Non-Transactional Fees,Merchant,MOHALI,PUNJAB,140301,284.76,0,0,-11.39,13.67,0,0,-1.37,-0.28,0,0,-7.08,0,278.31,Released,22 Mar 2026 10:07:52 pm UTC
10 Mar 2026 7:06:59 am UTC,26751780692,Order,403-3813458-7876300,HX-MF1200-01-40x60,Homnix Microfiber Cloth for Car 1200 GSM 40x60cm 1Pcs ! Twisted Loop Super Absorbent Edgeless Design with Plush Pile and Lint Free Cloth for Drying an,1,amazon.in,Electronic Transactions (Credit Card/Net Banking/GC),Merchant,Andipatti Jakkampatti,TAMIL NADU,625512,284.76,0,0,-11.39,13.67,0,0,-1.37,-0.28,0,0,-7.08,0,278.31,Released,24 Mar 2026 7:53:33 am UTC
10 Mar 2026 7:07:46 am UTC,26751800632,Order,403-1524602-7625910,HX-MF1200-01-40x60,Homnix Microfiber Cloth for Car 1200 GSM 40x60cm 1Pcs ! Twisted Loop Super Absorbent Edgeless Design with Plush Pile and Lint Free Cloth for Drying an,1,amazon.in,Cash On Delivery Transactions and Non-Transactional Fees,Merchant,THODUPUZHA,KERALA,685588,284.76,0,0,0,14.24,0,0,-1.42,-0.3,0,0,-7.08,0,290.2,Released,27 Mar 2026 12:17:55 am UTC
10 Mar 2026 8:33:00 am UTC,26706526542,Refund,404-4900471-4290711,HX-MF1200-01-40x60,Homnix Microfiber Cloth for Car 1200 GSM 40x60cm 1Pcs ! Twisted Loop Super Absorbent Edgeless Design with Plush Pile and Lint Free Cloth for Drying an,3,amazon.in,Electronic Transactions (Credit Card/Net Banking/GC),Merchant,CHENNAI,TAMIL NADU,600089,-854.28,0,0,0,-42.72,0,0,4.26,0,-159.3,0,0,0,"-1,052.04",Released,14 Mar 2026 6:44:22 am UTC
11 Mar 2026 6:36:31 pm UTC,26666945162,Service Fee,407-1501100-4192348,,Order Cancellation Charge,,Amazon.in,Electronic Transactions (Credit Card/Net Banking/GC),Merchant,,,,0,0,0,0,0,0,0,0,0,0,0,0,0,0,Released,11 Mar 2026 6:36:31 pm UTC
11 Mar 2026 6:40:58 pm UTC,26666823292,Service Fee,402-5869854-6506724,,Order Cancellation Charge,,Amazon.in,Cash On Delivery Transactions and Non-Transactional Fees,Merchant,,,,0,0,0,0,0,0,0,0,0,0,0,0,0,0,Released,11 Mar 2026 6:40:58 pm UTC
11 Mar 2026 6:41:36 pm UTC,26666945162,Service Fee,406-6430345-7243525,,Order Cancellation Charge,,Amazon.in,Electronic Transactions (Credit Card/Net Banking/GC),Merchant,,,,0,0,0,0,0,0,0,0,0,0,0,-39.74,0,-39.74,Released,11 Mar 2026 6:41:36 pm UTC
11 Mar 2026 6:45:24 pm UTC,26666945162,Service Fee,403-8546716-4054722,,Order Cancellation Charge,,Amazon.in,Electronic Transactions (Credit Card/Net Banking/GC),Merchant,,,,0,0,0,0,0,0,0,0,0,0,0,0,0,0,Released,11 Mar 2026 6:45:24 pm UTC
11 Mar 2026 6:49:56 pm UTC,26666823292,Service Fee,171-8136689-1413132,,Order Cancellation Charge,,Amazon.in,Cash On Delivery Transactions and Non-Transactional Fees,Merchant,,,,0,0,0,0,0,0,0,0,0,0,0,0,0,0,Released,11 Mar 2026 6:49:56 pm UTC
11 Mar 2026 6:52:15 pm UTC,26666823292,Service Fee,407-1671982-2904301,,Order Cancellation Charge,,Amazon.in,Cash On Delivery Transactions and Non-Transactional Fees,Merchant,,,,0,0,0,0,0,0,0,0,0,0,0,0,0,0,Released,11 Mar 2026 6:52:15 pm UTC
11 Mar 2026 6:57:13 pm UTC,26666823292,Service Fee,406-3728501-6771516,,Order Cancellation Charge,,Amazon.in,Cash On Delivery Transactions and Non-Transactional Fees,Merchant,,,,0,0,0,0,0,0,0,0,0,0,0,0,0,0,Released,11 Mar 2026 6:57:13 pm UTC
11 Mar 2026 7:08:13 pm UTC,26666823292,Service Fee,407-1718311-1849112,,Order Cancellation Charge,,Amazon.in,Cash On Delivery Transactions and Non-Transactional Fees,Merchant,,,,0,0,0,0,0,0,0,0,0,0,0,0,0,0,Released,11 Mar 2026 7:08:13 pm UTC
11 Mar 2026 7:10:54 pm UTC,26666823292,Service Fee,406-6184140-9394722,,Order Cancellation Charge,,Amazon.in,Cash On Delivery Transactions and Non-Transactional Fees,Merchant,,,,0,0,0,0,0,0,0,0,0,0,0,-139.69,0,-139.69,Released,11 Mar 2026 7:10:54 pm UTC
11 Mar 2026 7:14:43 pm UTC,26666945162,Service Fee,406-8051637-6225159,,Order Cancellation Charge,,Amazon.in,Electronic Transactions (Credit Card/Net Banking/GC),Merchant,,,,0,0,0,0,0,0,0,0,0,0,0,0,0,0,Released,11 Mar 2026 7:14:43 pm UTC
11 Mar 2026 7:14:55 pm UTC,26666823292,Service Fee,171-7347612-3789922,,Order Cancellation Charge,,Amazon.in,Cash On Delivery Transactions and Non-Transactional Fees,Merchant,,,,0,0,0,0,0,0,0,0,0,0,0,0,0,0,Released,11 Mar 2026 7:14:55 pm UTC
12 Mar 2026 12:41:08 am UTC,26795520702,Shipping Services,404-4173663-9210729,,Amazon Easy Ship Weight Handling Fee Reversal,,Amazon.in,Cash On Delivery Transactions and Non-Transactional Fees,,,,,0,0,0,0,0,0,0,0,0,0,0,76.7,0,76.7,Released,28 Mar 2026 6:40:29 am UTC
12 Mar 2026 12:56:55 am UTC,26795520702,Refund,404-4173663-9210729,HX -MF1200-01-40*40,Homnix Microfiber Cleaning Cloth for Car & Bikes -1200 GSM 40x40cm 1Pcs | Thick Lint & Streak-Free Multipurpose Cloths - Automotive Microfibre Towels,1,amazon.in,Cash On Delivery Transactions and Non-Transactional Fees,Merchant,BENGALURU,KARNATAKA,560013,-237.14,0,0,9.49,-11.39,0,0,1.14,0,0,0,7.08,0,-230.82,Released,28 Mar 2026 7:00:49 am UTC
12 Mar 2026 9:49:12 am UTC,26706526542,Refund,405-6217095-2511548,HX-MF1200-01-40x60,Homnix Microfiber Cloth for Car 1200 GSM 40x60cm 1Pcs ! Twisted Loop Super Absorbent Edgeless Design with Plush Pile and Lint Free Cloth for Drying an,1,amazon.in,Electronic Transactions (Credit Card/Net Banking/GC),Merchant,PUNE,MAHARASHTRA,412207,-284.76,0,0,11.39,-13.67,0,0,1.37,0,-53.1,0,0,0,-338.77,Released,18 Mar 2026 5:32:06 am UTC
12 Mar 2026 11:50:17 am UTC,26666823292,Reimbursements,407-2333885-3612315,HX -MF350-04-40*40,Reimbursement issued for lost or damaged package,1,amazon.in,Cash On Delivery Transactions and Non-Transactional Fees,Merchant,,,,0,0,0,0,0,0,0,0,0,0,0,0,121.17,121.17,Released,12 Mar 2026 11:50:17 am UTC
12 Mar 2026 12:24:05 pm UTC,26751780692,Shipping Services,404-9637085-0387504,,Easy Ship weight handling fees,,Amazon.in,Electronic Transactions (Credit Card/Net Banking/GC),Merchant,,,,0,0,0,0,0,0,0,0,0,0,0,-76.7,0,-76.7,Released,26 Mar 2026 9:53:31 pm UTC
12 Mar 2026 12:24:11 pm UTC,26796197452,Shipping Services,406-3586049-2088303,,Easy Ship weight handling fees,,Amazon.in,Electronic Transactions (Credit Card/Net Banking/GC),Merchant,,,,0,0,0,0,0,0,0,0,0,0,0,-76.7,0,-76.7,Released,30 Mar 2026 11:52:11 pm UTC
12 Mar 2026 12:24:13 pm UTC,26751800632,Shipping Services,406-1834924-9941120,,Easy Ship weight handling fees,,Amazon.in,Cash On Delivery Transactions and Non-Transactional Fees,Merchant,,,,0,0,0,0,0,0,0,0,0,0,0,-76.7,0,-76.7,Released,26 Mar 2026 7:22:50 pm UTC
12 Mar 2026 12:24:14 pm UTC,26751780692,Shipping Services,405-6730300-0914763,,Easy Ship weight handling fees,,Amazon.in,Electronic Transactions (Credit Card/Net Banking/GC),Merchant,,,,0,0,0,0,0,0,0,0,0,0,0,-76.7,0,-76.7,Released,23 Mar 2026 11:36:59 pm UTC
12 Mar 2026 12:24:24 pm UTC,26879605242,Shipping Services,407-2039284-2032366,,Easy Ship weight handling fees,,Amazon.in,Electronic Transactions (Credit Card/Net Banking/GC),Merchant,,,,0,0,0,0,0,0,0,0,0,0,0,-76.7,0,-76.7,Released,13 Apr 2026 10:16:18 pm UTC
12 Mar 2026 12:24:25 pm UTC,26751800632,Shipping Services,407-1446723-1115563,,Easy Ship weight handling fees,,Amazon.in,Cash On Delivery Transactions and Non-Transactional Fees,Merchant,,,,0,0,0,0,0,0,0,0,0,0,0,-76.7,0,-76.7,Released,25 Mar 2026 7:09:05 pm UTC
12 Mar 2026 12:24:25 pm UTC,26751780692,Shipping Services,403-3198491-0993968,,Easy Ship weight handling fees,,Amazon.in,Electronic Transactions (Credit Card/Net Banking/GC),Merchant,,,,0,0,0,0,0,0,0,0,0,0,0,-76.7,0,-76.7,Released,25 Mar 2026 11:48:29 pm UTC
12 Mar 2026 12:24:26 pm UTC,26751780692,Shipping Services,408-9003335-7347569,,Easy Ship weight handling fees,,Amazon.in,Electronic Transactions (Credit Card/Net Banking/GC),Merchant,,,,0,0,0,0,0,0,0,0,0,0,0,-224.2,0,-224.2,Released,26 Mar 2026 10:56:24 pm UTC
12 Mar 2026 12:24:30 pm UTC,26751780692,Shipping Services,171-1172718-0351569,,Easy Ship weight handling fees,,Amazon.in,Electronic Transactions (Credit Card/Net Banking/GC),Merchant,,,,0,0,0,0,0,0,0,0,0,0,0,-76.7,0,-76.7,Released,25 Mar 2026 10:47:03 pm UTC
12 Mar 2026 12:24:33 pm UTC,26751800632,Shipping Services,405-0074695-8029900,,Easy Ship weight handling fees,,Amazon.in,Cash On Delivery Transactions and Non-Transactional Fees,Merchant,,,,0,0,0,0,0,0,0,0,0,0,0,-76.7,0,-76.7,Released,25 Mar 2026 7:07:56 pm UTC
12 Mar 2026 12:24:38 pm UTC,26751780692,Shipping Services,408-7841005-0384327,,Easy Ship weight handling fees,,Amazon.in,Electronic Transactions (Credit Card/Net Banking/GC),Merchant,,,,0,0,0,0,0,0,0,0,0,0,0,-76.7,0,-76.7,Released,25 Mar 2026 11:37:22 pm UTC
12 Mar 2026 12:24:40 pm UTC,26751800632,Shipping Services,403-6671023-8201966,,Easy Ship weight handling fees,,Amazon.in,Cash On Delivery Transactions and Non-Transactional Fees,Merchant,,,,0,0,0,0,0,0,0,0,0,0,0,-76.7,0,-76.7,Released,26 Mar 2026 9:18:30 pm UTC
12 Mar 2026 12:24:43 pm UTC,26751780692,Shipping Services,408-0920951-8173128,,Easy Ship weight handling fees,,Amazon.in,Electronic Transactions (Credit Card/Net Banking/GC),Merchant,,,,0,0,0,0,0,0,0,0,0,0,0,-76.7,0,-76.7,Released,25 Mar 2026 11:28:47 pm UTC
12 Mar 2026 12:24:44 pm UTC,26751780692,Shipping Services,405-6053359-9385127,,Easy Ship weight handling fees,,Amazon.in,Electronic Transactions (Credit Card/Net Banking/GC),Merchant,,,,0,0,0,0,0,0,0,0,0,0,0,-76.7,0,-76.7,Released,24 Mar 2026 10:33:26 pm UTC
12 Mar 2026 12:24:45 pm UTC,26751800632,Shipping Services,407-4292799-5217149,,Easy Ship weight handling fees,,Amazon.in,Cash On Delivery Transactions and Non-Transactional Fees,Merchant,,,,0,0,0,0,0,0,0,0,0,0,0,-76.7,0,-76.7,Released,26 Mar 2026 9:50:23 pm UTC
12 Mar 2026 12:24:47 pm UTC,26751800632,Shipping Services,408-8276130-9589115,,Easy Ship weight handling fees,,Amazon.in,Cash On Delivery Transactions and Non-Transactional Fees,Merchant,,,,0,0,0,0,0,0,0,0,0,0,0,-76.7,0,-76.7,Released,25 Mar 2026 7:18:07 pm UTC
12 Mar 2026 12:24:48 pm UTC,26795520702,Shipping Services,407-7764315-5629120,,Easy Ship weight handling fees,,Amazon.in,Cash On Delivery Transactions and Non-Transactional Fees,Merchant,,,,0,0,0,0,0,0,0,0,0,0,0,-76.7,0,-76.7,Released,28 Mar 2026 7:17:52 pm UTC
12 Mar 2026 12:24:48 pm UTC,26795520702,Shipping Services,404-8978653-3214766,,Easy Ship weight handling fees,,Amazon.in,Cash On Delivery Transactions and Non-Transactional Fees,Merchant,,,,0,0,0,0,0,0,0,0,0,0,0,-76.7,0,-76.7,Released,27 Mar 2026 9:45:58 pm UTC
12 Mar 2026 12:24:55 pm UTC,26751800632,Shipping Services,408-9502353-0360330,,Easy Ship weight handling fees,,Amazon.in,Cash On Delivery Transactions and Non-Transactional Fees,Merchant,,,,0,0,0,0,0,0,0,0,0,0,0,-76.7,0,-76.7,Released,25 Mar 2026 8:15:55 pm UTC
12 Mar 2026 12:24:57 pm UTC,26751800632,Shipping Services,404-4192060-8163551,,Easy Ship weight handling fees,,Amazon.in,Cash On Delivery Transactions and Non-Transactional Fees,Merchant,,,,0,0,0,0,0,0,0,0,0,0,0,-76.7,0,-76.7,Released,25 Mar 2026 7:17:52 pm UTC
12 Mar 2026 12:26:30 pm UTC,26796197452,Shipping Services,171-7194402-6979538,,Easy Ship weight handling fees,,Amazon.in,Electronic Transactions (Credit Card/Net Banking/GC),Merchant,,,,0,0,0,0,0,0,0,0,0,0,0,-224.2,0,-224.2,Released,27 Mar 2026 11:30:18 pm UTC
12 Mar 2026 12:40:01 pm UTC,26751800632,Order,403-6671023-8201966,HX -MF1200-01-40*40,Homnix Microfiber Cleaning Cloth for Car & Bikes -1200 GSM 40x40cm 1Pcs | Thick Lint & Streak-Free Multipurpose Cloths - Automotive Microfibre Towels,1,amazon.in,Cash On Delivery Transactions and Non-Transactional Fees,Merchant,AMRITSAR,PUNJAB,143105,237.14,0,0,0,11.86,0,0,-1.19,-0.25,0,0,-7.08,0,240.48,Released,24 Mar 2026 9:14:33 pm UTC
12 Mar 2026 12:40:06 pm UTC,26751800632,Order,405-0074695-8029900,HX-MF1200-01-40x60,Homnix Microfiber Cloth for Car 1200 GSM 40x60cm 1Pcs ! Twisted Loop Super Absorbent Edgeless Design with Plush Pile and Lint Free Cloth for Drying an,1,amazon.in,Cash On Delivery Transactions and Non-Transactional Fees,Merchant,AMRITSAR,PUNJAB,143006,284.76,0,0,0,14.24,0,0,-1.42,-0.3,0,0,-7.08,0,290.2,Released,24 Mar 2026 9:29:04 pm UTC
12 Mar 2026 12:40:08 pm UTC,26751780692,Order,408-9003335-7347569,HX-CarWashDuster-01,Homnix Car Duster - Lint-Free & Scratch-Free Car Cleaner Brush with Long Handle - Car Dust Cleaner Features Paraffin Wax Coating for 2X Better Cleanin,1,amazon.in,Electronic Transactions (Credit Card/Net Banking/GC),Merchant,PATIALA,PUNJAB,147002,665.71,0,0,0,33.29,0,0,-3.33,-0.67,-107.23,0,-40.12,0,547.65,Released,24 Mar 2026 8:28:15 pm UTC
12 Mar 2026 12:40:10 pm UTC,26796197452,Order,407-2039284-2032366,HX-MF1200-01-40x60,Homnix Microfiber Cloth for Car 1200 GSM 40x60cm 1Pcs ! Twisted Loop Super Absorbent Edgeless Design with Plush Pile and Lint Free Cloth for Drying an,1,amazon.in,Electronic Transactions (Credit Card/Net Banking/GC),Merchant,TIRUCHIRAPPALLI,TAMIL NADU,621007,284.76,0,0,-14.24,13.53,0,0,-1.35,-0.28,0,0,-7.08,0,275.34,Released,30 Mar 2026 6:25:49 am UTC
12 Mar 2026 12:40:11 pm UTC,26751780692,Order,408-7841005-0384327,HX-MF1200-01-40x60,Homnix Microfiber Cloth for Car 1200 GSM 40x60cm 1Pcs ! Twisted Loop Super Absorbent Edgeless Design with Plush Pile and Lint Free Cloth for Drying an,1,amazon.in,Electronic Transactions (Credit Card/Net Banking/GC),Merchant,NEW DELHI,DELHI,110018,284.76,0,0,-14.24,13.53,0,0,-1.35,-0.28,0,0,-7.08,0,275.34,Released,23 Mar 2026 6:36:59 am UTC
12 Mar 2026 12:40:11 pm UTC,26751800632,Order,407-4292799-5217149,MHX-CarWashGlove-01,"Homnix Chenille Microfiber Car Wash Mitt - Scratch Free, Double Sided & Extra Plush Washing Glove - Super Absorbent Cleaning Tool for Cars, Bikes & SU",1,amazon.in,Cash On Delivery Transactions and Non-Transactional Fees,Merchant,MAHESANA,GUJARAT,384330,237.14,0,0,0,11.86,0,0,-1.19,-0.25,0,0,-7.08,0,240.48,Released,26 Mar 2026 11:23:35 pm UTC
12 Mar 2026 12:40:13 pm UTC,26751780692,Order,408-0920951-8173128,HX-MF1200-01-40x60,Homnix Microfiber Cloth for Car 1200 GSM 40x60cm 1Pcs ! Twisted Loop Super Absorbent Edgeless Design with Plush Pile and Lint Free Cloth for Drying an,1,amazon.in,Electronic Transactions (Credit Card/Net Banking/GC),Merchant,NEW DELHI,DELHI,110018,284.76,0,0,-14.24,13.53,0,0,-1.35,-0.28,0,0,-7.08,0,275.34,Released,23 Mar 2026 6:59:29 am UTC
12 Mar 2026 12:40:17 pm UTC,26796197452,Order,405-6730300-0914763,HX -MF1200-01-40*40,Homnix Microfiber Cleaning Cloth for Car & Bikes -1200 GSM 40x40cm 1Pcs | Thick Lint & Streak-Free Multipurpose Cloths - Automotive Microfibre Towels,1,amazon.in,Electronic Transactions (Credit Card/Net Banking/GC),Merchant,MOTIHARI,BIHAR,845401,237.14,0,0,-11.86,11.27,0,0,-1.13,-0.23,0,0,-7.08,0,228.11,Released,27 Mar 2026 11:15:21 pm UTC
12 Mar 2026 12:40:18 pm UTC,26751780692,Order,404-9637085-0387504,HX-MF1200-01-40x60,Homnix Microfiber Cloth for Car 1200 GSM 40x60cm 1Pcs ! Twisted Loop Super Absorbent Edgeless Design with Plush Pile and Lint Free Cloth for Drying an,1,amazon.in,Electronic Transactions (Credit Card/Net Banking/GC),Merchant,JAMMU,JAMMU & KASHMIR,180010,284.76,0,0,0,14.24,0,0,-1.42,-0.29,0,0,-7.08,0,290.21,Released,26 Mar 2026 12:02:12 am UTC
12 Mar 2026 12:40:21 pm UTC,26751800632,Order,408-9502353-0360330,HX-MF1200-01-40x60,Homnix Microfiber Cloth for Car 1200 GSM 40x60cm 1Pcs ! Twisted Loop Super Absorbent Edgeless Design with Plush Pile and Lint Free Cloth for Drying an,1,amazon.in,Cash On Delivery Transactions and Non-Transactional Fees,Merchant,RIICO INDUSTRIAL AREA NEEMRANA,RAJASTHAN,301705,284.76,0,0,0,14.24,0,0,-1.42,-0.3,0,0,-7.08,0,290.2,Released,25 Mar 2026 10:23:30 pm UTC
12 Mar 2026 12:40:25 pm UTC,26751800632,Order,408-8276130-9589115,HX-MF1200-01-40x60,Homnix Microfiber Cloth for Car 1200 GSM 40x60cm 1Pcs ! Twisted Loop Super Absorbent Edgeless Design with Plush Pile and Lint Free Cloth for Drying an,1,amazon.in,Cash On Delivery Transactions and Non-Transactional Fees,Merchant,MORBI,GUJARAT,363642,284.76,0,0,0,14.24,0,0,-1.42,-0.3,0,0,-7.08,0,290.2,Released,25 Mar 2026 9:59:29 pm UTC
12 Mar 2026 12:40:25 pm UTC,26751800632,Order,407-1446723-1115563,HX-MF1200-01-40x60,Homnix Microfiber Cloth for Car 1200 GSM 40x60cm 1Pcs ! Twisted Loop Super Absorbent Edgeless Design with Plush Pile and Lint Free Cloth for Drying an,1,amazon.in,Cash On Delivery Transactions and Non-Transactional Fees,Merchant,LUDHIANA,PUNJAB,141007,284.76,0,0,-14.24,13.53,0,0,-1.35,-0.28,0,0,-7.08,0,275.34,Released,24 Mar 2026 8:19:08 am UTC
12 Mar 2026 12:40:29 pm UTC,26751780692,Order,405-6053359-9385127,HX -MF1200-01-40*40,Homnix Microfiber Cleaning Cloth for Car & Bikes -1200 GSM 40x40cm 1Pcs | Thick Lint & Streak-Free Multipurpose Cloths - Automotive Microfibre Towels,1,amazon.in,Electronic Transactions (Credit Card/Net Banking/GC),Merchant,KOLKATA,WEST BENGAL,700015,237.14,0,0,-11.86,11.27,0,0,-1.13,-0.23,0,0,-7.08,0,228.11,Released,25 Mar 2026 5:43:52 am UTC
12 Mar 2026 12:40:29 pm UTC,26751780692,Order,403-3198491-0993968,HX-MF1200-01-40x60,Homnix Microfiber Cloth for Car 1200 GSM 40x60cm 1Pcs ! Twisted Loop Super Absorbent Edgeless Design with Plush Pile and Lint Free Cloth for Drying an,1,amazon.in,Electronic Transactions (Credit Card/Net Banking/GC),Merchant,LUDHIANA,PUNJAB,141003,284.76,0,0,-14.24,13.53,0,0,-1.35,-0.28,0,0,-7.08,0,275.34,Released,24 Mar 2026 5:01:05 am UTC
12 Mar 2026 12:40:31 pm UTC,26751780692,Order,171-1172718-0351569,HX-MF1200-01-40x60,Homnix Microfiber Cloth for Car 1200 GSM 40x60cm 1Pcs ! Twisted Loop Super Absorbent Edgeless Design with Plush Pile and Lint Free Cloth for Drying an,1,amazon.in,Electronic Transactions (Credit Card/Net Banking/GC),Merchant,Pathankot,PUNJAB,145001,284.76,0,0,0,14.24,0,0,-1.42,-0.29,0,0,-7.08,0,290.21,Released,24 Mar 2026 7:47:26 am UTC
12 Mar 2026 12:40:34 pm UTC,26751800632,Order,404-4192060-8163551,HX-MF1200-01-40x60,Homnix Microfiber Cloth for Car 1200 GSM 40x60cm 1Pcs ! Twisted Loop Super Absorbent Edgeless Design with Plush Pile and Lint Free Cloth for Drying an,1,amazon.in,Cash On Delivery Transactions and Non-Transactional Fees,Merchant,JAIPUR,RAJASTHAN,302012,284.76,0,0,-14.24,13.53,0,0,-1.35,-0.28,0,0,-7.08,0,275.34,Released,23 Mar 2026 6:26:35 am UTC
12 Mar 2026 12:40:34 pm UTC,26751800632,Order,407-7764315-5629120,HX-MF1200-01-40x60,Homnix Microfiber Cloth for Car 1200 GSM 40x60cm 1Pcs ! Twisted Loop Super Absorbent Edgeless Design with Plush Pile and Lint Free Cloth for Drying an,1,amazon.in,Cash On Delivery Transactions and Non-Transactional Fees,Merchant,Kothamangalam,KERALA,686691,284.76,0,0,-14.24,13.53,0,0,-1.35,-0.28,0,0,-7.08,0,275.34,Released,26 Mar 2026 11:47:16 pm UTC
12 Mar 2026 12:40:41 pm UTC,26751800632,Order,406-1834924-9941120,HX-MF1200-01-40x60,Homnix Microfiber Cloth for Car 1200 GSM 40x60cm 1Pcs ! Twisted Loop Super Absorbent Edgeless Design with Plush Pile and Lint Free Cloth for Drying an,1,amazon.in,Cash On Delivery Transactions and Non-Transactional Fees,Merchant,SRI HARGOBINDPUR,PUNJAB,143515,284.76,0,0,0,14.24,0,0,-1.42,-0.3,0,0,-7.08,0,290.2,Released,25 Mar 2026 6:58:55 am UTC
12 Mar 2026 12:40:44 pm UTC,26751780692,Order,406-3586049-2088303,HX-MF1200-02-40x40 4,"Homnix Microfiber Cleaning Cloth for Car, Bike- 1200 GSM 40x40cm 2Pcs |Thick Lint & Streak-Free Multipurpose Cloths - Microfibre Towels for Car Bike C",1,amazon.in,Electronic Transactions (Credit Card/Net Banking/GC),Merchant,SRINAGAR,JAMMU & KASHMIR,190004,427.62,0,0,-21.38,20.31,0,0,-2.03,-0.42,-25.17,0,-12.98,0,385.95,Released,25 Mar 2026 9:25:04 pm UTC
12 Mar 2026 12:40:48 pm UTC,26751800632,Order,404-8978653-3214766,HX-MF1200-01-40x60,Homnix Microfiber Cloth for Car 1200 GSM 40x60cm 1Pcs ! Twisted Loop Super Absorbent Edgeless Design with Plush Pile and Lint Free Cloth for Drying an,1,amazon.in,Cash On Delivery Transactions and Non-Transactional Fees,Merchant,HASSAN,KARNATAKA,573202,284.76,0,0,0,14.24,0,0,-1.42,-0.3,0,0,-7.08,0,290.2,Released,26 Mar 2026 4:17:33 am UTC
12 Mar 2026 12:41:15 pm UTC,26751780692,Order,171-7194402-6979538,HX-CarWashDuster-01,Homnix Car Duster - Lint-Free & Scratch-Free Car Cleaner Brush with Long Handle - Car Dust Cleaner Features Paraffin Wax Coating for 2X Better Cleanin,1,amazon.in,Electronic Transactions (Credit Card/Net Banking/GC),Merchant,AMBALA city,HARYANA,134003,665.71,0,0,0,33.29,0,0,-3.33,-0.67,-107.23,0,-40.12,0,547.65,Released,23 Mar 2026 8:08:51 pm UTC
12 Mar 2026 6:41:24 pm UTC,26666945162,Service Fee,408-9086704-4063521,,Order Cancellation Charge,,Amazon.in,Electronic Transactions (Credit Card/Net Banking/GC),Merchant,,,,0,0,0,0,0,0,0,0,0,0,0,0,0,0,Released,12 Mar 2026 6:41:24 pm UTC
12 Mar 2026 7:06:31 pm UTC,26666823292,Service Fee,403-5532305-1659513,,Order Cancellation Charge,,Amazon.in,Cash On Delivery Transactions and Non-Transactional Fees,Merchant,,,,0,0,0,0,0,0,0,0,0,0,0,0,0,0,Released,12 Mar 2026 7:06:31 pm UTC
13 Mar 2026 1:03:30 pm UTC,26795520702,Shipping Services,171-7746780-5574725,,Easy Ship weight handling fees,,Amazon.in,Cash On Delivery Transactions and Non-Transactional Fees,Merchant,,,,0,0,0,0,0,0,0,0,0,0,0,-76.7,0,-76.7,Released,27 Mar 2026 11:29:29 pm UTC
13 Mar 2026 1:03:35 pm UTC,26796197452,Shipping Services,403-1742441-1772322,,Easy Ship weight handling fees,,Amazon.in,Electronic Transactions (Credit Card/Net Banking/GC),Merchant,,,,0,0,0,0,0,0,0,0,0,0,0,-76.7,0,-76.7,Released,28 Mar 2026 10:52:59 pm UTC
13 Mar 2026 1:03:59 pm UTC,26751780692,Shipping Services,402-9653557-7429155,,Easy Ship weight handling fees,,Amazon.in,Electronic Transactions (Credit Card/Net Banking/GC),Merchant,,,,0,0,0,0,0,0,0,0,0,0,0,-76.7,0,-76.7,Released,26 Mar 2026 11:29:02 pm UTC
13 Mar 2026 1:04:14 pm UTC,26751800632,Shipping Services,408-5702963-4529955,,Easy Ship weight handling fees,,Amazon.in,Cash On Delivery Transactions and Non-Transactional Fees,Merchant,,,,0,0,0,0,0,0,0,0,0,0,0,-76.7,0,-76.7,Released,24 Mar 2026 10:17:11 pm UTC
13 Mar 2026 1:04:24 pm UTC,26751800632,Shipping Services,402-5532239-1100344,,Easy Ship weight handling fees,,Amazon.in,Cash On Delivery Transactions and Non-Transactional Fees,Merchant,,,,0,0,0,0,0,0,0,0,0,0,0,-76.7,0,-76.7,Released,23 Mar 2026 11:17:29 pm UTC
13 Mar 2026 1:19:04 pm UTC,26796197452,Order,403-1742441-1772322,HX-MF1200-01-40x60,Homnix Microfiber Cloth for Car 1200 GSM 40x60cm 1Pcs ! Twisted Loop Super Absorbent Edgeless Design with Plush Pile and Lint Free Cloth for Drying an,2,amazon.in,Electronic Transactions (Credit Card/Net Banking/GC),Merchant,KOZHIKODE,KERALA,673028,569.52,0,0,-28.48,27.06,0,0,-2.7,-0.55,0,0,-14.16,0,550.69,Released,28 Mar 2026 9:58:52 pm UTC
13 Mar 2026 1:19:26 pm UTC,26751800632,Order,402-5532239-1100344,HX-MF1200-02-40x60,"Homnix Car Cleaning Cloth - 1200gsm 40x60cm 2Pcs Ultra-Absorbent, Scratch-Free, Lint-Free Perfect for Bike Auto Cars Both Interior and Exterior.",1,amazon.in,Cash On Delivery Transactions and Non-Transactional Fees,Merchant,SATNA,MADHYA PRADESH,485001,608.57,0,0,0,30.43,0,0,-3.04,-0.63,-98.02,0,-40.12,0,497.19,Released,23 Mar 2026 8:40:15 pm UTC
13 Mar 2026 1:19:51 pm UTC,26751800632,Order,171-7746780-5574725,HX-MF1200-01-40x60,Homnix Microfiber Cloth for Car 1200 GSM 40x60cm 1Pcs ! Twisted Loop Super Absorbent Edgeless Design with Plush Pile and Lint Free Cloth for Drying an,1,amazon.in,Cash On Delivery Transactions and Non-Transactional Fees,Merchant,jalandhar cantt,PUNJAB,144005,284.76,0,0,0,14.24,0,0,-1.42,-0.3,0,0,-7.08,0,290.2,Released,25 Mar 2026 4:38:24 pm UTC
13 Mar 2026 1:19:52 pm UTC,26751780692,Order,402-9653557-7429155,HX-MF1200-01-40x60,Homnix Microfiber Cloth for Car 1200 GSM 40x60cm 1Pcs ! Twisted Loop Super Absorbent Edgeless Design with Plush Pile and Lint Free Cloth for Drying an,1,amazon.in,Electronic Transactions (Credit Card/Net Banking/GC),Merchant,LUDHIANA,PUNJAB,141003,284.76,0,0,-14.24,13.53,0,0,-1.35,-0.28,0,0,-7.08,0,275.34,Released,25 Mar 2026 7:29:57 am UTC
13 Mar 2026 1:19:55 pm UTC,26751800632,Order,408-5702963-4529955,HX-MF1200-02-40x40 4,"Homnix Microfiber Cleaning Cloth for Car, Bike- 1200 GSM 40x40cm 2Pcs |Thick Lint & Streak-Free Multipurpose Cloths - Microfibre Towels for Car Bike C",1,amazon.in,Cash On Delivery Transactions and Non-Transactional Fees,Merchant,SATARA,MAHARASHTRA,415002,427.62,0,0,0,21.38,0,0,-2.14,-0.44,-26.49,0,-12.98,0,406.95,Released,26 Mar 2026 8:35:40 pm UTC
13 Mar 2026 11:23:21 pm UTC,26795520702,Shipping Services,403-9583205-6735524,,Amazon Easy Ship Weight Handling Fee Reversal,,Amazon.in,Cash On Delivery Transactions and Non-Transactional Fees,,,,,0,0,0,0,0,0,0,0,0,0,0,76.7,0,76.7,Released,29 Mar 2026 9:53:26 pm UTC
13 Mar 2026 11:38:04 pm UTC,26795520702,Refund,403-9583205-6735524,HX-MF1200-01-40x60,Homnix Microfiber Cloth for Car 1200 GSM 40x60cm 1Pcs ! Twisted Loop Super Absorbent Edgeless Design with Plush Pile and Lint Free Cloth for Drying an,1,amazon.in,Cash On Delivery Transactions and Non-Transactional Fees,Merchant,BELTANGADI,KARNATAKA,574242,-284.76,0,0,11.39,-13.67,0,0,1.37,0,0,0,7.08,0,-278.59,Released,29 Mar 2026 12:52:13 pm UTC
14 Mar 2026 5:15:32 am UTC,26706526542,Transfer,,,To account ending with: 408,,,Electronic Transactions (Credit Card/Net Banking/GC),,,,,0,0,0,0,0,0,0,0,0,0,0,0,"-5,843.11","-5,843.11",Released,14 Mar 2026 5:15:32 am UTC
14 Mar 2026 5:19:21 am UTC,26706757632,Transfer,,,To account ending with: 408,,,Cash On Delivery Transactions and Non-Transactional Fees,,,,,0,0,0,0,0,0,0,0,0,0,0,0,"-5,113.14","-5,113.14",Released,14 Mar 2026 5:19:21 am UTC
14 Mar 2026 7:49:10 am UTC,26706757632,Refund,403-7241903-7516301,HX-MF1200-01-40x60,Homnix Microfiber Cloth for Car 1200 GSM 40x60cm 1Pcs ! Twisted Loop Super Absorbent Edgeless Design with Plush Pile and Lint Free Cloth for Drying an,2,amazon.in,Cash On Delivery Transactions and Non-Transactional Fees,Merchant,SAGAR,KARNATAKA,577401,-569.52,0,0,0,-28.48,0,0,2.84,0,-106.2,0,0,0,-701.36,Released,20 Mar 2026 6:35:39 am UTC
14 Mar 2026 2:01:21 pm UTC,26706526542,Service Fee,,,Cost of Advertising,,,Electronic Transactions (Credit Card/Net Banking/GC),,,,,0,0,0,0,0,0,0,0,0,0,0,"-2,076.62",-373.79,"-2,450.41",Released,14 Mar 2026 2:01:21 pm UTC
14 Mar 2026 6:34:11 pm UTC,26706526542,Service Fee,407-6263963-1375507,,Order Cancellation Charge,,Amazon.in,Electronic Transactions (Credit Card/Net Banking/GC),Merchant,,,,0,0,0,0,0,0,0,0,0,0,0,0,0,0,Released,14 Mar 2026 6:34:11 pm UTC
14 Mar 2026 6:38:36 pm UTC,26706526542,Service Fee,402-3543665-0625968,,Order Cancellation Charge,,Amazon.in,Electronic Transactions (Credit Card/Net Banking/GC),Merchant,,,,0,0,0,0,0,0,0,0,0,0,0,0,0,0,Released,14 Mar 2026 6:38:36 pm UTC
14 Mar 2026 6:42:14 pm UTC,26706757632,Service Fee,171-0784408-0301953,,Order Cancellation Charge,,Amazon.in,Cash On Delivery Transactions and Non-Transactional Fees,Merchant,,,,0,0,0,0,0,0,0,0,0,0,0,0,0,0,Released,14 Mar 2026 6:42:14 pm UTC
14 Mar 2026 7:31:07 pm UTC,26706757632,Service Fee,405-1725750-5643558,,Order Cancellation Charge,,Amazon.in,Cash On Delivery Transactions and Non-Transactional Fees,Merchant,,,,0,0,0,0,0,0,0,0,0,0,0,-160.85,0,-160.85,Released,14 Mar 2026 7:31:07 pm UTC
14 Mar 2026 8:46:15 pm UTC,26796197452,Shipping Services,405-6730300-0914763,,Amazon Easy Ship Weight Handling Fee Reversal,,Amazon.in,Electronic Transactions (Credit Card/Net Banking/GC),,,,,0,0,0,0,0,0,0,0,0,0,0,76.7,0,76.7,Released,28 Mar 2026 12:12:19 am UTC
14 Mar 2026 9:01:18 pm UTC,26796197452,Refund,405-6730300-0914763,HX -MF1200-01-40*40,Homnix Microfiber Cleaning Cloth for Car & Bikes -1200 GSM 40x40cm 1Pcs | Thick Lint & Streak-Free Multipurpose Cloths - Automotive Microfibre Towels,1,amazon.in,Electronic Transactions (Credit Card/Net Banking/GC),Merchant,MOTIHARI,BIHAR,845401,-237.14,0,0,11.86,-11.27,0,0,1.13,0,0,0,7.08,0,-228.34,Released,27 Mar 2026 8:55:52 pm UTC
15 Mar 2026 3:47:44 pm UTC,26795520702,Shipping Services,408-5810273-6057905,,Easy Ship weight handling fees,,Amazon.in,Cash On Delivery Transactions and Non-Transactional Fees,Merchant,,,,0,0,0,0,0,0,0,0,0,0,0,-224.2,0,-224.2,Released,27 Mar 2026 11:54:27 pm UTC
15 Mar 2026 3:48:02 pm UTC,26796197452,Shipping Services,402-4730814-0997139,,Easy Ship weight handling fees,,Amazon.in,Electronic Transactions (Credit Card/Net Banking/GC),Merchant,,,,0,0,0,0,0,0,0,0,0,0,0,-179.36,0,-179.36,Released,28 Mar 2026 11:05:58 pm UTC
15 Mar 2026 3:48:17 pm UTC,26796197452,Shipping Services,405-6759187-9489940,,Easy Ship weight handling fees,,Amazon.in,Electronic Transactions (Credit Card/Net Banking/GC),Merchant,,,,0,0,0,0,0,0,0,0,0,0,0,-179.36,0,-179.36,Released,29 Mar 2026 8:11:32 pm UTC
15 Mar 2026 4:03:27 pm UTC,26751800632,Order,408-5810273-6057905,HX-CarWashDuster-01,Homnix Car Duster - Lint-Free & Scratch-Free Car Cleaner Brush with Long Handle - Car Dust Cleaner Features Paraffin Wax Coating for 2X Better Cleanin,1,amazon.in,Cash On Delivery Transactions and Non-Transactional Fees,Merchant,SHAMLI,UTTAR PRADESH,247776,665.72,0,0,0,33.28,-1.66,-1.66,0,-0.68,-107.23,0,-40.12,0,547.65,Released,26 Mar 2026 8:54:58 pm UTC
15 Mar 2026 4:03:30 pm UTC,26751780692,Order,402-4730814-0997139,HX-CarWashDuster-01,Homnix Car Duster - Lint-Free & Scratch-Free Car Cleaner Brush with Long Handle - Car Dust Cleaner Features Paraffin Wax Coating for 2X Better Cleanin,1,amazon.in,Electronic Transactions (Credit Card/Net Banking/GC),Merchant,GURUGRAM,HARYANA,122001,665.71,0,0,0,33.29,0,0,-3.33,-0.67,-107.23,0,-40.12,0,547.65,Released,26 Mar 2026 11:35:17 pm UTC
15 Mar 2026 4:04:28 pm UTC,26796197452,Order,405-6759187-9489940,HX-CarWashDuster-01,Homnix Car Duster - Lint-Free & Scratch-Free Car Cleaner Brush with Long Handle - Car Dust Cleaner Features Paraffin Wax Coating for 2X Better Cleanin,1,amazon.in,Electronic Transactions (Credit Card/Net Banking/GC),Merchant,Palampur,HP,176061,665.71,0,0,0,33.29,0,0,-3.33,-0.67,-107.23,0,-40.12,0,547.65,Released,27 Mar 2026 10:52:43 pm UTC
15 Mar 2026 5:07:03 pm UTC,26751800632,Shipping Services,402-2562519-1148321,,Easy Ship weight handling fees,,Amazon.in,Cash On Delivery Transactions and Non-Transactional Fees,Merchant,,,,0,0,0,0,0,0,0,0,0,0,0,-71.98,0,-71.98,Released,26 Mar 2026 8:30:01 pm UTC
15 Mar 2026 5:07:04 pm UTC,26795520702,Shipping Services,407-2585541-8017143,,Easy Ship weight handling fees,,Amazon.in,Cash On Delivery Transactions and Non-Transactional Fees,Merchant,,,,0,0,0,0,0,0,0,0,0,0,0,-71.98,0,-71.98,Released,30 Mar 2026 9:34:19 pm UTC
15 Mar 2026 5:07:06 pm UTC,26796197452,Shipping Services,171-6192750-5969140,,Easy Ship weight handling fees,,Amazon.in,Electronic Transactions (Credit Card/Net Banking/GC),Merchant,,,,0,0,0,0,0,0,0,0,0,0,0,-76.7,0,-76.7,Released,27 Mar 2026 7:41:19 pm UTC
15 Mar 2026 5:07:19 pm UTC,26795520702,Shipping Services,171-0054507-0345924,,Easy Ship weight handling fees,,Amazon.in,Cash On Delivery Transactions and Non-Transactional Fees,Merchant,,,,0,0,0,0,0,0,0,0,0,0,0,-71.98,0,-71.98,Released,29 Mar 2026 9:15:00 pm UTC
15 Mar 2026 5:07:22 pm UTC,26795520702,Shipping Services,408-7439980-5678766,,Easy Ship weight handling fees,,Amazon.in,Cash On Delivery Transactions and Non-Transactional Fees,Merchant,,,,0,0,0,0,0,0,0,0,0,0,0,-71.98,0,-71.98,Released,28 Mar 2026 11:12:26 pm UTC
15 Mar 2026 5:07:24 pm UTC,26796197452,Shipping Services,405-9702004-6719530,,Easy Ship weight handling fees,,Amazon.in,Electronic Transactions (Credit Card/Net Banking/GC),Merchant,,,,0,0,0,0,0,0,0,0,0,0,0,-76.7,0,-76.7,Released,29 Mar 2026 12:04:33 am UTC
15 Mar 2026 5:07:24 pm UTC,26751780692,Shipping Services,406-0150148-5584309,,Easy Ship weight handling fees,,Amazon.in,Electronic Transactions (Credit Card/Net Banking/GC),Merchant,,,,0,0,0,0,0,0,0,0,0,0,0,-76.7,0,-76.7,Released,24 Mar 2026 9:02:57 pm UTC
15 Mar 2026 5:07:25 pm UTC,26795520702,Shipping Services,408-6304313-7669118,,Easy Ship weight handling fees,,Amazon.in,Cash On Delivery Transactions and Non-Transactional Fees,Merchant,,,,0,0,0,0,0,0,0,0,0,0,0,-71.98,0,-71.98,Released,31 Mar 2026 9:27:19 pm UTC
15 Mar 2026 5:07:25 pm UTC,26796197452,Shipping Services,407-5752223-3167539,,Easy Ship weight handling fees,,Amazon.in,Electronic Transactions (Credit Card/Net Banking/GC),Merchant,,,,0,0,0,0,0,0,0,0,0,0,0,-71.98,0,-71.98,Released,30 Mar 2026 8:37:02 pm UTC
15 Mar 2026 5:07:28 pm UTC,26796197452,Shipping Services,407-2654706-4713954,,Easy Ship weight handling fees,,Amazon.in,Electronic Transactions (Credit Card/Net Banking/GC),Merchant,,,,0,0,0,0,0,0,0,0,0,0,0,-71.98,0,-71.98,Released,30 Mar 2026 7:49:29 pm UTC
15 Mar 2026 5:07:33 pm UTC,26796197452,Shipping Services,402-6508740-5363531,,Easy Ship weight handling fees,,Amazon.in,Electronic Transactions (Credit Card/Net Banking/GC),Merchant,,,,0,0,0,0,0,0,0,0,0,0,0,-76.7,0,-76.7,Released,27 Mar 2026 8:04:54 pm UTC
15 Mar 2026 5:07:38 pm UTC,26795520702,Shipping Services,402-9896882-8853104,,Easy Ship weight handling fees,,Amazon.in,Cash On Delivery Transactions and Non-Transactional Fees,Merchant,,,,0,0,0,0,0,0,0,0,0,0,0,-71.98,0,-71.98,Released,29 Mar 2026 9:47:28 pm UTC
15 Mar 2026 5:07:39 pm UTC,26796197452,Shipping Services,408-1457396-1261107,,Easy Ship weight handling fees,,Amazon.in,Electronic Transactions (Credit Card/Net Banking/GC),Merchant,,,,0,0,0,0,0,0,0,0,0,0,0,-71.98,0,-71.98,Released,28 Mar 2026 9:03:01 pm UTC
15 Mar 2026 5:07:44 pm UTC,26751780692,Shipping Services,403-4553772-5636327,,Easy Ship weight handling fees,,Amazon.in,Electronic Transactions (Credit Card/Net Banking/GC),Merchant,,,,0,0,0,0,0,0,0,0,0,0,0,-71.98,0,-71.98,Released,25 Mar 2026 6:49:20 pm UTC
15 Mar 2026 5:07:49 pm UTC,26796197452,Shipping Services,402-8540711-2016328,,Easy Ship weight handling fees,,Amazon.in,Electronic Transactions (Credit Card/Net Banking/GC),Merchant,,,,0,0,0,0,0,0,0,0,0,0,0,-76.7,0,-76.7,Released,27 Mar 2026 7:18:20 pm UTC
15 Mar 2026 5:07:50 pm UTC,26796197452,Shipping Services,402-4274180-0348316,,Easy Ship weight handling fees,,Amazon.in,Electronic Transactions (Credit Card/Net Banking/GC),Merchant,,,,0,0,0,0,0,0,0,0,0,0,0,-76.7,0,-76.7,Released,28 Mar 2026 10:11:01 pm UTC
15 Mar 2026 5:07:50 pm UTC,26795520702,Shipping Services,406-7747899-1192314,,Easy Ship weight handling fees,,Amazon.in,Cash On Delivery Transactions and Non-Transactional Fees,Merchant,,,,0,0,0,0,0,0,0,0,0,0,0,-71.98,0,-71.98,Released,29 Mar 2026 10:26:31 pm UTC
15 Mar 2026 5:07:53 pm UTC,26796197452,Shipping Services,402-7425750-4146737,,Easy Ship weight handling fees,,Amazon.in,Electronic Transactions (Credit Card/Net Banking/GC),Merchant,,,,0,0,0,0,0,0,0,0,0,0,0,-76.7,0,-76.7,Released,30 Mar 2026 12:07:25 am UTC
15 Mar 2026 5:08:00 pm UTC,26795520702,Shipping Services,403-9806770-9251532,,Easy Ship weight handling fees,,Amazon.in,Cash On Delivery Transactions and Non-Transactional Fees,Merchant,,,,0,0,0,0,0,0,0,0,0,0,0,-71.98,0,-71.98,Released,28 Mar 2026 9:03:33 pm UTC
15 Mar 2026 5:12:27 pm UTC,26751780692,Shipping Services,406-7937238-5447553,,Easy Ship weight handling fees,,Amazon.in,Electronic Transactions (Credit Card/Net Banking/GC),Merchant,,,,0,0,0,0,0,0,0,0,0,0,0,-71.98,0,-71.98,Released,25 Mar 2026 7:54:38 pm UTC
15 Mar 2026 5:13:15 pm UTC,26751800632,Shipping Services,408-0213357-4586755,,Easy Ship weight handling fees,,Amazon.in,Cash On Delivery Transactions and Non-Transactional Fees,Merchant,,,,0,0,0,0,0,0,0,0,0,0,0,-76.7,0,-76.7,Released,24 Mar 2026 9:00:52 pm UTC
15 Mar 2026 5:22:30 pm UTC,26751800632,Order,408-7439980-5678766,HX-MF1200-01-40x60,Homnix Microfiber Cloth for Car 1200 GSM 40x60cm 1Pcs ! Twisted Loop Super Absorbent Edgeless Design with Plush Pile and Lint Free Cloth for Drying an,1,amazon.in,Cash On Delivery Transactions and Non-Transactional Fees,Merchant,GREATER NOIDA,UTTAR PRADESH,201306,284.76,0,0,-14.24,13.53,-0.68,-0.68,0,-0.28,0,0,-7.08,0,275.33,Released,26 Mar 2026 11:33:21 pm UTC
15 Mar 2026 5:22:31 pm UTC,26796197452,Order,407-2654706-4713954,MHX -MF1200-01-40*40,Homnix Microfiber Cleaning Cloth for Car & Bikes -1200 GSM 40x40cm 1Pcs | Thick Lint & Streak-Free Multipurpose Cloths - Automotive Microfibre Towels,1,amazon.in,Electronic Transactions (Credit Card/Net Banking/GC),Merchant,ERNAKULAM,KERALA,682032,218.1,0,0,0,10.9,0,0,-1.09,-0.22,0,0,-7.08,0,220.61,Released,29 Mar 2026 8:19:31 am UTC
15 Mar 2026 5:22:36 pm UTC,26795520702,Order,408-6304313-7669118,HX-MF1200-01-40x60,Homnix Microfiber Cloth for Car 1200 GSM 40x60cm 1Pcs ! Twisted Loop Super Absorbent Edgeless Design with Plush Pile and Lint Free Cloth for Drying an,1,amazon.in,Cash On Delivery Transactions and Non-Transactional Fees,Merchant,CHENNAI,TAMIL NADU,600072,284.76,0,0,-14.24,13.53,0,0,-1.35,-0.28,0,0,-7.08,0,275.34,Released,29 Mar 2026 11:26:12 pm UTC
15 Mar 2026 5:22:42 pm UTC,26839396592,Order,407-2585541-8017143,HX-MF1200-01-40x60,Homnix Microfiber Cloth for Car 1200 GSM 40x60cm 1Pcs ! Twisted Loop Super Absorbent Edgeless Design with Plush Pile and Lint Free Cloth for Drying an,2,amazon.in,Cash On Delivery Transactions and Non-Transactional Fees,Merchant,BHACHAU,GUJARAT,370140,569.52,0,0,0,28.48,0,0,-2.84,-0.58,0,0,-14.16,0,580.42,Released,4 Apr 2026 10:56:28 pm UTC
15 Mar 2026 5:22:42 pm UTC,26751780692,Order,403-4553772-5636327,HX-MF1200-01-40x60,Homnix Microfiber Cloth for Car 1200 GSM 40x60cm 1Pcs ! Twisted Loop Super Absorbent Edgeless Design with Plush Pile and Lint Free Cloth for Drying an,1,amazon.in,Electronic Transactions (Credit Card/Net Banking/GC),Merchant,PRAYAGRAJ,UTTAR PRADESH,211019,284.76,0,0,-14.24,13.53,-0.68,-0.68,0,-0.28,0,0,-7.08,0,275.33,Released,25 Mar 2026 5:39:12 am UTC
15 Mar 2026 5:22:43 pm UTC,26796197452,Order,407-5752223-3167539,HX-MF1200-01-40x60,Homnix Microfiber Cloth for Car 1200 GSM 40x60cm 1Pcs ! Twisted Loop Super Absorbent Edgeless Design with Plush Pile and Lint Free Cloth for Drying an,1,amazon.in,Electronic Transactions (Credit Card/Net Banking/GC),Merchant,KHORDA,ODISHA,751003,284.76,0,0,0,14.24,0,0,-1.42,-0.29,0,0,-7.08,0,290.21,Released,29 Mar 2026 3:58:57 am UTC
15 Mar 2026 5:22:57 pm UTC,26795520702,Order,402-9896882-8853104,HX-MF1200-01-40x60,Homnix Microfiber Cloth for Car 1200 GSM 40x60cm 1Pcs ! Twisted Loop Super Absorbent Edgeless Design with Plush Pile and Lint Free Cloth for Drying an,1,amazon.in,Cash On Delivery Transactions and Non-Transactional Fees,Merchant,MOGA,PUNJAB,142001,284.76,0,0,0,14.24,0,0,-1.42,-0.3,0,0,-7.08,0,290.2,Released,28 Mar 2026 12:01:02 am UTC
15 Mar 2026 5:22:59 pm UTC,26796197452,Order,402-8540711-2016328,HX-MF1200-01-40x60,Homnix Microfiber Cloth for Car 1200 GSM 40x60cm 1Pcs ! Twisted Loop Super Absorbent Edgeless Design with Plush Pile and Lint Free Cloth for Drying an,1,amazon.in,Electronic Transactions (Credit Card/Net Banking/GC),Merchant,NASHIK,MAHARASHTRA,422013,284.76,0,0,0,14.24,0,0,-1.42,-0.29,0,0,-7.08,0,290.21,Released,28 Mar 2026 11:34:08 pm UTC
15 Mar 2026 5:22:59 pm UTC,26751800632,Order,402-2562519-1148321,HX-MF1200-01-40x60,Homnix Microfiber Cloth for Car 1200 GSM 40x60cm 1Pcs ! Twisted Loop Super Absorbent Edgeless Design with Plush Pile and Lint Free Cloth for Drying an,1,amazon.in,Cash On Delivery Transactions and Non-Transactional Fees,Merchant,MURWARA KATNI,MADHYA PRADESH,483501,284.76,0,0,0,14.24,0,0,-1.42,-0.3,0,0,-7.08,0,290.2,Released,26 Mar 2026 7:12:19 am UTC
15 Mar 2026 5:23:03 pm UTC,26796197452,Order,402-4274180-0348316,MHX -MF1200-01-40*40,Homnix Microfiber Cleaning Cloth for Car & Bikes -1200 GSM 40x40cm 1Pcs | Thick Lint & Streak-Free Multipurpose Cloths - Automotive Microfibre Towels,1,amazon.in,Electronic Transactions (Credit Card/Net Banking/GC),Merchant,UDHAMPUR,JAMMU & KASHMIR,182104,218.1,0,0,0,10.9,0,0,-1.09,-0.23,0,0,-7.08,0,220.6,Released,28 Mar 2026 6:28:44 am UTC
15 Mar 2026 5:23:06 pm UTC,26751780692,Order,406-0150148-5584309,HX-MF1200-01-40x60,Homnix Microfiber Cloth for Car 1200 GSM 40x60cm 1Pcs ! Twisted Loop Super Absorbent Edgeless Design with Plush Pile and Lint Free Cloth for Drying an,1,amazon.in,Electronic Transactions (Credit Card/Net Banking/GC),Merchant,Pratapgarh,UTTAR PRADESH,230402,284.76,0,0,-14.24,13.53,-0.68,-0.68,0,-0.28,0,0,-7.08,0,275.33,Released,25 Mar 2026 8:04:03 am UTC
15 Mar 2026 5:23:06 pm UTC,26796197452,Order,405-9702004-6719530,HX-MF1200-01-40x60,Homnix Microfiber Cloth for Car 1200 GSM 40x60cm 1Pcs ! Twisted Loop Super Absorbent Edgeless Design with Plush Pile and Lint Free Cloth for Drying an,1,amazon.in,Electronic Transactions (Credit Card/Net Banking/GC),Merchant,BENGALURU,KARNATAKA,560097,284.76,0,0,0,14.24,0,0,-1.42,-0.29,0,0,-7.08,0,290.21,Released,28 Mar 2026 6:01:42 am UTC
15 Mar 2026 5:23:11 pm UTC,26795520702,Order,171-0054507-0345924,HX -MF1200-01-40*40,Homnix Microfiber Cleaning Cloth for Car & Bikes -1200 GSM 40x40cm 1Pcs | Thick Lint & Streak-Free Multipurpose Cloths - Automotive Microfibre Towels,1,amazon.in,Cash On Delivery Transactions and Non-Transactional Fees,Merchant,Ellenabad,HARYANA,125102,237.14,0,0,0,11.86,0,0,-1.19,-0.25,0,0,-7.08,0,240.48,Released,28 Mar 2026 2:06:56 pm UTC
15 Mar 2026 5:23:13 pm UTC,26796197452,Order,402-6508740-5363531,HX-MF1200-01-40x60,Homnix Microfiber Cloth for Car 1200 GSM 40x60cm 1Pcs ! Twisted Loop Super Absorbent Edgeless Design with Plush Pile and Lint Free Cloth for Drying an,1,amazon.in,Electronic Transactions (Credit Card/Net Banking/GC),Merchant,MEERUT,UTTAR PRADESH,250002,284.76,0,0,0,14.24,-0.71,-0.71,0,-0.29,0,0,-7.08,0,290.21,Released,28 Mar 2026 12:25:26 am UTC
15 Mar 2026 5:23:14 pm UTC,26751800632,Order,403-9806770-9251532,HX-MF1200-01-40x60,Homnix Microfiber Cloth for Car 1200 GSM 40x60cm 1Pcs ! Twisted Loop Super Absorbent Edgeless Design with Plush Pile and Lint Free Cloth for Drying an,1,amazon.in,Cash On Delivery Transactions and Non-Transactional Fees,Merchant,JODHPUR,RAJASTHAN,342001,284.76,0,0,-14.24,13.53,0,0,-1.35,-0.28,0,0,-7.08,0,275.34,Released,27 Mar 2026 6:12:29 am UTC
15 Mar 2026 5:23:16 pm UTC,26795520702,Order,406-7747899-1192314,HX-MF1200-01-40x60,Homnix Microfiber Cloth for Car 1200 GSM 40x60cm 1Pcs ! Twisted Loop Super Absorbent Edgeless Design with Plush Pile and Lint Free Cloth for Drying an,1,amazon.in,Cash On Delivery Transactions and Non-Transactional Fees,Merchant,Hyderabad,TELANGANA,500008,284.76,0,0,0,14.24,0,0,-1.42,-0.3,0,0,-7.08,0,290.2,Released,30 Mar 2026 12:06:49 am UTC
15 Mar 2026 5:23:19 pm UTC,26751780692,Order,408-1457396-1261107,HX-MF1200-02-40x40 4,"Homnix Microfiber Cleaning Cloth for Car, Bike- 1200 GSM 40x40cm 2Pcs |Thick Lint & Streak-Free Multipurpose Cloths - Microfibre Towels for Car Bike C",1,amazon.in,Electronic Transactions (Credit Card/Net Banking/GC),Merchant,NEW DELHI,DELHI,110044,427.62,0,0,-21.38,20.31,0,0,-2.03,-0.41,-25.17,0,-12.98,0,385.96,Released,26 Mar 2026 7:53:18 am UTC
15 Mar 2026 5:23:26 pm UTC,26751780692,Order,171-6192750-5969140,HX-MF1200-01-40x60,Homnix Microfiber Cloth for Car 1200 GSM 40x60cm 1Pcs ! Twisted Loop Super Absorbent Edgeless Design with Plush Pile and Lint Free Cloth for Drying an,1,amazon.in,Electronic Transactions (Credit Card/Net Banking/GC),Merchant,NOIDA,UTTAR PRADESH,201301,284.76,0,0,-14.24,13.53,-0.68,-0.68,0,-0.28,0,0,-7.08,0,275.33,Released,26 Mar 2026 4:45:06 pm UTC
15 Mar 2026 5:23:26 pm UTC,26796197452,Order,402-7425750-4146737,HX-MF1200-01-40x60,Homnix Microfiber Cloth for Car 1200 GSM 40x60cm 1Pcs ! Twisted Loop Super Absorbent Edgeless Design with Plush Pile and Lint Free Cloth for Drying an,1,amazon.in,Electronic Transactions (Credit Card/Net Banking/GC),Merchant,RAIPUR,CHHATTISGARH,493221,284.76,0,0,-14.24,13.53,0,0,-1.35,-0.28,0,0,-7.08,0,275.34,Released,31 Mar 2026 10:15:12 pm UTC
15 Mar 2026 5:28:06 pm UTC,26751780692,Order,406-7937238-5447553,HX -MF1200-01-40*40,Homnix Microfiber Cleaning Cloth for Car & Bikes -1200 GSM 40x40cm 1Pcs | Thick Lint & Streak-Free Multipurpose Cloths - Automotive Microfibre Towels,1,amazon.in,Electronic Transactions (Credit Card/Net Banking/GC),Merchant,MAIHAR,MADHYA PRADESH,485771,237.14,0,0,0,11.86,0,0,-1.19,-0.25,0,0,-7.08,0,240.48,Released,25 Mar 2026 9:19:53 pm UTC
15 Mar 2026 5:28:12 pm UTC,26751800632,Order,408-0213357-4586755,HX-MF1200-01-40x60,Homnix Microfiber Cloth for Car 1200 GSM 40x60cm 1Pcs ! Twisted Loop Super Absorbent Edgeless Design with Plush Pile and Lint Free Cloth for Drying an,1,amazon.in,Cash On Delivery Transactions and Non-Transactional Fees,Merchant,SIRSA,UTTAR PRADESH,212305,284.76,0,0,0,14.24,-0.71,-0.71,0,-0.3,0,0,-7.08,0,290.2,Released,25 Mar 2026 6:50:56 am UTC
16 Mar 2026 2:06:36 am UTC,26795520702,Shipping Services,405-3766336-2529147,,Amazon Easy Ship Weight Handling Fee Reversal,,Amazon.in,Cash On Delivery Transactions and Non-Transactional Fees,,,,,0,0,0,0,0,0,0,0,0,0,0,76.7,0,76.7,Released,29 Mar 2026 9:55:57 pm UTC
16 Mar 2026 2:22:07 am UTC,26795520702,Refund,405-3766336-2529147,HX -MF1200-01-40*40,Homnix Microfiber Cleaning Cloth for Car & Bikes -1200 GSM 40x40cm 1Pcs | Thick Lint & Streak-Free Multipurpose Cloths - Automotive Microfibre Towels,1,amazon.in,Cash On Delivery Transactions and Non-Transactional Fees,Merchant,GURUGRAM,HARYANA,122001,-237.14,0,0,9.49,-11.39,0,0,1.14,0,0,0,7.08,0,-230.82,Released,29 Mar 2026 8:08:47 pm UTC
17 Mar 2026 6:56:09 am UTC,26751780692,Refund,408-7841005-0384327,HX-MF1200-01-40x60,Homnix Microfiber Cloth for Car 1200 GSM 40x60cm 1Pcs ! Twisted Loop Super Absorbent Edgeless Design with Plush Pile and Lint Free Cloth for Drying an,1,amazon.in,Electronic Transactions (Credit Card/Net Banking/GC),Merchant,NEW DELHI,DELHI,110018,-284.76,0,0,14.24,-13.53,0,0,1.35,0,-53.1,0,0,0,-335.8,Released,23 Mar 2026 6:17:21 am UTC
17 Mar 2026 12:51:32 pm UTC,26706526542,Service Fee,,,Cost of Advertising,,,Electronic Transactions (Credit Card/Net Banking/GC),,,,,0,0,0,0,0,0,0,0,0,0,0,"-2,003.60",-360.65,"-2,364.25",Released,17 Mar 2026 12:51:32 pm UTC
17 Mar 2026 2:16:46 pm UTC,26796197452,Shipping Services,171-5259798-7506747,,Easy Ship weight handling fees,,Amazon.in,Electronic Transactions (Credit Card/Net Banking/GC),Merchant,,,,0,0,0,0,0,0,0,0,0,0,0,-64.9,0,-64.9,Released,30 Mar 2026 11:26:36 pm UTC
17 Mar 2026 2:16:47 pm UTC,26795520702,Shipping Services,408-7822975-8734769,,Easy Ship weight handling fees,,Amazon.in,Cash On Delivery Transactions and Non-Transactional Fees,Merchant,,,,0,0,0,0,0,0,0,0,0,0,0,-64.9,0,-64.9,Released,31 Mar 2026 11:31:21 pm UTC
17 Mar 2026 2:16:52 pm UTC,26796197452,Shipping Services,405-1587027-9686713,,Easy Ship weight handling fees,,Amazon.in,Electronic Transactions (Credit Card/Net Banking/GC),Merchant,,,,0,0,0,0,0,0,0,0,0,0,0,-64.9,0,-64.9,Released,30 Mar 2026 11:37:15 pm UTC
17 Mar 2026 2:16:54 pm UTC,26796197452,Shipping Services,402-6806495-6645133,,Easy Ship weight handling fees,,Amazon.in,Electronic Transactions (Credit Card/Net Banking/GC),Merchant,,,,0,0,0,0,0,0,0,0,0,0,0,-64.9,0,-64.9,Released,31 Mar 2026 7:05:19 pm UTC
17 Mar 2026 2:16:57 pm UTC,26796197452,Shipping Services,405-8460028-5191560,,Easy Ship weight handling fees,,Amazon.in,Electronic Transactions (Credit Card/Net Banking/GC),Merchant,,,,0,0,0,0,0,0,0,0,0,0,0,-172.28,0,-172.28,Released,30 Mar 2026 9:22:51 pm UTC
17 Mar 2026 2:16:57 pm UTC,26796197452,Shipping Services,405-6285834-4537169,,Easy Ship weight handling fees,,Amazon.in,Electronic Transactions (Credit Card/Net Banking/GC),Merchant,,,,0,0,0,0,0,0,0,0,0,0,0,-64.9,0,-64.9,Released,30 Mar 2026 9:32:47 pm UTC
17 Mar 2026 2:17:05 pm UTC,26796197452,Shipping Services,404-5336166-0480351,,Easy Ship weight handling fees,,Amazon.in,Electronic Transactions (Credit Card/Net Banking/GC),Merchant,,,,0,0,0,0,0,0,0,0,0,0,0,-64.9,0,-64.9,Released,30 Mar 2026 11:45:20 pm UTC
17 Mar 2026 2:17:13 pm UTC,26796197452,Shipping Services,405-5150450-8782755,,Easy Ship weight handling fees,,Amazon.in,Electronic Transactions (Credit Card/Net Banking/GC),Merchant,,,,0,0,0,0,0,0,0,0,0,0,0,-64.9,0,-64.9,Released,2 Apr 2026 11:46:30 pm UTC
17 Mar 2026 2:17:18 pm UTC,26796197452,Shipping Services,171-2440535-6343568,,Easy Ship weight handling fees,,Amazon.in,Electronic Transactions (Credit Card/Net Banking/GC),Merchant,,,,0,0,0,0,0,0,0,0,0,0,0,-64.9,0,-64.9,Released,30 Mar 2026 10:55:46 pm UTC
17 Mar 2026 2:17:22 pm UTC,26795520702,Shipping Services,404-0356211-5088349,,Easy Ship weight handling fees,,Amazon.in,Cash On Delivery Transactions and Non-Transactional Fees,Merchant,,,,0,0,0,0,0,0,0,0,0,0,0,-64.9,0,-64.9,Released,30 Mar 2026 10:58:56 pm UTC
17 Mar 2026 2:17:26 pm UTC,26839513572,Shipping Services,403-0619929-5873141,,Easy Ship weight handling fees,,Amazon.in,Electronic Transactions (Credit Card/Net Banking/GC),Merchant,,,,0,0,0,0,0,0,0,0,0,0,0,-64.9,0,-64.9,Released,4 Apr 2026 9:59:16 pm UTC
17 Mar 2026 2:17:27 pm UTC,26795520702,Shipping Services,171-8497862-5579523,,Easy Ship weight handling fees,,Amazon.in,Cash On Delivery Transactions and Non-Transactional Fees,Merchant,,,,0,0,0,0,0,0,0,0,0,0,0,-64.9,0,-64.9,Released,31 Mar 2026 9:27:48 pm UTC
17 Mar 2026 2:17:28 pm UTC,26795520702,Shipping Services,406-6006523-7042732,,Easy Ship weight handling fees,,Amazon.in,Cash On Delivery Transactions and Non-Transactional Fees,Merchant,,,,0,0,0,0,0,0,0,0,0,0,0,-64.9,0,-64.9,Released,1 Apr 2026 10:29:25 pm UTC
17 Mar 2026 2:17:33 pm UTC,26795520702,Shipping Services,406-8450453-1935519,,Easy Ship weight handling fees,,Amazon.in,Cash On Delivery Transactions and Non-Transactional Fees,Merchant,,,,0,0,0,0,0,0,0,0,0,0,0,-64.9,0,-64.9,Released,28 Mar 2026 7:58:22 pm UTC
17 Mar 2026 2:32:48 pm UTC,26795520702,Order,408-7822975-8734769,HX-MF1200-01-40x60,Homnix Microfiber Cloth for Car 1200 GSM 40x60cm 1Pcs ! Twisted Loop Super Absorbent Edgeless Design with Plush Pile and Lint Free Cloth for Drying an,1,amazon.in,Cash On Delivery Transactions and Non-Transactional Fees,Merchant,RAMPUR,UTTAR PRADESH,244901,284.76,0,0,0,14.24,-0.71,-0.71,0,-0.3,0,0,-1.18,0,296.1,Released,29 Mar 2026 10:17:38 pm UTC
17 Mar 2026 2:32:55 pm UTC,26796197452,Order,171-5259798-7506747,HX-MF1200-01-40x60,Homnix Microfiber Cloth for Car 1200 GSM 40x60cm 1Pcs ! Twisted Loop Super Absorbent Edgeless Design with Plush Pile and Lint Free Cloth for Drying an,1,amazon.in,Electronic Transactions (Credit Card/Net Banking/GC),Merchant,HISAR,HARYANA,125001,284.76,0,0,0,14.24,0,0,-1.42,-0.29,0,0,-1.18,0,296.11,Released,29 Mar 2026 6:08:59 am UTC
17 Mar 2026 2:32:59 pm UTC,26796197452,Order,405-1587027-9686713,HX-MF1200-01-40x60,Homnix Microfiber Cloth for Car 1200 GSM 40x60cm 1Pcs ! Twisted Loop Super Absorbent Edgeless Design with Plush Pile and Lint Free Cloth for Drying an,1,amazon.in,Electronic Transactions (Credit Card/Net Banking/GC),Merchant,GURUGRAM,HARYANA,122505,284.76,0,0,0,14.24,0,0,-1.42,-0.29,0,0,-1.18,0,296.11,Released,29 Mar 2026 6:59:07 am UTC
17 Mar 2026 2:33:02 pm UTC,26795520702,Order,404-0356211-5088349,HX-MF1200-01-40x60,Homnix Microfiber Cloth for Car 1200 GSM 40x60cm 1Pcs ! Twisted Loop Super Absorbent Edgeless Design with Plush Pile and Lint Free Cloth for Drying an,2,amazon.in,Cash On Delivery Transactions and Non-Transactional Fees,Merchant,NEW DELHI,DELHI,110017,569.52,0,0,0,28.48,0,0,-2.84,-0.59,0,0,-2.36,0,592.21,Released,29 Mar 2026 6:44:28 am UTC
17 Mar 2026 2:33:06 pm UTC,26796197452,Order,405-5150450-8782755,HX-MF1200-01-40x60,Homnix Microfiber Cloth for Car 1200 GSM 40x60cm 1Pcs ! Twisted Loop Super Absorbent Edgeless Design with Plush Pile and Lint Free Cloth for Drying an,1,amazon.in,Electronic Transactions (Credit Card/Net Banking/GC),Merchant,CHENNAI,TAMIL NADU,603210,284.76,0,0,-5.7,13.96,0,0,-1.4,-0.28,0,0,-1.18,0,290.16,Released,1 Apr 2026 5:14:06 am UTC
17 Mar 2026 2:33:11 pm UTC,26796197452,Order,405-8460028-5191560,MHX-CarWashDuster-01,"Homnix Premium Car Duster for Car Cleaning - Ceramic Wax Infused & Scratch-Free Exterior Dusting Brush - Reusable, Multipurpose Dry Cleaner for SUV, S",1,amazon.in,Electronic Transactions (Credit Card/Net Banking/GC),Merchant,GURUGRAM,HARYANA,122004,665.71,0,0,0,33.29,0,0,-3.33,-0.67,0,0,-53.1,0,641.9,Released,28 Mar 2026 10:26:31 pm UTC
17 Mar 2026 2:33:12 pm UTC,26795520702,Order,406-6006523-7042732,HX-MF1200-02-40x60,"Homnix Car Cleaning Cloth - 1200gsm 40x60cm 2Pcs Ultra-Absorbent, Scratch-Free, Lint-Free Perfect for Bike Auto Cars Both Interior and Exterior.",1,amazon.in,Cash On Delivery Transactions and Non-Transactional Fees,Merchant,Visakhapatnam,ANDHRA PRADESH,531173,608.57,0,0,0,30.43,0,0,-3.04,-0.63,0,0,-53.1,0,582.23,Released,31 Mar 2026 10:23:08 pm UTC
17 Mar 2026 2:33:15 pm UTC,26839396592,Order,171-8497862-5579523,HX-MF1200-02-40x60,"Homnix Car Cleaning Cloth - 1200gsm 40x60cm 2Pcs Ultra-Absorbent, Scratch-Free, Lint-Free Perfect for Bike Auto Cars Both Interior and Exterior.",1,amazon.in,Cash On Delivery Transactions and Non-Transactional Fees,Merchant,jalandhar cantt,PUNJAB,144005,608.57,0,0,0,30.43,0,0,-3.04,-0.63,0,0,-53.1,0,582.23,Released,6 Apr 2026 7:58:25 am UTC
17 Mar 2026 2:33:28 pm UTC,26796197452,Order,404-5336166-0480351,HX-MF1200-01-40x60,Homnix Microfiber Cloth for Car 1200 GSM 40x60cm 1Pcs ! Twisted Loop Super Absorbent Edgeless Design with Plush Pile and Lint Free Cloth for Drying an,1,amazon.in,Electronic Transactions (Credit Card/Net Banking/GC),Merchant,NIT Faridabad,HARYANA,121005,284.76,0,0,0,14.24,0,0,-1.42,-0.29,0,0,-1.18,0,296.11,Released,29 Mar 2026 8:52:21 pm UTC
17 Mar 2026 2:33:28 pm UTC,26795520702,Order,406-8450453-1935519,HX-MF1200-01-40x60,Homnix Microfiber Cloth for Car 1200 GSM 40x60cm 1Pcs ! Twisted Loop Super Absorbent Edgeless Design with Plush Pile and Lint Free Cloth for Drying an,2,amazon.in,Cash On Delivery Transactions and Non-Transactional Fees,Merchant,SIWAN,BIHAR,841226,569.52,0,0,0,28.48,0,0,-2.84,-0.59,0,0,-14.16,0,580.41,Released,29 Mar 2026 7:02:51 am UTC
17 Mar 2026 2:33:31 pm UTC,26796197452,Order,403-0619929-5873141,HX-MF1200-01-40x60,Homnix Microfiber Cloth for Car 1200 GSM 40x60cm 1Pcs ! Twisted Loop Super Absorbent Edgeless Design with Plush Pile and Lint Free Cloth for Drying an,1,amazon.in,Electronic Transactions (Credit Card/Net Banking/GC),Merchant,SHOPIAN,JAMMU & KASHMIR,192303,284.76,0,0,0,14.24,0,0,-1.42,-0.29,0,0,-1.18,0,296.11,Released,1 Apr 2026 5:51:35 am UTC
17 Mar 2026 2:33:31 pm UTC,26796197452,Order,405-6285834-4537169,HX-MF1200-01-40x60,Homnix Microfiber Cloth for Car 1200 GSM 40x60cm 1Pcs ! Twisted Loop Super Absorbent Edgeless Design with Plush Pile and Lint Free Cloth for Drying an,1,amazon.in,Electronic Transactions (Credit Card/Net Banking/GC),Merchant,GREATER NOIDA,UTTAR PRADESH,201306,284.76,0,0,0,14.24,-0.71,-0.71,0,-0.29,0,0,-1.18,0,296.11,Released,29 Mar 2026 6:34:42 am UTC
17 Mar 2026 2:33:40 pm UTC,26796197452,Order,171-2440535-6343568,HX-MF1200-01-40x60,Homnix Microfiber Cloth for Car 1200 GSM 40x60cm 1Pcs ! Twisted Loop Super Absorbent Edgeless Design with Plush Pile and Lint Free Cloth for Drying an,2,amazon.in,Electronic Transactions (Credit Card/Net Banking/GC),Merchant,MALEGAON,MAHARASHTRA,423203,569.52,0,0,0,28.48,0,0,-2.84,-0.58,0,0,-2.36,0,592.22,Released,30 Mar 2026 8:54:32 pm UTC
17 Mar 2026 2:33:48 pm UTC,26796197452,Order,402-6806495-6645133,HX-MF1200-02-40x60,"Homnix Car Cleaning Cloth - 1200gsm 40x60cm 2Pcs Ultra-Absorbent, Scratch-Free, Lint-Free Perfect for Bike Auto Cars Both Interior and Exterior.",1,amazon.in,Electronic Transactions (Credit Card/Net Banking/GC),Merchant,BHOPAL,MP,462024,608.57,0,0,-12.17,29.82,0,0,-2.98,-0.6,0,0,-53.1,0,569.54,Released,30 Mar 2026 5:56:31 am UTC
18 Mar 2026 11:57:54 am UTC,26839513572,Shipping Services,406-4788743-1957111,,Easy Ship weight handling fees,,Amazon.in,Electronic Transactions (Credit Card/Net Banking/GC),Merchant,,,,0,0,0,0,0,0,0,0,0,0,0,-64.9,0,-64.9,Released,4 Apr 2026 8:15:37 pm UTC
18 Mar 2026 11:58:01 am UTC,26796197452,Shipping Services,407-8108386-5654716,,Easy Ship weight handling fees,,Amazon.in,Electronic Transactions (Credit Card/Net Banking/GC),Merchant,,,,0,0,0,0,0,0,0,0,0,0,0,-64.9,0,-64.9,Released,31 Mar 2026 7:18:11 pm UTC
18 Mar 2026 11:58:17 am UTC,26795520702,Shipping Services,405-7180091-9224325,,Easy Ship weight handling fees,,Amazon.in,Cash On Delivery Transactions and Non-Transactional Fees,Merchant,,,,0,0,0,0,0,0,0,0,0,0,0,-64.9,0,-64.9,Released,2 Apr 2026 9:48:29 pm UTC
18 Mar 2026 11:58:31 am UTC,26796197452,Shipping Services,171-5634627-9031534,,Easy Ship weight handling fees,,Amazon.in,Electronic Transactions (Credit Card/Net Banking/GC),Merchant,,,,0,0,0,0,0,0,0,0,0,0,0,-64.9,0,-64.9,Released,30 Mar 2026 11:40:04 pm UTC
18 Mar 2026 12:13:25 pm UTC,26796197452,Order,171-5634627-9031534,HX-MF1200-02-40x40 4,"Homnix Microfiber Cleaning Cloth for Car, Bike- 1200 GSM 40x40cm 2Pcs |Thick Lint & Streak-Free Multipurpose Cloths - Microfibre Towels for Car Bike C",1,amazon.in,Electronic Transactions (Credit Card/Net Banking/GC),Merchant,MUMBAI,MAHARASHTRA,400050,427.62,0,0,-8.55,20.95,0,0,-2.1,-0.43,0,0,-25.96,0,411.53,Released,30 Mar 2026 9:01:36 pm UTC
18 Mar 2026 12:13:35 pm UTC,26839396592,Order,405-7180091-9224325,HX -MF1200-01-40*40,Homnix Microfiber Cleaning Cloth for Car & Bikes -1200 GSM 40x40cm 1Pcs | Thick Lint & Streak-Free Multipurpose Cloths - Automotive Microfibre Towels,1,amazon.in,Cash On Delivery Transactions and Non-Transactional Fees,Merchant,UDALA,ODISHA,757041,237.14,0,0,0,11.86,0,0,-1.19,-0.25,0,0,-1.18,0,246.38,Released,9 Apr 2026 5:58:28 am UTC
18 Mar 2026 12:13:57 pm UTC,26796197452,Order,407-8108386-5654716,HX-MF1200-01-40x60,Homnix Microfiber Cloth for Car 1200 GSM 40x60cm 1Pcs ! Twisted Loop Super Absorbent Edgeless Design with Plush Pile and Lint Free Cloth for Drying an,1,amazon.in,Electronic Transactions (Credit Card/Net Banking/GC),Merchant,PUNE,MAHARASHTRA,411045,284.76,0,0,-5.7,13.96,0,0,-1.4,-0.28,0,0,-1.18,0,290.16,Released,31 Mar 2026 5:38:45 am UTC
18 Mar 2026 12:14:35 pm UTC,26796197452,Order,406-4788743-1957111,HX-MF1200-01-40x60,Homnix Microfiber Cloth for Car 1200 GSM 40x60cm 1Pcs ! Twisted Loop Super Absorbent Edgeless Design with Plush Pile and Lint Free Cloth for Drying an,1,amazon.in,Electronic Transactions (Credit Card/Net Banking/GC),Merchant,KOTHAMANGALAM,KERALA,686693,303.81,0,0,0,15.19,0,0,-1.52,-0.31,0,0,-25.96,0,291.21,Released,1 Apr 2026 7:08:37 am UTC
18 Mar 2026 5:02:20 pm UTC,26795520702,Shipping Services,406-4977347-5066716,,Easy Ship weight handling fees,,Amazon.in,Cash On Delivery Transactions and Non-Transactional Fees,Merchant,,,,0,0,0,0,0,0,0,0,0,0,0,-64.9,0,-64.9,Released,30 Mar 2026 7:31:52 pm UTC
18 Mar 2026 5:02:22 pm UTC,26796197452,Shipping Services,404-6292724-1697928,,Easy Ship weight handling fees,,Amazon.in,Electronic Transactions (Credit Card/Net Banking/GC),Merchant,,,,0,0,0,0,0,0,0,0,0,0,0,-64.9,0,-64.9,Released,30 Mar 2026 8:17:45 pm UTC
18 Mar 2026 5:02:23 pm UTC,26795520702,Shipping Services,403-6287166-2480363,,Easy Ship weight handling fees,,Amazon.in,Cash On Delivery Transactions and Non-Transactional Fees,Merchant,,,,0,0,0,0,0,0,0,0,0,0,0,-172.28,0,-172.28,Released,2 Apr 2026 11:25:25 pm UTC
18 Mar 2026 5:02:25 pm UTC,26795520702,Shipping Services,171-0650581-2034726,,Easy Ship weight handling fees,,Amazon.in,Cash On Delivery Transactions and Non-Transactional Fees,Merchant,,,,0,0,0,0,0,0,0,0,0,0,0,-64.9,0,-64.9,Released,2 Apr 2026 9:12:56 pm UTC
18 Mar 2026 5:02:27 pm UTC,26795520702,Shipping Services,403-8779345-9417915,,Easy Ship weight handling fees,,Amazon.in,Cash On Delivery Transactions and Non-Transactional Fees,Merchant,,,,0,0,0,0,0,0,0,0,0,0,0,-64.9,0,-64.9,Released,31 Mar 2026 9:04:52 pm UTC
18 Mar 2026 5:02:34 pm UTC,26795520702,Shipping Services,171-8071759-5822765,,Easy Ship weight handling fees,,Amazon.in,Cash On Delivery Transactions and Non-Transactional Fees,Merchant,,,,0,0,0,0,0,0,0,0,0,0,0,-172.28,0,-172.28,Released,1 Apr 2026 9:43:34 pm UTC
18 Mar 2026 5:02:35 pm UTC,26795520702,Shipping Services,408-6585392-1757146,,Easy Ship weight handling fees,,Amazon.in,Cash On Delivery Transactions and Non-Transactional Fees,Merchant,,,,0,0,0,0,0,0,0,0,0,0,0,-172.28,0,-172.28,Released,2 Apr 2026 10:11:22 pm UTC
18 Mar 2026 5:02:37 pm UTC,26796197452,Shipping Services,403-6940774-9241945,,Easy Ship weight handling fees,,Amazon.in,Electronic Transactions (Credit Card/Net Banking/GC),Merchant,,,,0,0,0,0,0,0,0,0,0,0,0,-64.9,0,-64.9,Released,1 Apr 2026 11:33:35 pm UTC
18 Mar 2026 5:02:42 pm UTC,26795520702,Shipping Services,406-3244787-3289940,,Easy Ship weight handling fees,,Amazon.in,Cash On Delivery Transactions and Non-Transactional Fees,Merchant,,,,0,0,0,0,0,0,0,0,0,0,0,-64.9,0,-64.9,Released,2 Apr 2026 9:27:50 pm UTC
18 Mar 2026 5:02:43 pm UTC,26795520702,Shipping Services,402-3830180-0192327,,Easy Ship weight handling fees,,Amazon.in,Cash On Delivery Transactions and Non-Transactional Fees,Merchant,,,,0,0,0,0,0,0,0,0,0,0,0,-64.9,0,-64.9,Released,28 Mar 2026 9:17:52 pm UTC
18 Mar 2026 5:02:48 pm UTC,26795520702,Shipping Services,406-9928201-1302707,,Easy Ship weight handling fees,,Amazon.in,Cash On Delivery Transactions and Non-Transactional Fees,Merchant,,,,0,0,0,0,0,0,0,0,0,0,0,-64.9,0,-64.9,Released,30 Mar 2026 9:56:13 pm UTC
18 Mar 2026 5:02:48 pm UTC,26796197452,Shipping Services,402-3456111-0737127,,Easy Ship weight handling fees,,Amazon.in,Electronic Transactions (Credit Card/Net Banking/GC),Merchant,,,,0,0,0,0,0,0,0,0,0,0,0,-64.9,0,-64.9,Released,2 Apr 2026 10:39:02 pm UTC
18 Mar 2026 5:02:51 pm UTC,26795520702,Shipping Services,404-6711474-9700307,,Easy Ship weight handling fees,,Amazon.in,Cash On Delivery Transactions and Non-Transactional Fees,Merchant,,,,0,0,0,0,0,0,0,0,0,0,0,-64.9,0,-64.9,Released,30 Mar 2026 7:52:19 pm UTC
18 Mar 2026 5:02:52 pm UTC,26796197452,Shipping Services,171-6910652-7727532,,Easy Ship weight handling fees,,Amazon.in,Electronic Transactions (Credit Card/Net Banking/GC),Merchant,,,,0,0,0,0,0,0,0,0,0,0,0,-64.9,0,-64.9,Released,28 Mar 2026 12:20:32 am UTC
18 Mar 2026 5:02:55 pm UTC,26796197452,Shipping Services,402-1363518-1006749,,Easy Ship weight handling fees,,Amazon.in,Electronic Transactions (Credit Card/Net Banking/GC),Merchant,,,,0,0,0,0,0,0,0,0,0,0,0,-64.9,0,-64.9,Released,2 Apr 2026 11:51:49 pm UTC
18 Mar 2026 5:02:58 pm UTC,26795520702,Shipping Services,402-9297958-6684348,,Easy Ship weight handling fees,,Amazon.in,Cash On Delivery Transactions and Non-Transactional Fees,Merchant,,,,0,0,0,0,0,0,0,0,0,0,0,-64.9,0,-64.9,Released,29 Mar 2026 11:17:21 pm UTC
18 Mar 2026 5:02:59 pm UTC,26796197452,Shipping Services,171-9620402-4310726,,Easy Ship weight handling fees,,Amazon.in,Electronic Transactions (Credit Card/Net Banking/GC),Merchant,,,,0,0,0,0,0,0,0,0,0,0,0,-64.9,0,-64.9,Released,2 Apr 2026 7:31:15 pm UTC
18 Mar 2026 5:03:02 pm UTC,26796197452,Shipping Services,402-4980803-7821125,,Easy Ship weight handling fees,,Amazon.in,Electronic Transactions (Credit Card/Net Banking/GC),Merchant,,,,0,0,0,0,0,0,0,0,0,0,0,-64.9,0,-64.9,Released,1 Apr 2026 8:34:08 pm UTC
18 Mar 2026 5:03:02 pm UTC,26839396592,Shipping Services,406-1261324-2925150,,Easy Ship weight handling fees,,Amazon.in,Cash On Delivery Transactions and Non-Transactional Fees,Merchant,,,,0,0,0,0,0,0,0,0,0,0,0,-64.9,0,-64.9,Released,3 Apr 2026 7:01:26 pm UTC
18 Mar 2026 5:03:03 pm UTC,26796197452,Shipping Services,404-8300896-2263558,,Easy Ship weight handling fees,,Amazon.in,Electronic Transactions (Credit Card/Net Banking/GC),Merchant,,,,0,0,0,0,0,0,0,0,0,0,0,-64.9,0,-64.9,Released,29 Mar 2026 10:53:15 pm UTC
18 Mar 2026 5:03:07 pm UTC,26795520702,Shipping Services,406-4997678-4776345,,Easy Ship weight handling fees,,Amazon.in,Cash On Delivery Transactions and Non-Transactional Fees,Merchant,,,,0,0,0,0,0,0,0,0,0,0,0,-64.9,0,-64.9,Released,31 Mar 2026 11:29:22 pm UTC
18 Mar 2026 5:03:08 pm UTC,26795520702,Shipping Services,406-9601907-3679540,,Easy Ship weight handling fees,,Amazon.in,Cash On Delivery Transactions and Non-Transactional Fees,Merchant,,,,0,0,0,0,0,0,0,0,0,0,0,-64.9,0,-64.9,Released,30 Mar 2026 8:15:44 pm UTC
18 Mar 2026 5:03:13 pm UTC,26795520702,Shipping Services,404-4000792-7374746,,Easy Ship weight handling fees,,Amazon.in,Cash On Delivery Transactions and Non-Transactional Fees,Merchant,,,,0,0,0,0,0,0,0,0,0,0,0,-64.9,0,-64.9,Released,1 Apr 2026 11:53:08 pm UTC
18 Mar 2026 5:17:57 pm UTC,26796197452,Order,404-6292724-1697928,HX-MF1200-01-40x60,Homnix Microfiber Cloth for Car 1200 GSM 40x60cm 1Pcs ! Twisted Loop Super Absorbent Edgeless Design with Plush Pile and Lint Free Cloth for Drying an,1,amazon.in,Electronic Transactions (Credit Card/Net Banking/GC),Merchant,Mumbai,MAHARASHTRA,400004,303.81,0,0,-6.08,14.89,0,0,-1.49,-0.31,0,0,-25.96,0,284.86,Released,30 Mar 2026 5:33:18 pm UTC
18 Mar 2026 5:17:59 pm UTC,26839396592,Order,406-9928201-1302707,HX-MF1200-01-40x60,Homnix Microfiber Cloth for Car 1200 GSM 40x60cm 1Pcs ! Twisted Loop Super Absorbent Edgeless Design with Plush Pile and Lint Free Cloth for Drying an,1,amazon.in,Cash On Delivery Transactions and Non-Transactional Fees,Merchant,SOHNA,HARYANA,122102,284.76,0,0,-14.24,13.53,0,0,-1.35,-0.28,0,0,-7.08,0,275.34,Released,3 Apr 2026 3:59:24 pm UTC
18 Mar 2026 5:18:01 pm UTC,26795520702,Order,406-3244787-3289940,HX-MF1200-01-40x60,Homnix Microfiber Cloth for Car 1200 GSM 40x60cm 1Pcs ! Twisted Loop Super Absorbent Edgeless Design with Plush Pile and Lint Free Cloth for Drying an,1,amazon.in,Cash On Delivery Transactions and Non-Transactional Fees,Merchant,KASARAGOD,KERALA,671121,303.81,0,0,0,15.19,0,0,-1.52,-0.32,0,0,-25.96,0,291.2,Released,1 Apr 2026 8:40:55 pm UTC
18 Mar 2026 5:18:05 pm UTC,26796197452,Order,404-8300896-2263558,HX -MF1200-01-40*40,Homnix Microfiber Cleaning Cloth for Car & Bikes -1200 GSM 40x40cm 1Pcs | Thick Lint & Streak-Free Multipurpose Cloths - Automotive Microfibre Towels,1,amazon.in,Electronic Transactions (Credit Card/Net Banking/GC),Merchant,NEW DELHI,DELHI,110095,237.14,0,0,0,11.86,0,0,-1.19,-0.24,0,0,-7.08,0,240.49,Released,29 Mar 2026 5:43:41 am UTC
18 Mar 2026 5:18:06 pm UTC,26795520702,Order,406-9601907-3679540,HX-MF1200-01-40x60,Homnix Microfiber Cloth for Car 1200 GSM 40x60cm 1Pcs ! Twisted Loop Super Absorbent Edgeless Design with Plush Pile and Lint Free Cloth for Drying an,1,amazon.in,Cash On Delivery Transactions and Non-Transactional Fees,Merchant,Visakhapatnam,ANDHRA PRADESH,530045,284.76,0,0,0,14.24,0,0,-1.42,-0.3,0,0,-7.08,0,290.2,Released,30 Mar 2026 9:01:53 pm UTC
18 Mar 2026 5:18:10 pm UTC,26795520702,Order,402-3830180-0192327,HX-MF1200-02-40x60,"Homnix Car Cleaning Cloth - 1200gsm 40x60cm 2Pcs Ultra-Absorbent, Scratch-Free, Lint-Free Perfect for Bike Auto Cars Both Interior and Exterior.",1,amazon.in,Cash On Delivery Transactions and Non-Transactional Fees,Merchant,NAVI MUMBAI,MAHARASHTRA,410210,608.57,0,0,0,30.43,0,0,-3.04,-0.62,-98.02,0,-40.12,0,497.2,Released,30 Mar 2026 11:45:30 pm UTC
18 Mar 2026 5:18:14 pm UTC,26796197452,Order,171-9620402-4310726,HX-MF1200-01-40x60,Homnix Microfiber Cloth for Car 1200 GSM 40x60cm 1Pcs ! Twisted Loop Super Absorbent Edgeless Design with Plush Pile and Lint Free Cloth for Drying an,1,amazon.in,Electronic Transactions (Credit Card/Net Banking/GC),Merchant,CHENNAI,TAMIL NADU,600056,303.81,0,0,0,15.19,0,0,-1.52,-0.31,0,0,-25.96,0,291.21,Released,2 Apr 2026 8:46:02 pm UTC
18 Mar 2026 5:18:15 pm UTC,26795520702,Order,403-8779345-9417915,HX-MF1200-01-40x60,Homnix Microfiber Cloth for Car 1200 GSM 40x60cm 1Pcs ! Twisted Loop Super Absorbent Edgeless Design with Plush Pile and Lint Free Cloth for Drying an,1,amazon.in,Cash On Delivery Transactions and Non-Transactional Fees,Merchant,Nadavayal,KERALA,670721,284.76,0,0,0,14.24,0,0,-1.42,-0.3,0,0,-7.08,0,290.2,Released,1 Apr 2026 11:23:02 pm UTC
18 Mar 2026 5:18:16 pm UTC,26796197452,Order,403-6940774-9241945,MHX -MF1200-01-40*40,Homnix Microfiber Cleaning Cloth for Car & Bikes -1200 GSM 40x40cm 1Pcs | Thick Lint & Streak-Free Multipurpose Cloths - Automotive Microfibre Towels,1,amazon.in,Electronic Transactions (Credit Card/Net Banking/GC),Merchant,Nawa,RAJASTHAN,341509,218.1,0,0,0,10.9,0,0,-1.09,-0.22,0,0,-1.18,0,226.51,Released,31 Mar 2026 10:07:12 pm UTC
18 Mar 2026 5:18:19 pm UTC,26795520702,Order,171-0650581-2034726,HX -MF1200-01-40*40,Homnix Microfiber Cleaning Cloth for Car & Bikes -1200 GSM 40x40cm 1Pcs | Thick Lint & Streak-Free Multipurpose Cloths - Automotive Microfibre Towels,1,amazon.in,Cash On Delivery Transactions and Non-Transactional Fees,Merchant,RAMPURHAT,WEST BENGAL,731233,237.14,0,0,0,11.86,0,0,-1.19,-0.25,0,0,-1.18,0,246.38,Released,1 Apr 2026 7:21:59 am UTC
18 Mar 2026 5:18:21 pm UTC,26795520702,Order,404-6711474-9700307,HX-MF1200-02-40x60,"Homnix Car Cleaning Cloth - 1200gsm 40x60cm 2Pcs Ultra-Absorbent, Scratch-Free, Lint-Free Perfect for Bike Auto Cars Both Interior and Exterior.",1,amazon.in,Cash On Delivery Transactions and Non-Transactional Fees,Merchant,BATALA,PUNJAB,143505,608.57,0,0,0,30.43,0,0,-3.04,-0.63,-98.02,0,-40.12,0,497.19,Released,30 Mar 2026 10:18:56 pm UTC
18 Mar 2026 5:18:22 pm UTC,26795520702,Order,408-6585392-1757146,HX-CarWashDuster-01,Homnix Car Duster - Lint-Free & Scratch-Free Car Cleaner Brush with Long Handle - Car Dust Cleaner Features Paraffin Wax Coating for 2X Better Cleanin,1,amazon.in,Cash On Delivery Transactions and Non-Transactional Fees,Merchant,ARARIA,BIHAR,854311,665.71,0,0,0,33.29,0,0,-3.33,-0.68,0,0,-53.1,0,641.89,Released,1 Apr 2026 8:13:37 pm UTC
18 Mar 2026 5:18:26 pm UTC,26796197452,Order,402-3456111-0737127,HX -MF1200-01-40*40,Homnix Microfiber Cleaning Cloth for Car & Bikes -1200 GSM 40x40cm 1Pcs | Thick Lint & Streak-Free Multipurpose Cloths - Automotive Microfibre Towels,1,amazon.in,Electronic Transactions (Credit Card/Net Banking/GC),Merchant,Moga,PUNJAB,142045,237.14,0,0,0,11.86,0,0,-1.19,-0.24,0,0,-1.18,0,246.39,Released,31 Mar 2026 6:44:51 am UTC
18 Mar 2026 5:18:30 pm UTC,26795520702,Order,402-9297958-6684348,HX-MF1200-01-40x60,Homnix Microfiber Cloth for Car 1200 GSM 40x60cm 1Pcs ! Twisted Loop Super Absorbent Edgeless Design with Plush Pile and Lint Free Cloth for Drying an,1,amazon.in,Cash On Delivery Transactions and Non-Transactional Fees,Merchant,AGRA,UTTAR PRADESH,282001,284.76,0,0,0,14.24,-0.71,-0.71,0,-0.3,0,0,-7.08,0,290.2,Released,30 Mar 2026 12:19:37 am UTC
18 Mar 2026 5:18:31 pm UTC,26839396592,Order,406-1261324-2925150,HX-MF1200-01-40x60,Homnix Microfiber Cloth for Car 1200 GSM 40x60cm 1Pcs ! Twisted Loop Super Absorbent Edgeless Design with Plush Pile and Lint Free Cloth for Drying an,1,amazon.in,Cash On Delivery Transactions and Non-Transactional Fees,Merchant,Jagalur,KARNATAKA,577528,284.76,0,0,0,14.24,0,0,-1.42,-0.3,0,0,-7.08,0,290.2,Released,3 Apr 2026 11:50:45 pm UTC
18 Mar 2026 5:18:31 pm UTC,26795520702,Order,403-6287166-2480363,MHX-CarWashDuster-01,"Homnix Premium Car Duster for Car Cleaning - Ceramic Wax Infused & Scratch-Free Exterior Dusting Brush - Reusable, Multipurpose Dry Cleaner for SUV, S",1,amazon.in,Cash On Delivery Transactions and Non-Transactional Fees,Merchant,KANHANGAD,KERALA,671531,665.71,0,0,0,33.29,0,0,-3.33,-0.68,0,0,-53.1,0,641.89,Released,2 Apr 2026 7:53:22 am UTC
18 Mar 2026 5:18:35 pm UTC,26796197452,Order,402-1363518-1006749,HX-MF1200-01-40x60,Homnix Microfiber Cloth for Car 1200 GSM 40x60cm 1Pcs ! Twisted Loop Super Absorbent Edgeless Design with Plush Pile and Lint Free Cloth for Drying an,1,amazon.in,Electronic Transactions (Credit Card/Net Banking/GC),Merchant,Hapur,UTTAR PRADESH,245205,303.8,0,0,0,15.2,-0.76,-0.76,0,-0.31,0,0,-25.96,0,291.21,Released,30 Mar 2026 7:02:44 am UTC
18 Mar 2026 5:18:43 pm UTC,26795520702,Order,406-4977347-5066716,HX-MF1200-01-40x60,Homnix Microfiber Cloth for Car 1200 GSM 40x60cm 1Pcs ! Twisted Loop Super Absorbent Edgeless Design with Plush Pile and Lint Free Cloth for Drying an,1,amazon.in,Cash On Delivery Transactions and Non-Transactional Fees,Merchant,TOPA,JHARKHAND,825330,284.76,0,0,0,14.24,0,0,-1.42,-0.3,0,0,-7.08,0,290.2,Released,30 Mar 2026 9:09:13 pm UTC
18 Mar 2026 5:18:50 pm UTC,26795520702,Order,171-8071759-5822765,HX-CarWashDuster-01,Homnix Car Duster - Lint-Free & Scratch-Free Car Cleaner Brush with Long Handle - Car Dust Cleaner Features Paraffin Wax Coating for 2X Better Cleanin,1,amazon.in,Cash On Delivery Transactions and Non-Transactional Fees,Merchant,KHAMMAM,TELANGANA,507001,665.71,0,0,0,33.29,0,0,-3.33,-0.68,0,0,-53.1,0,641.89,Released,31 Mar 2026 7:53:13 am UTC
18 Mar 2026 5:18:53 pm UTC,26795520702,Order,404-4000792-7374746,HX-MF1200-01-40x60,Homnix Microfiber Cloth for Car 1200 GSM 40x60cm 1Pcs ! Twisted Loop Super Absorbent Edgeless Design with Plush Pile and Lint Free Cloth for Drying an,1,amazon.in,Cash On Delivery Transactions and Non-Transactional Fees,Merchant,Nagaon,ASSAM,782003,284.76,0,0,0,14.24,0,0,-1.42,-0.3,0,0,-1.18,0,296.1,Released,2 Apr 2026 8:34:11 pm UTC
18 Mar 2026 5:18:53 pm UTC,26795520702,Order,406-4997678-4776345,HX-MF1200-01-40x60,Homnix Microfiber Cloth for Car 1200 GSM 40x60cm 1Pcs ! Twisted Loop Super Absorbent Edgeless Design with Plush Pile and Lint Free Cloth for Drying an,1,amazon.in,Cash On Delivery Transactions and Non-Transactional Fees,Merchant,HSIIDC SOHNA,HARYANA,122103,303.81,0,0,0,15.19,0,0,-1.52,-0.31,0,0,-25.96,0,291.21,Released,30 Mar 2026 6:36:09 am UTC
18 Mar 2026 5:18:55 pm UTC,26796197452,Order,402-4980803-7821125,MHX -MF1200-01-40*40,Homnix Microfiber Cleaning Cloth for Car & Bikes -1200 GSM 40x40cm 1Pcs | Thick Lint & Streak-Free Multipurpose Cloths - Automotive Microfibre Towels,1,amazon.in,Electronic Transactions (Credit Card/Net Banking/GC),Merchant,sangareddy,TELANGANA,502313,218.1,0,0,0,10.9,0,0,-1.09,-0.23,0,0,-1.18,0,226.5,Released,31 Mar 2026 9:44:32 pm UTC
18 Mar 2026 5:18:56 pm UTC,26796197452,Order,171-6910652-7727532,HX-MF1200-02-40x40 4,"Homnix Microfiber Cleaning Cloth for Car, Bike- 1200 GSM 40x40cm 2Pcs |Thick Lint & Streak-Free Multipurpose Cloths - Microfibre Towels for Car Bike C",1,amazon.in,Electronic Transactions (Credit Card/Net Banking/GC),Merchant,SARAI MIR,UTTAR PRADESH,276305,427.62,0,0,-21.39,20.32,-1.02,-1.02,0,-0.41,-25.17,0,-12.98,0,385.95,Released,29 Mar 2026 9:01:25 pm UTC
18 Mar 2026 6:21:36 pm UTC,26796197452,Shipping Services,406-7115390-0025969,,Easy Ship weight handling fees,,Amazon.in,Electronic Transactions (Credit Card/Net Banking/GC),Merchant,,,,0,0,0,0,0,0,0,0,0,0,0,-64.9,0,-64.9,Released,30 Mar 2026 9:24:55 pm UTC
18 Mar 2026 6:36:54 pm UTC,26796197452,Order,406-7115390-0025969,HX-MF1200-02-40x40 4,"Homnix Microfiber Cleaning Cloth for Car, Bike- 1200 GSM 40x40cm 2Pcs |Thick Lint & Streak-Free Multipurpose Cloths - Microfibre Towels for Car Bike C",1,amazon.in,Electronic Transactions (Credit Card/Net Banking/GC),Merchant,VADODARA,GUJARAT,390012,427.62,0,0,0,21.38,0,0,-2.14,-0.43,-26.49,0,-12.98,0,406.96,Released,31 Mar 2026 3:19:50 pm UTC
20 Mar 2026 7:41:41 am UTC,26706526542,Service Fee,,,Cost of Advertising,,,Electronic Transactions (Credit Card/Net Banking/GC),,,,,0,0,0,0,0,0,0,0,0,0,0,"-2,007.18",-361.29,"-2,368.47",Released,20 Mar 2026 7:41:41 am UTC
20 Mar 2026 6:32:51 pm UTC,26751780692,Service Fee,403-2619829-8628342,,Order Cancellation Charge,,Amazon.in,Electronic Transactions (Credit Card/Net Banking/GC),Merchant,,,,0,0,0,0,0,0,0,0,0,0,0,0,0,0,Released,20 Mar 2026 6:32:51 pm UTC
20 Mar 2026 6:49:11 pm UTC,26751800632,Service Fee,402-2453753-7286705,,Order Cancellation Charge,,Amazon.in,Cash On Delivery Transactions and Non-Transactional Fees,Merchant,,,,0,0,0,0,0,0,0,0,0,0,0,0,0,0,Released,20 Mar 2026 6:49:11 pm UTC
20 Mar 2026 6:56:30 pm UTC,26751780692,Service Fee,406-0631781-6295515,,Order Cancellation Charge,,Amazon.in,Electronic Transactions (Credit Card/Net Banking/GC),Merchant,,,,0,0,0,0,0,0,0,0,0,0,0,0,0,0,Released,20 Mar 2026 6:56:30 pm UTC
20 Mar 2026 7:03:17 pm UTC,26751780692,Service Fee,408-9531592-5053143,,Order Cancellation Charge,,Amazon.in,Electronic Transactions (Credit Card/Net Banking/GC),Merchant,,,,0,0,0,0,0,0,0,0,0,0,0,0,0,0,Released,20 Mar 2026 7:03:17 pm UTC
20 Mar 2026 7:04:48 pm UTC,26751780692,Service Fee,407-4056163-4662710,,Order Cancellation Charge,,Amazon.in,Electronic Transactions (Credit Card/Net Banking/GC),Merchant,,,,0,0,0,0,0,0,0,0,0,0,0,0,0,0,Released,20 Mar 2026 7:04:48 pm UTC
20 Mar 2026 7:15:08 pm UTC,26751780692,Service Fee,406-7534579-3985129,,Order Cancellation Charge,,Amazon.in,Electronic Transactions (Credit Card/Net Banking/GC),Merchant,,,,0,0,0,0,0,0,0,0,0,0,0,0,0,0,Released,20 Mar 2026 7:15:08 pm UTC
21 Mar 2026 1:16:01 am UTC,26751800632,Service Fee,,,Subscription,,Amazon.in,Cash On Delivery Transactions and Non-Transactional Fees,,,,,0,0,0,0,0,0,0,0,0,0,0,0,0,0,Released,21 Mar 2026 1:16:01 am UTC
21 Mar 2026 5:16:18 am UTC,26751800632,Transfer,,,To account ending with: 408,,,Cash On Delivery Transactions and Non-Transactional Fees,,,,,0,0,0,0,0,0,0,0,0,0,0,0,"-2,147.71","-2,147.71",Released,21 Mar 2026 5:16:18 am UTC
22 Mar 2026 10:53:45 am UTC,26839513572,Shipping Services,407-5689232-7216359,,Easy Ship weight handling fees,,Amazon.in,Electronic Transactions (Credit Card/Net Banking/GC),Merchant,,,,0,0,0,0,0,0,0,0,0,0,0,-60.18,0,-60.18,Released,7 Apr 2026 7:31:28 pm UTC
22 Mar 2026 10:53:46 am UTC,26795520702,Shipping Services,403-6654368-8718766,,Easy Ship weight handling fees,,Amazon.in,Cash On Delivery Transactions and Non-Transactional Fees,Merchant,,,,0,0,0,0,0,0,0,0,0,0,0,-167.56,0,-167.56,Released,2 Apr 2026 7:51:32 pm UTC
22 Mar 2026 10:53:46 am UTC,26839396592,Shipping Services,406-4826399-0353919,,Easy Ship weight handling fees,,Amazon.in,Cash On Delivery Transactions and Non-Transactional Fees,Merchant,,,,0,0,0,0,0,0,0,0,0,0,0,-60.18,0,-60.18,Released,6 Apr 2026 10:38:09 pm UTC
22 Mar 2026 10:53:47 am UTC,26839513572,Shipping Services,406-4981773-7756360,,Easy Ship weight handling fees,,Amazon.in,Electronic Transactions (Credit Card/Net Banking/GC),Merchant,,,,0,0,0,0,0,0,0,0,0,0,0,-60.18,0,-60.18,Released,5 Apr 2026 9:08:52 pm UTC
22 Mar 2026 10:53:48 am UTC,26796197452,Shipping Services,407-5415143-7525100,,Easy Ship weight handling fees,,Amazon.in,Electronic Transactions (Credit Card/Net Banking/GC),Merchant,,,,0,0,0,0,0,0,0,0,0,0,0,-60.18,0,-60.18,Released,2 Apr 2026 7:32:07 pm UTC
22 Mar 2026 10:53:49 am UTC,26839396592,Shipping Services,402-0907030-8529137,,Easy Ship weight handling fees,,Amazon.in,Cash On Delivery Transactions and Non-Transactional Fees,Merchant,,,,0,0,0,0,0,0,0,0,0,0,0,-60.18,0,-60.18,Released,4 Apr 2026 8:16:46 pm UTC
22 Mar 2026 10:53:50 am UTC,26839513572,Shipping Services,404-2013763-7821143,,Easy Ship weight handling fees,,Amazon.in,Electronic Transactions (Credit Card/Net Banking/GC),Merchant,,,,0,0,0,0,0,0,0,0,0,0,0,-60.18,0,-60.18,Released,4 Apr 2026 8:56:12 pm UTC
22 Mar 2026 10:53:51 am UTC,26839396592,Shipping Services,403-8972543-7297920,,Easy Ship weight handling fees,,Amazon.in,Cash On Delivery Transactions and Non-Transactional Fees,Merchant,,,,0,0,0,0,0,0,0,0,0,0,0,-60.18,0,-60.18,Released,6 Apr 2026 9:08:07 pm UTC
22 Mar 2026 10:53:52 am UTC,26839396592,Shipping Services,407-9479742-2244331,,Easy Ship weight handling fees,,Amazon.in,Cash On Delivery Transactions and Non-Transactional Fees,Merchant,,,,0,0,0,0,0,0,0,0,0,0,0,-60.18,0,-60.18,Released,6 Apr 2026 10:30:00 pm UTC
22 Mar 2026 10:53:53 am UTC,26839513572,Shipping Services,405-2245497-6161145,,Easy Ship weight handling fees,,Amazon.in,Electronic Transactions (Credit Card/Net Banking/GC),Merchant,,,,0,0,0,0,0,0,0,0,0,0,0,-60.18,0,-60.18,Released,4 Apr 2026 12:11:40 am UTC
22 Mar 2026 10:54:00 am UTC,26839513572,Shipping Services,408-0374254-6001938,,Easy Ship weight handling fees,,Amazon.in,Electronic Transactions (Credit Card/Net Banking/GC),Merchant,,,,0,0,0,0,0,0,0,0,0,0,0,-60.18,0,-60.18,Released,7 Apr 2026 7:48:31 pm UTC
22 Mar 2026 10:54:02 am UTC,26839513572,Shipping Services,402-4391145-1270725,,Easy Ship weight handling fees,,Amazon.in,Electronic Transactions (Credit Card/Net Banking/GC),Merchant,,,,0,0,0,0,0,0,0,0,0,0,0,-60.18,0,-60.18,Released,5 Apr 2026 9:58:21 pm UTC
22 Mar 2026 10:54:05 am UTC,26839513572,Shipping Services,404-1508630-7060350,,Easy Ship weight handling fees,,Amazon.in,Electronic Transactions (Credit Card/Net Banking/GC),Merchant,,,,0,0,0,0,0,0,0,0,0,0,0,-60.18,0,-60.18,Released,6 Apr 2026 9:25:50 pm UTC
22 Mar 2026 10:54:05 am UTC,26839513572,Shipping Services,406-0915325-6632328,,Easy Ship weight handling fees,,Amazon.in,Electronic Transactions (Credit Card/Net Banking/GC),Merchant,,,,0,0,0,0,0,0,0,0,0,0,0,-83.78,0,-83.78,Released,6 Apr 2026 11:16:17 pm UTC
22 Mar 2026 10:54:08 am UTC,26839513572,Shipping Services,407-2823287-4221117,,Easy Ship weight handling fees,,Amazon.in,Electronic Transactions (Credit Card/Net Banking/GC),Merchant,,,,0,0,0,0,0,0,0,0,0,0,0,-60.18,0,-60.18,Released,7 Apr 2026 10:37:18 pm UTC
22 Mar 2026 10:54:15 am UTC,26839513572,Shipping Services,403-2854996-4561151,,Easy Ship weight handling fees,,Amazon.in,Electronic Transactions (Credit Card/Net Banking/GC),Merchant,,,,0,0,0,0,0,0,0,0,0,0,0,-60.18,0,-60.18,Released,7 Apr 2026 9:41:59 pm UTC
22 Mar 2026 10:54:16 am UTC,26839396592,Shipping Services,406-3552921-3404341,,Easy Ship weight handling fees,,Amazon.in,Cash On Delivery Transactions and Non-Transactional Fees,Merchant,,,,0,0,0,0,0,0,0,0,0,0,0,-60.18,0,-60.18,Released,4 Apr 2026 8:44:12 pm UTC
22 Mar 2026 10:54:18 am UTC,26839396592,Shipping Services,405-6790019-3303563,,Easy Ship weight handling fees,,Amazon.in,Cash On Delivery Transactions and Non-Transactional Fees,Merchant,,,,0,0,0,0,0,0,0,0,0,0,0,-60.18,0,-60.18,Released,6 Apr 2026 9:14:18 pm UTC
22 Mar 2026 10:54:22 am UTC,26839513572,Shipping Services,403-3762385-1299519,,Easy Ship weight handling fees,,Amazon.in,Electronic Transactions (Credit Card/Net Banking/GC),Merchant,,,,0,0,0,0,0,0,0,0,0,0,0,-64.9,0,-64.9,Released,6 Apr 2026 7:15:54 pm UTC
22 Mar 2026 10:54:24 am UTC,26839396592,Shipping Services,408-5561597-3706744,,Easy Ship weight handling fees,,Amazon.in,Cash On Delivery Transactions and Non-Transactional Fees,Merchant,,,,0,0,0,0,0,0,0,0,0,0,0,-60.18,0,-60.18,Released,6 Apr 2026 10:17:37 pm UTC
22 Mar 2026 10:54:25 am UTC,26796197452,Shipping Services,404-3028297-8906734,,Easy Ship weight handling fees,,Amazon.in,Electronic Transactions (Credit Card/Net Banking/GC),Merchant,,,,0,0,0,0,0,0,0,0,0,0,0,-60.18,0,-60.18,Released,2 Apr 2026 8:22:15 pm UTC
22 Mar 2026 10:54:34 am UTC,26839513572,Shipping Services,406-8317927-6529909,,Easy Ship weight handling fees,,Amazon.in,Electronic Transactions (Credit Card/Net Banking/GC),Merchant,,,,0,0,0,0,0,0,0,0,0,0,0,-60.18,0,-60.18,Released,4 Apr 2026 8:28:15 pm UTC
22 Mar 2026 10:54:35 am UTC,26795520702,Shipping Services,407-3346246-6439550,,Easy Ship weight handling fees,,Amazon.in,Cash On Delivery Transactions and Non-Transactional Fees,Merchant,,,,0,0,0,0,0,0,0,0,0,0,0,-60.18,0,-60.18,Released,2 Apr 2026 9:46:49 pm UTC
22 Mar 2026 10:54:36 am UTC,26839513572,Shipping Services,403-4077794-0168333,,Easy Ship weight handling fees,,Amazon.in,Electronic Transactions (Credit Card/Net Banking/GC),Merchant,,,,0,0,0,0,0,0,0,0,0,0,0,-60.18,0,-60.18,Released,5 Apr 2026 9:15:18 pm UTC
22 Mar 2026 11:00:51 am UTC,26839396592,Shipping Services,404-1595803-1888304,,Easy Ship weight handling fees,,Amazon.in,Cash On Delivery Transactions and Non-Transactional Fees,Merchant,,,,0,0,0,0,0,0,0,0,0,0,0,-167.56,0,-167.56,Released,5 Apr 2026 7:37:15 pm UTC
22 Mar 2026 11:01:22 am UTC,26839396592,Shipping Services,407-1162632-3662706,,Easy Ship weight handling fees,,Amazon.in,Cash On Delivery Transactions and Non-Transactional Fees,Merchant,,,,0,0,0,0,0,0,0,0,0,0,0,-167.56,0,-167.56,Released,4 Apr 2026 8:06:37 pm UTC
22 Mar 2026 11:09:05 am UTC,26796197452,Order,404-3028297-8906734,HX -MF1200-01-40*40,Homnix Microfiber Cleaning Cloth for Car & Bikes -1200 GSM 40x40cm 1Pcs | Thick Lint & Streak-Free Multipurpose Cloths - Automotive Microfibre Towels,1,amazon.in,Electronic Transactions (Credit Card/Net Banking/GC),Merchant,LUCKNOW,UTTAR PRADESH,226003,237.14,0,0,0,11.86,-0.59,-0.59,0,-0.25,0,0,-1.18,0,246.39,Released,2 Apr 2026 6:37:19 am UTC
22 Mar 2026 11:09:11 am UTC,26796197452,Order,406-8317927-6529909,MHX -MF1200-01-40*40,Homnix Microfiber Cleaning Cloth for Car & Bikes -1200 GSM 40x40cm 1Pcs | Thick Lint & Streak-Free Multipurpose Cloths - Automotive Microfibre Towels,1,amazon.in,Electronic Transactions (Credit Card/Net Banking/GC),Merchant,Alipur,DELHI,110036,218.1,0,0,0,10.9,0,0,-1.09,-0.23,0,0,-1.18,0,226.5,Released,2 Apr 2026 10:44:02 pm UTC
22 Mar 2026 11:09:13 am UTC,26839513572,Order,406-0915325-6632328,HX-MF1200-01-40x60,Homnix Microfiber Cloth for Car 1200 GSM 40x60cm 1Pcs ! Twisted Loop Super Absorbent Edgeless Design with Plush Pile and Lint Free Cloth for Drying an,3,amazon.in,Electronic Transactions (Credit Card/Net Banking/GC),Merchant,THOTTADA,KERALA,670007,911.43,0,0,0,45.57,0,0,-4.56,-0.92,0,0,-77.88,0,873.64,Released,5 Apr 2026 10:14:11 pm UTC
22 Mar 2026 11:09:15 am UTC,26839396592,Order,403-8972543-7297920,HX -MF1200-01-40*40,Homnix Microfiber Cleaning Cloth for Car & Bikes -1200 GSM 40x40cm 1Pcs | Thick Lint & Streak-Free Multipurpose Cloths - Automotive Microfibre Towels,1,amazon.in,Cash On Delivery Transactions and Non-Transactional Fees,Merchant,PERUMBAVOOR,KERALA,683543,237.14,0,0,0,11.86,0,0,-1.19,-0.25,0,0,-1.18,0,246.38,Released,5 Apr 2026 6:24:05 am UTC
22 Mar 2026 11:09:16 am UTC,26839396592,Order,405-6790019-3303563,HX-MF1200-01-40x60,Homnix Microfiber Cloth for Car 1200 GSM 40x60cm 1Pcs ! Twisted Loop Super Absorbent Edgeless Design with Plush Pile and Lint Free Cloth for Drying an,1,amazon.in,Cash On Delivery Transactions and Non-Transactional Fees,Merchant,FAZILKA,PUNJAB,152123,303.81,0,0,0,15.19,0,0,-1.52,-0.32,0,0,-25.96,0,291.2,Released,3 Apr 2026 9:54:10 pm UTC
22 Mar 2026 11:09:19 am UTC,26839396592,Order,407-9479742-2244331,HX -MF1200-01-40*40,Homnix Microfiber Cleaning Cloth for Car & Bikes -1200 GSM 40x40cm 1Pcs | Thick Lint & Streak-Free Multipurpose Cloths - Automotive Microfibre Towels,1,amazon.in,Cash On Delivery Transactions and Non-Transactional Fees,Merchant,GURUGRAM,HARYANA,123035,237.14,0,0,0,11.86,0,0,-1.19,-0.25,0,0,-1.18,0,246.38,Released,5 Apr 2026 9:06:00 pm UTC
22 Mar 2026 11:09:20 am UTC,26839396592,Order,407-3346246-6439550,HX-MF1200-01-40x60,Homnix Microfiber Cloth for Car 1200 GSM 40x60cm 1Pcs ! Twisted Loop Super Absorbent Edgeless Design with Plush Pile and Lint Free Cloth for Drying an,1,amazon.in,Cash On Delivery Transactions and Non-Transactional Fees,Merchant,LUCKNOW,UTTAR PRADESH,226016,303.8,0,0,-6.08,14.9,-0.74,-0.74,0,-0.31,0,0,-25.96,0,284.87,Released,6 Apr 2026 8:58:09 pm UTC
22 Mar 2026 11:09:20 am UTC,26795520702,Order,406-3552921-3404341,HX-MF1200-01-40x60,Homnix Microfiber Cloth for Car 1200 GSM 40x60cm 1Pcs ! Twisted Loop Super Absorbent Edgeless Design with Plush Pile and Lint Free Cloth for Drying an,1,amazon.in,Cash On Delivery Transactions and Non-Transactional Fees,Merchant,NOIDA,UTTAR PRADESH,201305,303.8,0,0,0,15.2,-0.76,-0.76,0,-0.31,0,0,-25.96,0,291.21,Released,2 Apr 2026 10:07:03 pm UTC
22 Mar 2026 11:09:26 am UTC,26839513572,Order,408-0374254-6001938,HX-MF1200-01-40x60,Homnix Microfiber Cloth for Car 1200 GSM 40x60cm 1Pcs ! Twisted Loop Super Absorbent Edgeless Design with Plush Pile and Lint Free Cloth for Drying an,1,amazon.in,Electronic Transactions (Credit Card/Net Banking/GC),Merchant,Kelambakkam,TAMIL NADU,603103,303.81,0,0,-6.08,14.89,0,0,-1.49,-0.31,0,0,-25.96,0,284.86,Released,6 Apr 2026 9:34:00 pm UTC
22 Mar 2026 11:09:33 am UTC,26796197452,Order,407-5415143-7525100,HX -MF1200-01-40*40,Homnix Microfiber Cleaning Cloth for Car & Bikes -1200 GSM 40x40cm 1Pcs | Thick Lint & Streak-Free Multipurpose Cloths - Automotive Microfibre Towels,1,amazon.in,Electronic Transactions (Credit Card/Net Banking/GC),Merchant,LUCKNOW,UTTAR PRADESH,226028,237.14,0,0,-4.74,11.62,-0.58,-0.58,0,-0.24,0,0,-1.18,0,241.44,Released,2 Apr 2026 11:29:02 pm UTC
22 Mar 2026 11:09:34 am UTC,26796197452,Order,404-2013763-7821143,MHX -MF1200-01-40*40,Homnix Microfiber Cleaning Cloth for Car & Bikes -1200 GSM 40x40cm 1Pcs | Thick Lint & Streak-Free Multipurpose Cloths - Automotive Microfibre Towels,1,amazon.in,Electronic Transactions (Credit Card/Net Banking/GC),Merchant,AGRA,UTTAR PRADESH,282007,218.1,0,0,0,10.9,-0.55,-0.55,0,-0.22,0,0,-1.18,0,226.5,Released,3 Apr 2026 6:14:56 am UTC
22 Mar 2026 11:09:36 am UTC,26796197452,Order,405-2245497-6161145,MHX -MF1200-01-40*40,Homnix Microfiber Cleaning Cloth for Car & Bikes -1200 GSM 40x40cm 1Pcs | Thick Lint & Streak-Free Multipurpose Cloths - Automotive Microfibre Towels,1,amazon.in,Electronic Transactions (Credit Card/Net Banking/GC),Merchant,MADHEPURA,BIHAR,852113,218.1,0,0,0,10.9,0,0,-1.09,-0.22,0,0,-1.18,0,226.51,Released,3 Apr 2026 4:12:08 am UTC
22 Mar 2026 11:09:43 am UTC,26839513572,Order,403-4077794-0168333,HX-MF1200-01-40x60,Homnix Microfiber Cloth for Car 1200 GSM 40x60cm 1Pcs ! Twisted Loop Super Absorbent Edgeless Design with Plush Pile and Lint Free Cloth for Drying an,1,amazon.in,Electronic Transactions (Credit Card/Net Banking/GC),Merchant,MAHAGMA,JHARKHAND,814154,303.81,0,0,0,15.19,0,0,-1.52,-0.31,0,0,-25.96,0,291.21,Released,5 Apr 2026 6:38:10 am UTC
22 Mar 2026 11:09:45 am UTC,26795520702,Order,403-6654368-8718766,HX-CarWashDuster-01,Homnix Car Duster - Lint-Free & Scratch-Free Car Cleaner Brush with Long Handle - Car Dust Cleaner Features Paraffin Wax Coating for 2X Better Cleanin,1,amazon.in,Cash On Delivery Transactions and Non-Transactional Fees,Merchant,NAUBATPUR,BIHAR,801109,665.71,0,0,0,33.29,0,0,-3.33,-0.68,0,0,-53.1,0,641.89,Released,2 Apr 2026 11:59:47 pm UTC
22 Mar 2026 11:09:45 am UTC,26839513572,Order,403-3762385-1299519,HX-MF1200-02-40x60,"Homnix Car Cleaning Cloth - 1200gsm 40x60cm 2Pcs Ultra-Absorbent, Scratch-Free, Lint-Free Perfect for Bike Auto Cars Both Interior and Exterior.",1,amazon.in,Electronic Transactions (Credit Card/Net Banking/GC),Merchant,JHALRAPATAN,RAJASTHAN,326023,608.57,0,0,0,30.43,0,0,-3.04,-0.62,0,0,-53.1,0,582.24,Released,4 Apr 2026 11:18:42 pm UTC
22 Mar 2026 11:09:49 am UTC,26796197452,Order,404-1508630-7060350,HX-MF1200-01-40x60,Homnix Microfiber Cloth for Car 1200 GSM 40x60cm 1Pcs ! Twisted Loop Super Absorbent Edgeless Design with Plush Pile and Lint Free Cloth for Drying an,1,amazon.in,Electronic Transactions (Credit Card/Net Banking/GC),Merchant,JALANDHAR,PUNJAB,144001,303.81,0,0,0,15.19,0,0,-1.52,-0.31,0,0,-25.96,0,291.21,Released,3 Apr 2026 7:37:34 am UTC
22 Mar 2026 11:09:51 am UTC,26839513572,Order,407-5689232-7216359,HX -MF1200-01-40*40,Homnix Microfiber Cleaning Cloth for Car & Bikes -1200 GSM 40x40cm 1Pcs | Thick Lint & Streak-Free Multipurpose Cloths - Automotive Microfibre Towels,1,amazon.in,Electronic Transactions (Credit Card/Net Banking/GC),Merchant,SAGAR,KARNATAKA,577401,237.14,0,0,0,11.86,0,0,-1.19,-0.25,0,0,-1.18,0,246.38,Released,6 Apr 2026 4:29:43 am UTC
22 Mar 2026 11:09:51 am UTC,26839396592,Order,408-5561597-3706744,HX-MF1200-01-40x60,Homnix Microfiber Cloth for Car 1200 GSM 40x60cm 1Pcs ! Twisted Loop Super Absorbent Edgeless Design with Plush Pile and Lint Free Cloth for Drying an,1,amazon.in,Cash On Delivery Transactions and Non-Transactional Fees,Merchant,Pithoragarh,UTTARAKHAND,262501,303.81,0,0,0,15.19,0,0,-1.52,-0.31,0,0,-25.96,0,291.21,Released,4 Apr 2026 4:57:40 am UTC
22 Mar 2026 11:09:55 am UTC,26839396592,Order,406-4826399-0353919,HX -MF1200-01-40*40,Homnix Microfiber Cleaning Cloth for Car & Bikes -1200 GSM 40x40cm 1Pcs | Thick Lint & Streak-Free Multipurpose Cloths - Automotive Microfibre Towels,1,amazon.in,Cash On Delivery Transactions and Non-Transactional Fees,Merchant,MEHKAR,MAHARASHTRA,443301,237.14,0,0,-4.74,11.62,0,0,-1.16,-0.24,0,0,-1.18,0,241.44,Released,6 Apr 2026 8:51:31 pm UTC
22 Mar 2026 11:09:55 am UTC,26839513572,Order,403-2854996-4561151,HX-MF1200-01-40x60,Homnix Microfiber Cloth for Car 1200 GSM 40x60cm 1Pcs ! Twisted Loop Super Absorbent Edgeless Design with Plush Pile and Lint Free Cloth for Drying an,1,amazon.in,Electronic Transactions (Credit Card/Net Banking/GC),Merchant,THIRUVANANTHAPURAM,KERALA,695006,303.81,0,0,0,15.19,0,0,-1.52,-0.31,0,0,-25.96,0,291.21,Released,5 Apr 2026 9:11:28 pm UTC
22 Mar 2026 11:10:01 am UTC,26839513572,Order,407-2823287-4221117,HX -MF1200-01-40*40,Homnix Microfiber Cleaning Cloth for Car & Bikes -1200 GSM 40x40cm 1Pcs | Thick Lint & Streak-Free Multipurpose Cloths - Automotive Microfibre Towels,1,amazon.in,Electronic Transactions (Credit Card/Net Banking/GC),Merchant,AZARA/Guwahati,ASSAM,781128,237.14,0,0,-4.74,11.62,0,0,-1.16,-0.24,0,0,-1.18,0,241.44,Released,6 Apr 2026 10:35:15 pm UTC
22 Mar 2026 11:10:03 am UTC,26795520702,Order,402-0907030-8529137,HX-MF1200-01-40x60,Homnix Microfiber Cloth for Car 1200 GSM 40x60cm 1Pcs ! Twisted Loop Super Absorbent Edgeless Design with Plush Pile and Lint Free Cloth for Drying an,1,amazon.in,Cash On Delivery Transactions and Non-Transactional Fees,Merchant,Rewari,HARYANA,123401,303.81,0,0,0,15.19,0,0,-1.52,-0.32,0,0,-25.96,0,291.2,Released,2 Apr 2026 6:07:04 am UTC
22 Mar 2026 11:10:07 am UTC,26839513572,Order,402-4391145-1270725,HX-MF1200-01-40x60,Homnix Microfiber Cloth for Car 1200 GSM 40x60cm 1Pcs ! Twisted Loop Super Absorbent Edgeless Design with Plush Pile and Lint Free Cloth for Drying an,1,amazon.in,Electronic Transactions (Credit Card/Net Banking/GC),Merchant,BHOPAL,MADHYA PRADESH,462016,303.81,0,0,0,15.19,0,0,-1.52,-0.31,0,0,-25.96,0,291.21,Released,4 Apr 2026 3:59:21 am UTC
22 Mar 2026 11:10:16 am UTC,26839513572,Order,406-4981773-7756360,HX-MF1200-01-40x60,Homnix Microfiber Cloth for Car 1200 GSM 40x60cm 1Pcs ! Twisted Loop Super Absorbent Edgeless Design with Plush Pile and Lint Free Cloth for Drying an,1,amazon.in,Electronic Transactions (Credit Card/Net Banking/GC),Merchant,HYDERABAD,TELANGANA,500055,303.81,0,0,0,15.19,0,0,-1.52,-0.31,0,0,-25.96,0,291.21,Released,4 Apr 2026 10:57:56 pm UTC
22 Mar 2026 11:17:30 am UTC,26839396592,Order,407-1162632-3662706,HX-CarWashDuster-01,Homnix Car Duster - Lint-Free & Scratch-Free Car Cleaner Brush with Long Handle - Car Dust Cleaner Features Paraffin Wax Coating for 2X Better Cleanin,1,amazon.in,Cash On Delivery Transactions and Non-Transactional Fees,Merchant,MANDI GOVINDGARH,PUNJAB,147301,665.71,0,0,0,33.29,0,0,-3.33,-0.68,0,0,-53.1,0,641.89,Released,7 Apr 2026 8:18:18 am UTC
22 Mar 2026 11:17:42 am UTC,26839396592,Order,404-1595803-1888304,HX-CarWashDuster-01,Homnix Car Duster - Lint-Free & Scratch-Free Car Cleaner Brush with Long Handle - Car Dust Cleaner Features Paraffin Wax Coating for 2X Better Cleanin,1,amazon.in,Cash On Delivery Transactions and Non-Transactional Fees,Merchant,HYDERABAD,TELANGANA,500070,665.71,0,0,0,33.29,0,0,-3.33,-0.68,0,0,-53.1,0,641.89,Released,4 Apr 2026 5:43:51 am UTC
22 Mar 2026 10:00:51 pm UTC,26839396592,Shipping Services,407-2585541-8017143,,Amazon Easy Ship Weight Handling Fee Reversal,,Amazon.in,Cash On Delivery Transactions and Non-Transactional Fees,,,,,0,0,0,0,0,0,0,0,0,0,0,71.98,0,71.98,Released,4 Apr 2026 12:37:53 pm UTC
22 Mar 2026 10:15:43 pm UTC,26839396592,Refund,407-2585541-8017143,HX-MF1200-01-40x60,Homnix Microfiber Cloth for Car 1200 GSM 40x60cm 1Pcs ! Twisted Loop Super Absorbent Edgeless Design with Plush Pile and Lint Free Cloth for Drying an,2,amazon.in,Cash On Delivery Transactions and Non-Transactional Fees,Merchant,BHACHAU,GUJARAT,370140,-569.52,0,0,0,-28.48,0,0,2.84,0,0,0,14.16,0,-581,Released,4 Apr 2026 10:09:53 pm UTC
23 Mar 2026 3:05:56 am UTC,26795520702,Shipping Services,406-4977347-5066716,,Amazon Easy Ship Weight Handling Fee Reversal,,Amazon.in,Cash On Delivery Transactions and Non-Transactional Fees,,,,,0,0,0,0,0,0,0,0,0,0,0,64.9,0,64.9,Released,30 Mar 2026 10:00:31 pm UTC
23 Mar 2026 3:21:12 am UTC,26795520702,Refund,406-4977347-5066716,HX-MF1200-01-40x60,Homnix Microfiber Cloth for Car 1200 GSM 40x60cm 1Pcs ! Twisted Loop Super Absorbent Edgeless Design with Plush Pile and Lint Free Cloth for Drying an,1,amazon.in,Cash On Delivery Transactions and Non-Transactional Fees,Merchant,TOPA,JHARKHAND,825330,-284.76,0,0,0,-14.24,0,0,1.42,0,0,0,7.08,0,-290.5,Released,30 Mar 2026 6:52:11 pm UTC
23 Mar 2026 11:28:23 am UTC,26839513572,Shipping Services,404-9180031-8707551,,Easy Ship weight handling fees,,Amazon.in,Electronic Transactions (Credit Card/Net Banking/GC),Merchant,,,,0,0,0,0,0,0,0,0,0,0,0,-64.9,0,-64.9,Released,5 Apr 2026 9:52:09 pm UTC
23 Mar 2026 11:28:37 am UTC,26839513572,Shipping Services,407-3023982-5180305,,Easy Ship weight handling fees,,Amazon.in,Electronic Transactions (Credit Card/Net Banking/GC),Merchant,,,,0,0,0,0,0,0,0,0,0,0,0,-64.9,0,-64.9,Released,5 Apr 2026 8:52:23 pm UTC
23 Mar 2026 11:28:45 am UTC,26839513572,Shipping Services,402-3647495-6029146,,Easy Ship weight handling fees,,Amazon.in,Electronic Transactions (Credit Card/Net Banking/GC),Merchant,,,,0,0,0,0,0,0,0,0,0,0,0,-64.9,0,-64.9,Released,5 Apr 2026 10:03:52 pm UTC
23 Mar 2026 11:28:46 am UTC,26839396592,Shipping Services,407-6676979-2393914,,Easy Ship weight handling fees,,Amazon.in,Cash On Delivery Transactions and Non-Transactional Fees,Merchant,,,,0,0,0,0,0,0,0,0,0,0,0,-64.9,0,-64.9,Released,6 Apr 2026 9:49:57 pm UTC
23 Mar 2026 11:28:46 am UTC,26839396592,Shipping Services,402-3616744-5998731,,Easy Ship weight handling fees,,Amazon.in,Cash On Delivery Transactions and Non-Transactional Fees,Merchant,,,,0,0,0,0,0,0,0,0,0,0,0,-88.5,0,-88.5,Released,5 Apr 2026 10:21:25 pm UTC
23 Mar 2026 11:28:48 am UTC,26839513572,Shipping Services,406-0021930-6892327,,Easy Ship weight handling fees,,Amazon.in,Electronic Transactions (Credit Card/Net Banking/GC),Merchant,,,,0,0,0,0,0,0,0,0,0,0,0,-64.9,0,-64.9,Released,9 Apr 2026 12:01:45 am UTC
23 Mar 2026 11:28:50 am UTC,26839396592,Shipping Services,402-9881135-4365915,,Easy Ship weight handling fees,,Amazon.in,Cash On Delivery Transactions and Non-Transactional Fees,Merchant,,,,0,0,0,0,0,0,0,0,0,0,0,-64.9,0,-64.9,Released,6 Apr 2026 9:22:54 pm UTC
23 Mar 2026 11:28:51 am UTC,26839513572,Shipping Services,403-9157398-4639510,,Easy Ship weight handling fees,,Amazon.in,Electronic Transactions (Credit Card/Net Banking/GC),Merchant,,,,0,0,0,0,0,0,0,0,0,0,0,-64.9,0,-64.9,Released,8 Apr 2026 9:59:06 pm UTC
23 Mar 2026 11:43:54 am UTC,26839396592,Order,407-6676979-2393914,MHX -MF1200-01-40*40,Homnix Microfiber Cleaning Cloth for Car & Bikes -1200 GSM 40x40cm 1Pcs | Thick Lint & Streak-Free Multipurpose Cloths - Automotive Microfibre Towels,1,amazon.in,Cash On Delivery Transactions and Non-Transactional Fees,Merchant,Kanjari,GUJARAT,387325,218.1,0,0,0,10.9,0,0,-1.09,-0.23,0,0,-1.18,0,226.5,Released,5 Apr 2026 7:56:44 am UTC
23 Mar 2026 11:44:07 am UTC,26839396592,Order,402-9881135-4365915,HX-MF1200-01-40x60,Homnix Microfiber Cloth for Car 1200 GSM 40x60cm 1Pcs ! Twisted Loop Super Absorbent Edgeless Design with Plush Pile and Lint Free Cloth for Drying an,1,amazon.in,Cash On Delivery Transactions and Non-Transactional Fees,Merchant,AHMADNAGAR,MAHARASHTRA,414003,303.81,0,0,0,15.19,0,0,-1.52,-0.32,0,0,-25.96,0,291.2,Released,6 Apr 2026 8:38:35 pm UTC
23 Mar 2026 11:44:14 am UTC,26839513572,Order,406-0021930-6892327,HX-MF1200-01-40x60,Homnix Microfiber Cloth for Car 1200 GSM 40x60cm 1Pcs ! Twisted Loop Super Absorbent Edgeless Design with Plush Pile and Lint Free Cloth for Drying an,1,amazon.in,Electronic Transactions (Credit Card/Net Banking/GC),Merchant,Muvattupuzha,KERALA,686670,303.81,0,0,0,15.19,0,0,-1.52,-0.31,0,0,-25.96,0,291.21,Released,6 Apr 2026 10:52:47 pm UTC
23 Mar 2026 11:44:26 am UTC,26839513572,Order,404-9180031-8707551,HX -MF350-03-40*40,"Homnix Multipurpose Microfiber Cleaning Towel Cloth || 350 GSM 40X40 Highly Absorbent Dust Lint Free Towels for All Vehicles Bike, Car, Glass Detailin",1,amazon.in,Electronic Transactions (Credit Card/Net Banking/GC),Merchant,Kolkata,WEST BENGAL,700075,189.52,0,0,-7.58,9.1,0,0,-0.91,-0.19,0,0,-1.18,0,188.76,Released,5 Apr 2026 5:59:18 am UTC
23 Mar 2026 11:44:27 am UTC,26839513572,Order,403-9157398-4639510,HX-MF1200-01-40x60,Homnix Microfiber Cloth for Car 1200 GSM 40x60cm 1Pcs ! Twisted Loop Super Absorbent Edgeless Design with Plush Pile and Lint Free Cloth for Drying an,1,amazon.in,Electronic Transactions (Credit Card/Net Banking/GC),Merchant,KOLLAM,KERALA,691021,303.81,0,0,0,15.19,0,0,-1.52,-0.31,0,0,-25.96,0,291.21,Released,6 Apr 2026 11:19:34 pm UTC
23 Mar 2026 11:44:37 am UTC,26839396592,Order,402-3616744-5998731,HX-CarWashDuster-01,Homnix Car Duster - Lint-Free & Scratch-Free Car Cleaner Brush with Long Handle - Car Dust Cleaner Features Paraffin Wax Coating for 2X Better Cleanin,1,amazon.in,Cash On Delivery Transactions and Non-Transactional Fees,Merchant,GURUGRAM,HARYANA,122001,665.71,0,0,0,33.29,0,0,-3.33,-0.68,0,0,-53.1,0,641.89,Released,9 Apr 2026 5:58:52 am UTC
23 Mar 2026 11:44:41 am UTC,26839513572,Order,402-3647495-6029146,HX-MF1200-01-40x60,Homnix Microfiber Cloth for Car 1200 GSM 40x60cm 1Pcs ! Twisted Loop Super Absorbent Edgeless Design with Plush Pile and Lint Free Cloth for Drying an,1,amazon.in,Electronic Transactions (Credit Card/Net Banking/GC),Merchant,KOLKATA,WEST BENGAL,700105,303.81,0,0,0,15.19,0,0,-1.52,-0.31,0,0,-25.96,0,291.21,Released,5 Apr 2026 11:51:37 pm UTC
23 Mar 2026 11:44:43 am UTC,26839513572,Order,407-3023982-5180305,HX-MF1200-01-40x60,Homnix Microfiber Cloth for Car 1200 GSM 40x60cm 1Pcs ! Twisted Loop Super Absorbent Edgeless Design with Plush Pile and Lint Free Cloth for Drying an,2,amazon.in,Electronic Transactions (Credit Card/Net Banking/GC),Merchant,FARIDABAD,HARYANA,121006,607.62,0,0,-12.16,29.78,0,0,-2.98,-0.6,0,0,-51.92,0,569.74,Released,3 Apr 2026 9:21:10 pm UTC
23 Mar 2026 2:22:56 pm UTC,26796197452,Refund,407-2654706-4713954,MHX -MF1200-01-40*40,Homnix Microfiber Cleaning Cloth for Car & Bikes -1200 GSM 40x40cm 1Pcs | Thick Lint & Streak-Free Multipurpose Cloths - Automotive Microfibre Towels,1,amazon.in,Electronic Transactions (Credit Card/Net Banking/GC),Merchant,ERNAKULAM,KERALA,682032,-218.1,0,0,0,-10.9,0,0,1.09,0,-53.1,0,0,0,-281.01,Released,29 Mar 2026 8:01:45 am UTC
23 Mar 2026 11:10:51 pm UTC,26839396592,Shipping Services,406-9928201-1302707,,Amazon Easy Ship Weight Handling Fee Reversal,,Amazon.in,Cash On Delivery Transactions and Non-Transactional Fees,,,,,0,0,0,0,0,0,0,0,0,0,0,64.9,0,64.9,Released,3 Apr 2026 7:08:24 pm UTC
23 Mar 2026 11:26:22 pm UTC,26839396592,Refund,406-9928201-1302707,HX-MF1200-01-40x60,Homnix Microfiber Cloth for Car 1200 GSM 40x60cm 1Pcs ! Twisted Loop Super Absorbent Edgeless Design with Plush Pile and Lint Free Cloth for Drying an,1,amazon.in,Cash On Delivery Transactions and Non-Transactional Fees,Merchant,SOHNA,HARYANA,122102,-284.76,0,0,14.24,-13.53,0,0,1.35,0,0,0,7.08,0,-275.62,Released,3 Apr 2026 7:30:12 pm UTC
24 Mar 2026 10:49:25 am UTC,26751800632,Adjustment,,,Other,,,Cash On Delivery Transactions and Non-Transactional Fees,,,,,0,0,0,0,0,0,0,0,0,0,0,0,-23.6,-23.6,Released,24 Mar 2026 10:49:25 am UTC
24 Mar 2026 11:03:44 am UTC,26751800632,Adjustment,,,Other,,,Cash On Delivery Transactions and Non-Transactional Fees,,,,,0,0,0,0,0,0,0,0,0,0,0,0,-23.6,-23.6,Released,24 Mar 2026 11:03:44 am UTC
24 Mar 2026 11:23:52 am UTC,26751800632,Adjustment,,,Other,,,Cash On Delivery Transactions and Non-Transactional Fees,,,,,0,0,0,0,0,0,0,0,0,0,0,0,-23.6,-23.6,Released,24 Mar 2026 11:23:52 am UTC
24 Mar 2026 11:44:25 am UTC,26751800632,Adjustment,,,Other,,,Cash On Delivery Transactions and Non-Transactional Fees,,,,,0,0,0,0,0,0,0,0,0,0,0,0,-23.6,-23.6,Released,24 Mar 2026 11:44:25 am UTC
24 Mar 2026 2:13:47 pm UTC,26751800632,Adjustment,,,Other,,,Cash On Delivery Transactions and Non-Transactional Fees,,,,,0,0,0,0,0,0,0,0,0,0,0,0,-23.6,-23.6,Released,24 Mar 2026 2:13:47 pm UTC
24 Mar 2026 2:33:05 pm UTC,26751800632,Adjustment,,,Other,,,Cash On Delivery Transactions and Non-Transactional Fees,,,,,0,0,0,0,0,0,0,0,0,0,0,0,-23.6,-23.6,Released,24 Mar 2026 2:33:05 pm UTC
24 Mar 2026 9:58:41 pm UTC,26751780692,Service Fee,,,Cost of Advertising,,,Electronic Transactions (Credit Card/Net Banking/GC),,,,,0,0,0,0,0,0,0,0,0,0,0,"-2,001.48",-360.27,"-2,361.75",Released,24 Mar 2026 9:58:41 pm UTC
25 Mar 2026 11:01:20 am UTC,26751800632,Adjustment,,,Other,,,Cash On Delivery Transactions and Non-Transactional Fees,,,,,0,0,0,0,0,0,0,0,0,0,0,0,139.69,139.69,Released,25 Mar 2026 11:01:20 am UTC
25 Mar 2026 11:13:13 am UTC,26751780692,Debt,,,Cross-Account Debt Adjustment,,,Electronic Transactions (Credit Card/Net Banking/GC),,,,,0,0,0,0,0,0,0,0,0,0,0,0,"4,445.85","4,445.85",Released,25 Mar 2026 11:13:13 am UTC
25 Mar 2026 11:13:13 am UTC,26751800632,Debt,,,Cross-Account Debt Adjustment,,,Cash On Delivery Transactions and Non-Transactional Fees,,,,,0,0,0,0,0,0,0,0,0,0,0,0,"-4,445.85","-4,445.85",Released,25 Mar 2026 11:13:13 am UTC
25 Mar 2026 11:47:38 am UTC,26751780692,Adjustment,,,Other,,,Electronic Transactions (Credit Card/Net Banking/GC),,,,,0,0,0,0,0,0,0,0,0,0,0,0,39.74,39.74,Released,25 Mar 2026 11:47:38 am UTC
25 Mar 2026 12:25:32 pm UTC,26839513572,Shipping Services,406-8782407-6966724,,Easy Ship weight handling fees,,Amazon.in,Electronic Transactions (Credit Card/Net Banking/GC),Merchant,,,,0,0,0,0,0,0,0,0,0,0,0,-64.9,0,-64.9,Released,8 Apr 2026 10:48:44 pm UTC
25 Mar 2026 12:25:37 pm UTC,26839513572,Shipping Services,408-7350964-2777110,,Easy Ship weight handling fees,,Amazon.in,Electronic Transactions (Credit Card/Net Banking/GC),Merchant,,,,0,0,0,0,0,0,0,0,0,0,0,-64.9,0,-64.9,Released,6 Apr 2026 8:30:27 pm UTC
25 Mar 2026 12:25:38 pm UTC,26839513572,Shipping Services,171-8614455-3109131,,Easy Ship weight handling fees,,Amazon.in,Electronic Transactions (Credit Card/Net Banking/GC),Merchant,,,,0,0,0,0,0,0,0,0,0,0,0,-64.9,0,-64.9,Released,9 Apr 2026 11:38:43 pm UTC
25 Mar 2026 12:25:40 pm UTC,26839396592,Shipping Services,405-0987088-8689164,,Easy Ship weight handling fees,,Amazon.in,Cash On Delivery Transactions and Non-Transactional Fees,Merchant,,,,0,0,0,0,0,0,0,0,0,0,0,-64.9,0,-64.9,Released,8 Apr 2026 7:15:32 pm UTC
25 Mar 2026 12:25:41 pm UTC,26879578102,Shipping Services,402-2496736-7015500,,Easy Ship weight handling fees,,Amazon.in,Cash On Delivery Transactions and Non-Transactional Fees,Merchant,,,,0,0,0,0,0,0,0,0,0,0,0,-64.9,0,-64.9,Released,11 Apr 2026 11:34:44 pm UTC
25 Mar 2026 12:26:19 pm UTC,26879605242,Shipping Services,405-2845454-3830767,,Easy Ship weight handling fees,,Amazon.in,Electronic Transactions (Credit Card/Net Banking/GC),Merchant,,,,0,0,0,0,0,0,0,0,0,0,0,-64.9,0,-64.9,Released,10 Apr 2026 7:17:03 pm UTC
25 Mar 2026 12:26:23 pm UTC,26839396592,Shipping Services,403-4376549-2319569,,Easy Ship weight handling fees,,Amazon.in,Cash On Delivery Transactions and Non-Transactional Fees,Merchant,,,,0,0,0,0,0,0,0,0,0,0,0,-64.9,0,-64.9,Released,7 Apr 2026 11:58:40 pm UTC
25 Mar 2026 12:41:06 pm UTC,26839396592,Order,402-2496736-7015500,MHX -MF1200-01-40*40,Homnix Microfiber Cleaning Cloth for Car & Bikes -1200 GSM 40x40cm 1Pcs | Thick Lint & Streak-Free Multipurpose Cloths - Automotive Microfibre Towels,1,amazon.in,Cash On Delivery Transactions and Non-Transactional Fees,Merchant,DHARIAWAD,RAJASTHAN,313605,218.1,0,0,0,10.9,0,0,-1.09,-0.23,0,0,-1.18,0,226.5,Released,8 Apr 2026 6:34:55 am UTC
25 Mar 2026 12:41:09 pm UTC,26839513572,Order,405-2845454-3830767,HX-MF1200-01-40x60,Homnix Microfiber Cloth for Car 1200 GSM 40x60cm 1Pcs ! Twisted Loop Super Absorbent Edgeless Design with Plush Pile and Lint Free Cloth for Drying an,1,amazon.in,Electronic Transactions (Credit Card/Net Banking/GC),Merchant,Itanagar,ARUNACHAL PRADESH,791111,303.81,0,0,-6.08,14.89,0,0,-1.49,-0.31,0,0,-25.96,0,284.86,Released,9 Apr 2026 9:52:02 pm UTC
25 Mar 2026 12:41:19 pm UTC,26839513572,Order,408-7350964-2777110,HX -MF1200-01-40*40,Homnix Microfiber Cleaning Cloth for Car & Bikes -1200 GSM 40x40cm 1Pcs | Thick Lint & Streak-Free Multipurpose Cloths - Automotive Microfibre Towels,1,amazon.in,Electronic Transactions (Credit Card/Net Banking/GC),Merchant,NEW DELHI,DELHI,110018,237.14,0,0,-4.74,11.62,0,0,-1.16,-0.24,0,0,-1.18,0,241.44,Released,5 Apr 2026 6:40:22 am UTC
25 Mar 2026 12:41:24 pm UTC,26839396592,Order,405-0987088-8689164,HX-MF1200-01-40x60,Homnix Microfiber Cloth for Car 1200 GSM 40x60cm 1Pcs ! Twisted Loop Super Absorbent Edgeless Design with Plush Pile and Lint Free Cloth for Drying an,2,amazon.in,Cash On Delivery Transactions and Non-Transactional Fees,Merchant,KANNUR,KERALA,670001,607.62,0,0,0,30.38,0,0,-3.04,-0.62,0,0,-51.92,0,582.42,Released,9 Apr 2026 11:10:58 pm UTC
25 Mar 2026 12:41:26 pm UTC,26839513572,Order,406-8782407-6966724,HX-MF1200-01-40x60,Homnix Microfiber Cloth for Car 1200 GSM 40x60cm 1Pcs ! Twisted Loop Super Absorbent Edgeless Design with Plush Pile and Lint Free Cloth for Drying an,1,amazon.in,Electronic Transactions (Credit Card/Net Banking/GC),Merchant,CHENNAI,TAMIL NADU,600045,303.81,0,0,0,15.19,0,0,-1.52,-0.31,0,0,-25.96,0,291.21,Released,8 Apr 2026 4:23:23 am UTC
25 Mar 2026 12:41:48 pm UTC,26839396592,Order,403-4376549-2319569,MHX -MF1200-01-40*40,Homnix Microfiber Cleaning Cloth for Car & Bikes -1200 GSM 40x40cm 1Pcs | Thick Lint & Streak-Free Multipurpose Cloths - Automotive Microfibre Towels,1,amazon.in,Cash On Delivery Transactions and Non-Transactional Fees,Merchant,MUSTAFABAD,HARYANA,133103,218.1,0,0,0,10.9,0,0,-1.09,-0.23,0,0,-1.18,0,226.5,Released,8 Apr 2026 11:29:49 pm UTC
25 Mar 2026 12:41:56 pm UTC,26839513572,Order,171-8614455-3109131,HX-MF1200-01-40x60,Homnix Microfiber Cloth for Car 1200 GSM 40x60cm 1Pcs ! Twisted Loop Super Absorbent Edgeless Design with Plush Pile and Lint Free Cloth for Drying an,1,amazon.in,Electronic Transactions (Credit Card/Net Banking/GC),Merchant,KOLLAM,KERALA,691021,303.81,0,0,0,15.19,0,0,-1.52,-0.31,0,0,-25.96,0,291.21,Released,8 Apr 2026 7:39:22 am UTC
25 Mar 2026 1:38:58 pm UTC,26796197452,Refund,402-3456111-0737127,HX -MF1200-01-40*40,Homnix Microfiber Cleaning Cloth for Car & Bikes -1200 GSM 40x40cm 1Pcs | Thick Lint & Streak-Free Multipurpose Cloths - Automotive Microfibre Towels,1,amazon.in,Electronic Transactions (Credit Card/Net Banking/GC),Merchant,Moga,PUNJAB,142045,-237.14,0,0,0,-11.86,0,0,1.19,0,-53.1,0,0,0,-300.91,Released,31 Mar 2026 6:33:44 am UTC
25 Mar 2026 3:20:41 pm UTC,26751800632,Adjustment,,,Other,,,Cash On Delivery Transactions and Non-Transactional Fees,,,,,0,0,0,0,0,0,0,0,0,0,0,0,76.29,76.29,Released,25 Mar 2026 3:20:41 pm UTC
25 Mar 2026 3:38:47 pm UTC,26751800632,Refund,408-9343031-5257962,HX-MF1200-02-40x40 4,"Homnix Microfiber Cleaning Cloth for Car, Bike- 1200 GSM 40x40cm 2Pcs |Thick Lint & Streak-Free Multipurpose Cloths - Microfibre Towels for Car Bike C",1,amazon.in,Cash On Delivery Transactions and Non-Transactional Fees,Merchant,KUMARAPURAM,KERALA,690516,-427.62,0,0,0,-21.38,0,0,2.14,0,-56.11,0,0,0,-502.97,Released,25 Mar 2026 3:38:47 pm UTC
25 Mar 2026 6:44:05 pm UTC,26751780692,Service Fee,171-0833212-1911530,,Order Cancellation Charge,,Amazon.in,Electronic Transactions (Credit Card/Net Banking/GC),Merchant,,,,0,0,0,0,0,0,0,0,0,0,0,0,0,0,Released,25 Mar 2026 6:44:05 pm UTC
25 Mar 2026 7:03:50 pm UTC,26751800632,Service Fee,171-3079151-8026744,,Order Cancellation Charge,,Amazon.in,Cash On Delivery Transactions and Non-Transactional Fees,Merchant,,,,0,0,0,0,0,0,0,0,0,0,0,0,0,0,Released,25 Mar 2026 7:03:50 pm UTC
25 Mar 2026 9:12:29 pm UTC,26795520702,Shipping Services,406-9601907-3679540,,Amazon Easy Ship Weight Handling Fee Reversal,,Amazon.in,Cash On Delivery Transactions and Non-Transactional Fees,,,,,0,0,0,0,0,0,0,0,0,0,0,64.9,0,64.9,Released,30 Mar 2026 6:53:53 pm UTC
25 Mar 2026 9:27:38 pm UTC,26795520702,Refund,406-9601907-3679540,HX-MF1200-01-40x60,Homnix Microfiber Cloth for Car 1200 GSM 40x60cm 1Pcs ! Twisted Loop Super Absorbent Edgeless Design with Plush Pile and Lint Free Cloth for Drying an,1,amazon.in,Cash On Delivery Transactions and Non-Transactional Fees,Merchant,Visakhapatnam,ANDHRA PRADESH,530045,-284.76,0,0,0,-14.24,0,0,1.42,0,0,0,7.08,0,-290.5,Released,30 Mar 2026 9:27:18 pm UTC
26 Mar 2026 7:08:50 am UTC,26751800632,Adjustment,,,Other,,,Cash On Delivery Transactions and Non-Transactional Fees,,,,,0,0,0,0,0,0,0,0,0,0,0,0,-23.6,-23.6,Released,26 Mar 2026 7:08:50 am UTC
26 Mar 2026 7:42:38 am UTC,26751800632,Adjustment,,,Other,,,Cash On Delivery Transactions and Non-Transactional Fees,,,,,0,0,0,0,0,0,0,0,0,0,0,0,-23.6,-23.6,Released,26 Mar 2026 7:42:38 am UTC
26 Mar 2026 7:46:38 am UTC,26751800632,Adjustment,,,Other,,,Cash On Delivery Transactions and Non-Transactional Fees,,,,,0,0,0,0,0,0,0,0,0,0,0,0,-23.6,-23.6,Released,26 Mar 2026 7:46:38 am UTC
26 Mar 2026 8:20:21 am UTC,26751800632,Adjustment,,,Other,,,Cash On Delivery Transactions and Non-Transactional Fees,,,,,0,0,0,0,0,0,0,0,0,0,0,0,-23.6,-23.6,Released,26 Mar 2026 8:20:21 am UTC
26 Mar 2026 8:20:30 am UTC,26751800632,Adjustment,,,Other,,,Cash On Delivery Transactions and Non-Transactional Fees,,,,,0,0,0,0,0,0,0,0,0,0,0,0,-23.6,-23.6,Released,26 Mar 2026 8:20:30 am UTC
26 Mar 2026 8:45:09 am UTC,26751800632,Adjustment,,,Other,,,Cash On Delivery Transactions and Non-Transactional Fees,,,,,0,0,0,0,0,0,0,0,0,0,0,0,-23.6,-23.6,Released,26 Mar 2026 8:45:09 am UTC
26 Mar 2026 8:57:30 am UTC,26751800632,Adjustment,,,Other,,,Cash On Delivery Transactions and Non-Transactional Fees,,,,,0,0,0,0,0,0,0,0,0,0,0,0,-23.6,-23.6,Released,26 Mar 2026 8:57:30 am UTC
26 Mar 2026 9:48:55 am UTC,26751800632,Adjustment,,,Other,,,Cash On Delivery Transactions and Non-Transactional Fees,,,,,0,0,0,0,0,0,0,0,0,0,0,0,-23.6,-23.6,Released,26 Mar 2026 9:48:55 am UTC
26 Mar 2026 10:12:06 am UTC,26751800632,Adjustment,,,Other,,,Cash On Delivery Transactions and Non-Transactional Fees,,,,,0,0,0,0,0,0,0,0,0,0,0,0,-23.6,-23.6,Released,26 Mar 2026 10:12:06 am UTC
26 Mar 2026 10:22:06 am UTC,26751800632,Adjustment,,,Other,,,Cash On Delivery Transactions and Non-Transactional Fees,,,,,0,0,0,0,0,0,0,0,0,0,0,0,-23.6,-23.6,Released,26 Mar 2026 10:22:06 am UTC
26 Mar 2026 11:05:53 am UTC,26751800632,Adjustment,,,Other,,,Cash On Delivery Transactions and Non-Transactional Fees,,,,,0,0,0,0,0,0,0,0,0,0,0,0,-23.6,-23.6,Released,26 Mar 2026 11:05:53 am UTC
26 Mar 2026 11:51:50 am UTC,26751800632,Adjustment,,,Other,,,Cash On Delivery Transactions and Non-Transactional Fees,,,,,0,0,0,0,0,0,0,0,0,0,0,0,-23.6,-23.6,Released,26 Mar 2026 11:51:50 am UTC
26 Mar 2026 12:03:40 pm UTC,26751800632,Adjustment,,,Other,,,Cash On Delivery Transactions and Non-Transactional Fees,,,,,0,0,0,0,0,0,0,0,0,0,0,0,-23.6,-23.6,Released,26 Mar 2026 12:03:40 pm UTC
26 Mar 2026 12:31:09 pm UTC,26839513572,Shipping Services,406-8612810-4801157,,Easy Ship weight handling fees,,Amazon.in,Electronic Transactions (Credit Card/Net Banking/GC),Merchant,,,,0,0,0,0,0,0,0,0,0,0,0,-64.9,0,-64.9,Released,8 Apr 2026 7:11:56 pm UTC
26 Mar 2026 12:31:17 pm UTC,26879578102,Shipping Services,171-8654516-6197103,,Easy Ship weight handling fees,,Amazon.in,Cash On Delivery Transactions and Non-Transactional Fees,Merchant,,,,0,0,0,0,0,0,0,0,0,0,0,-64.9,0,-64.9,Released,10 Apr 2026 7:18:02 pm UTC
26 Mar 2026 12:31:20 pm UTC,26879578102,Shipping Services,408-9333756-7801110,,Easy Ship weight handling fees,,Amazon.in,Cash On Delivery Transactions and Non-Transactional Fees,Merchant,,,,0,0,0,0,0,0,0,0,0,0,0,-64.9,0,-64.9,Released,10 Apr 2026 7:32:42 pm UTC
26 Mar 2026 12:31:21 pm UTC,26879578102,Shipping Services,408-1795205-7253902,,Easy Ship weight handling fees,,Amazon.in,Cash On Delivery Transactions and Non-Transactional Fees,Merchant,,,,0,0,0,0,0,0,0,0,0,0,0,-88.5,0,-88.5,Released,11 Apr 2026 9:09:28 pm UTC
26 Mar 2026 12:31:22 pm UTC,26839513572,Shipping Services,406-9130916-4645116,,Easy Ship weight handling fees,,Amazon.in,Electronic Transactions (Credit Card/Net Banking/GC),Merchant,,,,0,0,0,0,0,0,0,0,0,0,0,-64.9,0,-64.9,Released,9 Apr 2026 12:08:56 am UTC
26 Mar 2026 12:31:28 pm UTC,26839396592,Shipping Services,407-4234252-5337917,,Easy Ship weight handling fees,,Amazon.in,Cash On Delivery Transactions and Non-Transactional Fees,Merchant,,,,0,0,0,0,0,0,0,0,0,0,0,-64.9,0,-64.9,Released,8 Apr 2026 9:01:34 pm UTC
26 Mar 2026 12:31:33 pm UTC,26839513572,Shipping Services,407-8347564-5517949,,Easy Ship weight handling fees,,Amazon.in,Electronic Transactions (Credit Card/Net Banking/GC),Merchant,,,,0,0,0,0,0,0,0,0,0,0,0,-64.9,0,-64.9,Released,9 Apr 2026 9:51:55 pm UTC
26 Mar 2026 12:31:42 pm UTC,26879605242,Shipping Services,404-2789122-1633112,,Easy Ship weight handling fees,,Amazon.in,Electronic Transactions (Credit Card/Net Banking/GC),Merchant,,,,0,0,0,0,0,0,0,0,0,0,0,-64.9,0,-64.9,Released,10 Apr 2026 7:45:10 pm UTC
26 Mar 2026 12:31:42 pm UTC,26839396592,Shipping Services,406-1769702-2229943,,Easy Ship weight handling fees,,Amazon.in,Cash On Delivery Transactions and Non-Transactional Fees,Merchant,,,,0,0,0,0,0,0,0,0,0,0,0,-64.9,0,-64.9,Released,9 Apr 2026 9:15:03 pm UTC
26 Mar 2026 12:36:07 pm UTC,26751800632,Adjustment,,,Other,,,Cash On Delivery Transactions and Non-Transactional Fees,,,,,0,0,0,0,0,0,0,0,0,0,0,0,-23.6,-23.6,Released,26 Mar 2026 12:36:07 pm UTC
26 Mar 2026 12:46:51 pm UTC,26839513572,Order,404-2789122-1633112,HX -MF1200-01-40*40,Homnix Microfiber Cleaning Cloth for Car & Bikes -1200 GSM 40x40cm 1Pcs | Thick Lint & Streak-Free Multipurpose Cloths - Automotive Microfibre Towels,1,amazon.in,Electronic Transactions (Credit Card/Net Banking/GC),Merchant,CHENNAI,TAMIL NADU,600040,237.14,0,0,0,11.86,0,0,-1.19,-0.24,0,0,-1.18,0,246.39,Released,8 Apr 2026 8:37:21 pm UTC
26 Mar 2026 12:46:57 pm UTC,26839396592,Order,407-4234252-5337917,HX-MF1200-01-40x60,Homnix Microfiber Cloth for Car 1200 GSM 40x60cm 1Pcs ! Twisted Loop Super Absorbent Edgeless Design with Plush Pile and Lint Free Cloth for Drying an,1,amazon.in,Cash On Delivery Transactions and Non-Transactional Fees,Merchant,AHMEDABAD,GUJARAT,380055,303.81,0,0,0,15.19,0,0,-1.52,-0.32,0,0,-25.96,0,291.2,Released,8 Apr 2026 7:09:01 am UTC
26 Mar 2026 12:46:57 pm UTC,26839396592,Order,171-8654516-6197103,MHX -MF1200-01-40*40,Homnix Microfiber Cleaning Cloth for Car & Bikes -1200 GSM 40x40cm 1Pcs | Thick Lint & Streak-Free Multipurpose Cloths - Automotive Microfibre Towels,1,amazon.in,Cash On Delivery Transactions and Non-Transactional Fees,Merchant,NAGARKURNOOL,TELANGANA,509209,218.1,0,0,0,10.9,0,0,-1.09,-0.23,0,0,-1.18,0,226.5,Released,8 Apr 2026 6:02:33 pm UTC
26 Mar 2026 12:47:08 pm UTC,26839396592,Order,408-1795205-7253902,HX-MF1200-02-40x40 4,"Homnix Microfiber Cleaning Cloth for Car, Bike- 1200 GSM 40x40cm 2Pcs |Thick Lint & Streak-Free Multipurpose Cloths - Microfibre Towels for Car Bike C",1,amazon.in,Cash On Delivery Transactions and Non-Transactional Fees,Merchant,KUMARAPURAM,KERALA,690516,427.62,0,0,0,21.38,0,0,-2.14,-0.44,0,0,-25.96,0,420.46,Released,9 Apr 2026 7:06:33 am UTC
26 Mar 2026 12:47:17 pm UTC,26839396592,Order,408-9333756-7801110,HX-MF1200-001-40x60,"Homnix 1200 GSM Microfiber Car Cleaning Cloth 40x60 cm - Ultra Absorbent Double Twist Car Drying Towel, Lint-Free & Scratch-Free Cloth for Car, Bike,",1,amazon.in,Cash On Delivery Transactions and Non-Transactional Fees,Merchant,KATTIPPARUTHI,KERALA,676552,303.81,0,0,0,15.19,0,0,-1.52,-0.32,0,0,-25.96,0,291.2,Released,9 Apr 2026 5:56:50 am UTC
26 Mar 2026 12:47:21 pm UTC,26839396592,Order,406-1769702-2229943,HX -MF1200-01-40*40,Homnix Microfiber Cleaning Cloth for Car & Bikes -1200 GSM 40x40cm 1Pcs | Thick Lint & Streak-Free Multipurpose Cloths - Automotive Microfibre Towels,1,amazon.in,Cash On Delivery Transactions and Non-Transactional Fees,Merchant,TOPA,JHARKHAND,825330,237.14,0,0,0,11.86,0,0,-1.19,-0.25,0,0,-1.18,0,246.38,Released,9 Apr 2026 9:42:14 pm UTC
26 Mar 2026 12:47:30 pm UTC,26839513572,Order,406-9130916-4645116,HX-MF1200-02-40x40 4,"Homnix Microfiber Cleaning Cloth for Car, Bike- 1200 GSM 40x40cm 2Pcs |Thick Lint & Streak-Free Multipurpose Cloths - Microfibre Towels for Car Bike C",1,amazon.in,Electronic Transactions (Credit Card/Net Banking/GC),Merchant,JAIPUR,RAJASTHAN,302019,427.62,0,0,-8.55,20.95,0,0,-2.1,-0.42,0,0,-25.96,0,411.54,Released,7 Apr 2026 4:51:43 am UTC
26 Mar 2026 12:47:45 pm UTC,26839513572,Order,407-8347564-5517949,HX-MF1200-01-40x60,Homnix Microfiber Cloth for Car 1200 GSM 40x60cm 1Pcs ! Twisted Loop Super Absorbent Edgeless Design with Plush Pile and Lint Free Cloth for Drying an,1,amazon.in,Electronic Transactions (Credit Card/Net Banking/GC),Merchant,BHUBANESWAR,ODISHA,751010,303.81,0,0,0,15.19,0,0,-1.52,-0.31,0,0,-25.96,0,291.21,Released,9 Apr 2026 11:28:23 pm UTC
26 Mar 2026 12:47:58 pm UTC,26839513572,Order,406-8612810-4801157,MHX -MF1200-01-40*40,Homnix Microfiber Cleaning Cloth for Car & Bikes -1200 GSM 40x40cm 1Pcs | Thick Lint & Streak-Free Multipurpose Cloths - Automotive Microfibre Towels,1,amazon.in,Electronic Transactions (Credit Card/Net Banking/GC),Merchant,Itarsi,MADHYA PRADESH,461111,218.1,0,0,0,10.9,0,0,-1.09,-0.23,0,0,-1.18,0,226.5,Released,8 Apr 2026 1:46:16 pm UTC
26 Mar 2026 1:05:34 pm UTC,26751800632,Adjustment,,,Other,,,Cash On Delivery Transactions and Non-Transactional Fees,,,,,0,0,0,0,0,0,0,0,0,0,0,0,-23.6,-23.6,Released,26 Mar 2026 1:05:34 pm UTC
26 Mar 2026 1:08:05 pm UTC,26839396592,Shipping Services,171-8497862-5579523,,Amazon Easy Ship Weight Handling Fee Reversal,,Amazon.in,Cash On Delivery Transactions and Non-Transactional Fees,,,,,0,0,0,0,0,0,0,0,0,0,0,64.9,0,64.9,Released,6 Apr 2026 7:49:35 am UTC
26 Mar 2026 1:23:03 pm UTC,26839396592,Refund,171-8497862-5579523,HX-MF1200-02-40x60,"Homnix Car Cleaning Cloth - 1200gsm 40x60cm 2Pcs Ultra-Absorbent, Scratch-Free, Lint-Free Perfect for Bike Auto Cars Both Interior and Exterior.",1,amazon.in,Cash On Delivery Transactions and Non-Transactional Fees,Merchant,jalandhar cantt,PUNJAB,144005,-608.57,0,0,0,-30.43,0,0,3.04,0,0,0,53.1,0,-582.86,Released,6 Apr 2026 7:53:42 am UTC
26 Mar 2026 2:00:54 pm UTC,26751800632,Adjustment,,,Other,,,Cash On Delivery Transactions and Non-Transactional Fees,,,,,0,0,0,0,0,0,0,0,0,0,0,0,-23.6,-23.6,Released,26 Mar 2026 2:00:54 pm UTC
26 Mar 2026 2:30:26 pm UTC,26751800632,Adjustment,,,Other,,,Cash On Delivery Transactions and Non-Transactional Fees,,,,,0,0,0,0,0,0,0,0,0,0,0,0,-23.6,-23.6,Released,26 Mar 2026 2:30:26 pm UTC
26 Mar 2026 2:58:55 pm UTC,26751800632,Adjustment,,,Other,,,Cash On Delivery Transactions and Non-Transactional Fees,,,,,0,0,0,0,0,0,0,0,0,0,0,0,-23.6,-23.6,Released,26 Mar 2026 2:58:55 pm UTC
26 Mar 2026 3:14:08 pm UTC,26751800632,Adjustment,,,Other,,,Cash On Delivery Transactions and Non-Transactional Fees,,,,,0,0,0,0,0,0,0,0,0,0,0,0,-23.6,-23.6,Released,26 Mar 2026 3:14:08 pm UTC
26 Mar 2026 3:23:19 pm UTC,26751800632,Reimbursements,408-9343031-5257962,HX-MF1200-02-40x40 4,Reimbursement issued for lost or damaged package,1,amazon.in,Cash On Delivery Transactions and Non-Transactional Fees,Merchant,,,,0,0,0,0,0,0,0,0,0,0,0,0,324.96,324.96,Released,26 Mar 2026 3:23:19 pm UTC
26 Mar 2026 3:32:08 pm UTC,26751800632,Adjustment,,,Other,,,Cash On Delivery Transactions and Non-Transactional Fees,,,,,0,0,0,0,0,0,0,0,0,0,0,0,-23.6,-23.6,Released,26 Mar 2026 3:32:08 pm UTC
26 Mar 2026 3:45:14 pm UTC,26751800632,Adjustment,,,Other,,,Cash On Delivery Transactions and Non-Transactional Fees,,,,,0,0,0,0,0,0,0,0,0,0,0,0,-23.6,-23.6,Released,26 Mar 2026 3:45:14 pm UTC
26 Mar 2026 4:06:36 pm UTC,26751800632,Adjustment,,,Other,,,Cash On Delivery Transactions and Non-Transactional Fees,,,,,0,0,0,0,0,0,0,0,0,0,0,0,-23.6,-23.6,Released,26 Mar 2026 4:06:36 pm UTC
26 Mar 2026 4:49:40 pm UTC,26751800632,Adjustment,,,Other,,,Cash On Delivery Transactions and Non-Transactional Fees,,,,,0,0,0,0,0,0,0,0,0,0,0,0,-23.6,-23.6,Released,26 Mar 2026 4:49:40 pm UTC
26 Mar 2026 5:50:44 pm UTC,26751800632,Adjustment,,,Other,,,Cash On Delivery Transactions and Non-Transactional Fees,,,,,0,0,0,0,0,0,0,0,0,0,0,0,-23.6,-23.6,Released,26 Mar 2026 5:50:44 pm UTC
26 Mar 2026 8:10:50 pm UTC,26751800632,Adjustment,,,Other,,,Cash On Delivery Transactions and Non-Transactional Fees,,,,,0,0,0,0,0,0,0,0,0,0,0,0,-23.6,-23.6,Released,26 Mar 2026 8:10:50 pm UTC
26 Mar 2026 8:57:50 pm UTC,26751800632,Adjustment,,,Other,,,Cash On Delivery Transactions and Non-Transactional Fees,,,,,0,0,0,0,0,0,0,0,0,0,0,0,-67.26,-67.26,Released,26 Mar 2026 8:57:50 pm UTC
26 Mar 2026 8:57:50 pm UTC,26751800632,Adjustment,,,Other,,,Cash On Delivery Transactions and Non-Transactional Fees,,,,,0,0,0,0,0,0,0,0,0,0,0,0,-67.26,-67.26,Released,26 Mar 2026 8:57:50 pm UTC
26 Mar 2026 9:25:57 pm UTC,26751800632,Adjustment,,,Other,,,Cash On Delivery Transactions and Non-Transactional Fees,,,,,0,0,0,0,0,0,0,0,0,0,0,0,-23.6,-23.6,Released,26 Mar 2026 9:25:57 pm UTC
26 Mar 2026 9:54:47 pm UTC,26751800632,Adjustment,,,Other,,,Cash On Delivery Transactions and Non-Transactional Fees,,,,,0,0,0,0,0,0,0,0,0,0,0,0,-23.6,-23.6,Released,26 Mar 2026 9:54:47 pm UTC
26 Mar 2026 10:13:48 pm UTC,26751800632,Adjustment,,,Other,,,Cash On Delivery Transactions and Non-Transactional Fees,,,,,0,0,0,0,0,0,0,0,0,0,0,0,-23.6,-23.6,Released,26 Mar 2026 10:13:48 pm UTC
26 Mar 2026 10:30:40 pm UTC,26751800632,Adjustment,,,Other,,,Cash On Delivery Transactions and Non-Transactional Fees,,,,,0,0,0,0,0,0,0,0,0,0,0,0,-23.6,-23.6,Released,26 Mar 2026 10:30:40 pm UTC
26 Mar 2026 10:43:42 pm UTC,26751800632,Adjustment,,,Other,,,Cash On Delivery Transactions and Non-Transactional Fees,,,,,0,0,0,0,0,0,0,0,0,0,0,0,-23.6,-23.6,Released,26 Mar 2026 10:43:42 pm UTC
26 Mar 2026 10:58:46 pm UTC,26751800632,Adjustment,,,Other,,,Cash On Delivery Transactions and Non-Transactional Fees,,,,,0,0,0,0,0,0,0,0,0,0,0,0,-23.6,-23.6,Released,26 Mar 2026 10:58:46 pm UTC
26 Mar 2026 11:05:40 pm UTC,26751800632,Adjustment,,,Other,,,Cash On Delivery Transactions and Non-Transactional Fees,,,,,0,0,0,0,0,0,0,0,0,0,0,0,-23.6,-23.6,Released,26 Mar 2026 11:05:40 pm UTC
26 Mar 2026 11:11:42 pm UTC,26751800632,Adjustment,,,Other,,,Cash On Delivery Transactions and Non-Transactional Fees,,,,,0,0,0,0,0,0,0,0,0,0,0,0,-23.6,-23.6,Released,26 Mar 2026 11:11:42 pm UTC
26 Mar 2026 11:50:39 pm UTC,26751800632,Adjustment,,,Other,,,Cash On Delivery Transactions and Non-Transactional Fees,,,,,0,0,0,0,0,0,0,0,0,0,0,0,-23.6,-23.6,Released,26 Mar 2026 11:50:39 pm UTC
27 Mar 2026 12:35:17 am UTC,26751800632,Adjustment,,,Other,,,Cash On Delivery Transactions and Non-Transactional Fees,,,,,0,0,0,0,0,0,0,0,0,0,0,0,-23.6,-23.6,Released,27 Mar 2026 12:35:17 am UTC
27 Mar 2026 12:44:13 am UTC,26751800632,Adjustment,,,Other,,,Cash On Delivery Transactions and Non-Transactional Fees,,,,,0,0,0,0,0,0,0,0,0,0,0,0,-23.6,-23.6,Released,27 Mar 2026 12:44:13 am UTC
27 Mar 2026 1:15:45 am UTC,26751800632,Adjustment,,,Other,,,Cash On Delivery Transactions and Non-Transactional Fees,,,,,0,0,0,0,0,0,0,0,0,0,0,0,-23.6,-23.6,Released,27 Mar 2026 1:15:45 am UTC
27 Mar 2026 2:02:32 am UTC,26751800632,Adjustment,,,Other,,,Cash On Delivery Transactions and Non-Transactional Fees,,,,,0,0,0,0,0,0,0,0,0,0,0,0,-23.6,-23.6,Released,27 Mar 2026 2:02:32 am UTC
27 Mar 2026 2:17:53 am UTC,26751800632,Adjustment,,,Other,,,Cash On Delivery Transactions and Non-Transactional Fees,,,,,0,0,0,0,0,0,0,0,0,0,0,0,-23.6,-23.6,Released,27 Mar 2026 2:17:53 am UTC
27 Mar 2026 3:18:25 am UTC,26751800632,Adjustment,,,Other,,,Cash On Delivery Transactions and Non-Transactional Fees,,,,,0,0,0,0,0,0,0,0,0,0,0,0,-23.6,-23.6,Released,27 Mar 2026 3:18:25 am UTC
27 Mar 2026 3:20:21 am UTC,26751800632,Adjustment,,,Other,,,Cash On Delivery Transactions and Non-Transactional Fees,,,,,0,0,0,0,0,0,0,0,0,0,0,0,-23.6,-23.6,Released,27 Mar 2026 3:20:21 am UTC
27 Mar 2026 8:54:27 am UTC,26796197452,Refund,406-4788743-1957111,HX-MF1200-01-40x60,Homnix Microfiber Cloth for Car 1200 GSM 40x60cm 1Pcs ! Twisted Loop Super Absorbent Edgeless Design with Plush Pile and Lint Free Cloth for Drying an,1,amazon.in,Electronic Transactions (Credit Card/Net Banking/GC),Merchant,KOTHAMANGALAM,KERALA,686693,-303.81,0,0,0,-15.19,0,0,1.52,0,-82.6,0,0,0,-400.08,Released,1 Apr 2026 7:13:25 am UTC
27 Mar 2026 2:10:54 pm UTC,26796197452,Refund,407-1732249-9765944,HX-MF1200-01-40x60,Homnix Microfiber Cloth for Car 1200 GSM 40x60cm 1Pcs ! Twisted Loop Super Absorbent Edgeless Design with Plush Pile and Lint Free Cloth for Drying an,1,amazon.in,Electronic Transactions (Credit Card/Net Banking/GC),Merchant,LUCKNOW,UTTAR PRADESH,226011,-284.76,0,0,11.4,-13.68,0.68,0.68,0,0,-53.1,0,0,0,-338.78,Released,27 Mar 2026 2:10:54 pm UTC
27 Mar 2026 8:08:53 pm UTC,26839396592,Shipping Services,405-7180091-9224325,,Amazon Easy Ship Weight Handling Fee Reversal,,Amazon.in,Cash On Delivery Transactions and Non-Transactional Fees,,,,,0,0,0,0,0,0,0,0,0,0,0,64.9,0,64.9,Released,9 Apr 2026 6:21:21 am UTC
27 Mar 2026 8:23:33 pm UTC,26839396592,Refund,405-7180091-9224325,HX -MF1200-01-40*40,Homnix Microfiber Cleaning Cloth for Car & Bikes -1200 GSM 40x40cm 1Pcs | Thick Lint & Streak-Free Multipurpose Cloths - Automotive Microfibre Towels,1,amazon.in,Cash On Delivery Transactions and Non-Transactional Fees,Merchant,UDALA,ODISHA,757041,-237.14,0,0,0,-11.86,0,0,1.19,0,0,0,1.18,0,-246.63,Released,9 Apr 2026 6:19:00 am UTC
27 Mar 2026 11:08:44 pm UTC,26839396592,Shipping Services,407-3346246-6439550,,Amazon Easy Ship Weight Handling Fee Reversal,,Amazon.in,Cash On Delivery Transactions and Non-Transactional Fees,,,,,0,0,0,0,0,0,0,0,0,0,0,60.18,0,60.18,Released,6 Apr 2026 11:00:57 pm UTC
27 Mar 2026 11:23:49 pm UTC,26839396592,Refund,407-3346246-6439550,HX-MF1200-01-40x60,Homnix Microfiber Cloth for Car 1200 GSM 40x60cm 1Pcs ! Twisted Loop Super Absorbent Edgeless Design with Plush Pile and Lint Free Cloth for Drying an,1,amazon.in,Cash On Delivery Transactions and Non-Transactional Fees,Merchant,LUCKNOW,UTTAR PRADESH,226016,-303.8,0,0,6.08,-14.9,0.74,0.74,0,0,0,0,25.96,0,-285.18,Released,6 Apr 2026 11:58:43 pm UTC
28 Mar 2026 3:47:50 am UTC,26839396592,Shipping Services,407-1162632-3662706,,Amazon Easy Ship Weight Handling Fee Reversal,,Amazon.in,Cash On Delivery Transactions and Non-Transactional Fees,,,,,0,0,0,0,0,0,0,0,0,0,0,167.56,0,167.56,Released,7 Apr 2026 8:08:39 am UTC
28 Mar 2026 4:02:57 am UTC,26839396592,Refund,407-1162632-3662706,HX-CarWashDuster-01,Homnix Car Duster - Lint-Free & Scratch-Free Car Cleaner Brush with Long Handle - Car Dust Cleaner Features Paraffin Wax Coating for 2X Better Cleanin,1,amazon.in,Cash On Delivery Transactions and Non-Transactional Fees,Merchant,MANDI GOVINDGARH,PUNJAB,147301,-665.71,0,0,0,-33.29,0,0,3.33,0,0,0,53.1,0,-642.57,Released,7 Apr 2026 8:06:00 am UTC
28 Mar 2026 5:10:47 am UTC,26795520702,Transfer,,,To account ending with: 408,,,Cash On Delivery Transactions and Non-Transactional Fees,,,,,0,0,0,0,0,0,0,0,0,0,0,0,"-2,188.40","-2,188.40",Released,28 Mar 2026 5:10:47 am UTC
28 Mar 2026 5:16:46 am UTC,26796197452,Transfer,,,To account ending with: 408,,,Electronic Transactions (Credit Card/Net Banking/GC),,,,,0,0,0,0,0,0,0,0,0,0,0,0,"-5,816.24","-5,816.24",Released,28 Mar 2026 5:16:46 am UTC
28 Mar 2026 10:40:31 am UTC,26839513572,Shipping Services,406-5339010-8766711,,Easy Ship weight handling fees,,Amazon.in,Electronic Transactions (Credit Card/Net Banking/GC),Merchant,,,,0,0,0,0,0,0,0,0,0,0,0,-64.9,0,-64.9,Released,9 Apr 2026 11:43:31 pm UTC
28 Mar 2026 10:40:53 am UTC,26879578102,Shipping Services,403-9780940-8149109,,Easy Ship weight handling fees,,Amazon.in,Cash On Delivery Transactions and Non-Transactional Fees,Merchant,,,,0,0,0,0,0,0,0,0,0,0,0,-64.9,0,-64.9,Released,13 Apr 2026 10:48:02 pm UTC
28 Mar 2026 10:41:06 am UTC,26795520702,Shipping Services,404-7558272-1829149,,Easy Ship weight handling fees,,Amazon.in,Cash On Delivery Transactions and Non-Transactional Fees,Merchant,,,,0,0,0,0,0,0,0,0,0,0,0,-64.9,0,-64.9,Deferred,
28 Mar 2026 10:56:48 am UTC,26879578102,Order,403-9780940-8149109,HX -MF1200-01-40*40,Homnix Microfiber Cleaning Cloth for Car & Bikes -1200 GSM 40x40cm 1Pcs | Thick Lint & Streak-Free Multipurpose Cloths - Automotive Microfibre Towels,1,amazon.in,Cash On Delivery Transactions and Non-Transactional Fees,Merchant,BANSWARA,RAJASTHAN,327001,237.14,0,0,0,11.86,0,0,-1.19,-0.25,0,0,-1.18,0,246.38,Released,11 Apr 2026 6:43:22 am UTC
28 Mar 2026 10:57:09 am UTC,26839513572,Order,406-5339010-8766711,HX-MF1200-01-40x60,Homnix Microfiber Cloth for Car 1200 GSM 40x60cm 1Pcs ! Twisted Loop Super Absorbent Edgeless Design with Plush Pile and Lint Free Cloth for Drying an,1,amazon.in,Electronic Transactions (Credit Card/Net Banking/GC),Merchant,Vikaspuri,DELHI,110018,303.81,0,0,-6.08,14.89,0,0,-1.49,-0.31,0,0,-25.96,0,284.86,Released,8 Apr 2026 11:09:55 pm UTC
28 Mar 2026 11:12:34 am UTC,26879578102,Order,404-7558272-1829149,MHX -MF1200-01-40*40,Homnix Microfiber Cleaning Cloth for Car & Bikes -1200 GSM 40x40cm 1Pcs | Thick Lint & Streak-Free Multipurpose Cloths - Automotive Microfibre Towels,2,amazon.in,Cash On Delivery Transactions and Non-Transactional Fees,Merchant,KASARAGOD,KERALA,671543,436.2,0,0,0,21.8,0,0,-2.18,-0.45,0,0,-2.36,0,453.01,Released,13 Apr 2026 6:40:39 am UTC
28 Mar 2026 1:57:16 pm UTC,26795520702,Reimbursements,407-1732249-9765944,HX-MF1200-01-40x60,Reimbursement issued for lost or damaged package,1,amazon.in,Cash On Delivery Transactions and Non-Transactional Fees,Merchant,,,,0,0,0,0,0,0,0,0,0,0,0,0,195.48,195.48,Released,28 Mar 2026 1:57:16 pm UTC
28 Mar 2026 6:35:38 pm UTC,26796197452,Service Fee,404-0269884-4015568,,Order Cancellation Charge,,Amazon.in,Electronic Transactions (Credit Card/Net Banking/GC),Merchant,,,,0,0,0,0,0,0,0,0,0,0,0,0,0,0,Released,28 Mar 2026 6:35:38 pm UTC
28 Mar 2026 11:55:00 pm UTC,26839396592,Shipping Services,402-3616744-5998731,,Amazon Easy Ship Weight Handling Fee Reversal,,Amazon.in,Cash On Delivery Transactions and Non-Transactional Fees,,,,,0,0,0,0,0,0,0,0,0,0,0,88.5,0,88.5,Released,9 Apr 2026 6:07:38 am UTC
29 Mar 2026 12:10:11 am UTC,26839396592,Refund,402-3616744-5998731,HX-CarWashDuster-01,Homnix Car Duster - Lint-Free & Scratch-Free Car Cleaner Brush with Long Handle - Car Dust Cleaner Features Paraffin Wax Coating for 2X Better Cleanin,1,amazon.in,Cash On Delivery Transactions and Non-Transactional Fees,Merchant,GURUGRAM,HARYANA,122001,-665.71,0,0,0,-33.29,0,0,3.33,0,0,0,53.1,0,-642.57,Released,9 Apr 2026 6:24:25 am UTC
29 Mar 2026 1:33:44 am UTC,26795520702,Shipping Services,403-6654368-8718766,,Amazon Easy Ship Weight Handling Fee Reversal,,Amazon.in,Cash On Delivery Transactions and Non-Transactional Fees,,,,,0,0,0,0,0,0,0,0,0,0,0,167.56,0,167.56,Released,2 Apr 2026 6:56:20 pm UTC
29 Mar 2026 1:49:01 am UTC,26795520702,Refund,403-6654368-8718766,HX-CarWashDuster-01,Homnix Car Duster - Lint-Free & Scratch-Free Car Cleaner Brush with Long Handle - Car Dust Cleaner Features Paraffin Wax Coating for 2X Better Cleanin,1,amazon.in,Cash On Delivery Transactions and Non-Transactional Fees,Merchant,NAUBATPUR,BIHAR,801109,-665.71,0,0,0,-33.29,0,0,3.33,0,0,0,53.1,0,-642.57,Released,2 Apr 2026 10:35:33 pm UTC
29 Mar 2026 1:03:01 pm UTC,26879578102,Shipping Services,403-5877346-7165147,,Easy Ship weight handling fees,,Amazon.in,Cash On Delivery Transactions and Non-Transactional Fees,Merchant,,,,0,0,0,0,0,0,0,0,0,0,0,-60.18,0,-60.18,Released,13 Apr 2026 8:26:16 pm UTC
29 Mar 2026 1:03:04 pm UTC,26879605242,Shipping Services,171-1142118-5484345,,Easy Ship weight handling fees,,Amazon.in,Electronic Transactions (Credit Card/Net Banking/GC),Merchant,,,,0,0,0,0,0,0,0,0,0,0,0,-60.18,0,-60.18,Released,11 Apr 2026 10:40:07 pm UTC
29 Mar 2026 1:03:06 pm UTC,26796197452,Shipping Services,404-6109447-8885939,,Easy Ship weight handling fees,,Amazon.in,Electronic Transactions (Credit Card/Net Banking/GC),Merchant,,,,0,0,0,0,0,0,0,0,0,0,0,-60.18,0,-60.18,Deferred,
29 Mar 2026 1:03:12 pm UTC,26879605242,Shipping Services,407-6322217-9367505,,Easy Ship weight handling fees,,Amazon.in,Electronic Transactions (Credit Card/Net Banking/GC),Merchant,,,,0,0,0,0,0,0,0,0,0,0,0,-60.18,0,-60.18,Released,13 Apr 2026 10:09:30 pm UTC
29 Mar 2026 1:03:30 pm UTC,26795520702,Shipping Services,171-2327899-8067536,,Easy Ship weight handling fees,,Amazon.in,Cash On Delivery Transactions and Non-Transactional Fees,Merchant,,,,0,0,0,0,0,0,0,0,0,0,0,-60.18,0,-60.18,Deferred,
29 Mar 2026 1:03:30 pm UTC,26839396592,Shipping Services,403-3974038-0582732,,Easy Ship weight handling fees,,Amazon.in,Cash On Delivery Transactions and Non-Transactional Fees,Merchant,,,,0,0,0,0,0,0,0,0,0,0,0,-60.18,0,-60.18,Released,9 Apr 2026 7:19:15 pm UTC
29 Mar 2026 1:03:31 pm UTC,26795520702,Shipping Services,408-0065495-7959537,,Easy Ship weight handling fees,,Amazon.in,Cash On Delivery Transactions and Non-Transactional Fees,Merchant,,,,0,0,0,0,0,0,0,0,0,0,0,-60.18,0,-60.18,Deferred,
29 Mar 2026 1:03:34 pm UTC,26796197452,Shipping Services,403-4873703-2561164,,Easy Ship weight handling fees,,Amazon.in,Electronic Transactions (Credit Card/Net Banking/GC),Merchant,,,,0,0,0,0,0,0,0,0,0,0,0,-60.18,0,-60.18,Deferred,
29 Mar 2026 1:03:36 pm UTC,26879578102,Shipping Services,408-0487587-6549941,,Easy Ship weight handling fees,,Amazon.in,Cash On Delivery Transactions and Non-Transactional Fees,Merchant,,,,0,0,0,0,0,0,0,0,0,0,0,-83.78,0,-83.78,Released,13 Apr 2026 7:38:39 pm UTC
29 Mar 2026 1:18:49 pm UTC,26795520702,Order,403-3974038-0582732,HX-MF1200-01-40x60,Homnix Microfiber Cloth for Car 1200 GSM 40x60cm 1Pcs ! Twisted Loop Super Absorbent Edgeless Design with Plush Pile and Lint Free Cloth for Drying an,1,amazon.in,Cash On Delivery Transactions and Non-Transactional Fees,Merchant,GANGTOK,SIKKIM,737101,303.81,0,0,0,15.19,0,0,-1.52,-0.32,0,0,-25.96,0,291.2,Deferred,
29 Mar 2026 1:18:52 pm UTC,26879578102,Order,408-0065495-7959537,HX-MF1200-01-40x60,Homnix Microfiber Cloth for Car 1200 GSM 40x60cm 1Pcs ! Twisted Loop Super Absorbent Edgeless Design with Plush Pile and Lint Free Cloth for Drying an,1,amazon.in,Cash On Delivery Transactions and Non-Transactional Fees,Merchant,BARGHAT,MADHYA PRADESH,480667,303.81,0,0,0,15.19,0,0,-1.52,-0.32,0,0,-25.96,0,291.2,Released,12 Apr 2026 9:01:54 pm UTC
29 Mar 2026 1:18:56 pm UTC,26795520702,Order,171-2327899-8067536,HX-MF1200-01-40x60,Homnix Microfiber Cloth for Car 1200 GSM 40x60cm 1Pcs ! Twisted Loop Super Absorbent Edgeless Design with Plush Pile and Lint Free Cloth for Drying an,1,amazon.in,Cash On Delivery Transactions and Non-Transactional Fees,Merchant,MOHANPUR,WEST BENGAL,721457,303.81,0,0,0,15.19,0,0,-1.52,-0.32,0,0,-25.96,0,291.2,Deferred,
29 Mar 2026 1:18:58 pm UTC,26879578102,Order,403-5877346-7165147,HX-MF1200-01-40x60,Homnix Microfiber Cloth for Car 1200 GSM 40x60cm 1Pcs ! Twisted Loop Super Absorbent Edgeless Design with Plush Pile and Lint Free Cloth for Drying an,1,amazon.in,Cash On Delivery Transactions and Non-Transactional Fees,Merchant,66th Mile Spring Valley Kumily,KERALA,685509,303.81,0,0,0,15.19,0,0,-1.52,-0.32,0,0,-25.96,0,291.2,Released,13 Apr 2026 9:22:15 pm UTC
29 Mar 2026 1:18:59 pm UTC,26879605242,Order,171-1142118-5484345,HX-MF1200-01-40x60,Homnix Microfiber Cloth for Car 1200 GSM 40x60cm 1Pcs ! Twisted Loop Super Absorbent Edgeless Design with Plush Pile and Lint Free Cloth for Drying an,1,amazon.in,Electronic Transactions (Credit Card/Net Banking/GC),Merchant,HYDERABAD,TELANGANA,500046,303.81,0,0,0,15.19,0,0,-1.52,-0.31,0,0,-25.96,0,291.21,Released,11 Apr 2026 6:43:00 am UTC
29 Mar 2026 1:19:20 pm UTC,26879605242,Order,407-6322217-9367505,HX-MF1200-01-40x60,Homnix Microfiber Cloth for Car 1200 GSM 40x60cm 1Pcs ! Twisted Loop Super Absorbent Edgeless Design with Plush Pile and Lint Free Cloth for Drying an,1,amazon.in,Electronic Transactions (Credit Card/Net Banking/GC),Merchant,KOZHIKODE,KERALA,673005,303.81,0,0,0,15.19,0,0,-1.52,-0.31,0,0,-25.96,0,291.21,Released,13 Apr 2026 6:46:06 am UTC
29 Mar 2026 1:19:36 pm UTC,26879605242,Order,404-6109447-8885939,HX-MF1200-01-40x60,Homnix Microfiber Cloth for Car 1200 GSM 40x60cm 1Pcs ! Twisted Loop Super Absorbent Edgeless Design with Plush Pile and Lint Free Cloth for Drying an,1,amazon.in,Electronic Transactions (Credit Card/Net Banking/GC),Merchant,ACHABAL,JAMMU & KASHMIR,192201,303.81,0,0,-6.08,14.89,0,0,-1.49,-0.3,0,0,-25.96,0,284.87,Released,11 Apr 2026 5:55:14 am UTC
29 Mar 2026 1:19:42 pm UTC,26879605242,Order,403-4873703-2561164,HX-MF1200-01-40x60,Homnix Microfiber Cloth for Car 1200 GSM 40x60cm 1Pcs ! Twisted Loop Super Absorbent Edgeless Design with Plush Pile and Lint Free Cloth for Drying an,1,amazon.in,Electronic Transactions (Credit Card/Net Banking/GC),Merchant,TUMAKURU,KARNATAKA,572101,303.81,0,0,0,15.19,0,0,-1.52,-0.31,0,0,-25.96,0,291.21,Released,11 Apr 2026 6:14:09 am UTC
29 Mar 2026 1:19:45 pm UTC,26879578102,Order,408-0487587-6549941,HX-MF1200-01-40x60,Homnix Microfiber Cloth for Car 1200 GSM 40x60cm 1Pcs ! Twisted Loop Super Absorbent Edgeless Design with Plush Pile and Lint Free Cloth for Drying an,2,amazon.in,Cash On Delivery Transactions and Non-Transactional Fees,Merchant,RAIPUR,CHHATTISGARH,492001,607.62,0,0,0,30.38,0,0,-3.04,-0.62,0,0,-51.92,0,582.42,Released,13 Apr 2026 3:39:32 pm UTC
30 Mar 2026 5:05:09 am UTC,26839396592,Shipping Services,406-1261324-2925150,,Amazon Easy Ship Weight Handling Fee Reversal,,Amazon.in,Cash On Delivery Transactions and Non-Transactional Fees,,,,,0,0,0,0,0,0,0,0,0,0,0,64.9,0,64.9,Released,3 Apr 2026 9:23:15 pm UTC
30 Mar 2026 5:19:39 am UTC,26839396592,Refund,406-1261324-2925150,HX-MF1200-01-40x60,Homnix Microfiber Cloth for Car 1200 GSM 40x60cm 1Pcs ! Twisted Loop Super Absorbent Edgeless Design with Plush Pile and Lint Free Cloth for Drying an,1,amazon.in,Cash On Delivery Transactions and Non-Transactional Fees,Merchant,Jagalur,KARNATAKA,577528,-284.76,0,0,0,-14.24,0,0,1.42,0,0,0,7.08,0,-290.5,Released,3 Apr 2026 10:30:12 pm UTC
30 Mar 2026 6:40:30 pm UTC,26795520702,Service Fee,402-9049276-5046713,,Order Cancellation Charge,,Amazon.in,Cash On Delivery Transactions and Non-Transactional Fees,Merchant,,,,0,0,0,0,0,0,0,0,0,0,0,0,0,0,Released,30 Mar 2026 6:40:30 pm UTC
30 Mar 2026 7:12:10 pm UTC,26795520702,Service Fee,171-1108647-1322741,,Order Cancellation Charge,,Amazon.in,Cash On Delivery Transactions and Non-Transactional Fees,Merchant,,,,0,0,0,0,0,0,0,0,0,0,0,0,0,0,Released,30 Mar 2026 7:12:10 pm UTC
