Start Time, 2026-04-19 00:00:00
End Time, 2026-04-25 23:59:59
AdGroup ID,AdGroup Name,Campaign ID,Campaign Name,Query,Views,Clicks,Average CPC,Click Through Rate in %, Direct Units Sold,Indirect Units Sold,Direct Conversion Rate in %,Indirect Conversion Rate in %,Direct Revenue,Indirect Revenue,ROI,SUM(cost)
2KGIIBZ6DGIH,Diaper & Potty Training,BOAELWNUEF5B,PLA_Campaign-2026-04-18-Langot,baby langoti cotton,2036,38,1.4300,1.8664,0,0,0.0000,0.0000,0.0000,0.0000,0.0000,54.3400
2KGIIBZ6DGIH,Diaper & Potty Training,BOAELWNUEF5B,PLA_Campaign-2026-04-18-Langot,langot for baby,1646,40,1.4300,2.4301,1,0,2.5000,0.0000,343.0000,0.0000,5.9965,57.2000
2KGIIBZ6DGIH,Diaper & Potty Training,BOAELWNUEF5B,PLA_Campaign-2026-04-18-Langot,langot,774,17,1.4300,2.1964,0,0,0.0000,0.0000,0.0000,0.0000,0.0000,24.3100
2KGIIBZ6DGIH,Diaper & Potty Training,BOAELWNUEF5B,PLA_Campaign-2026-04-18-Langot,cotton langot for baby,504,5,1.4300,0.9921,0,0,0.0000,0.0000,0.0000,0.0000,0.0000,7.1500
2KGIIBZ6DGIH,Diaper & Potty Training,BOAELWNUEF5B,PLA_Campaign-2026-04-18-Langot,Langot,487,19,1.4300,3.9014,1,0,5.2632,0.0000,408.0000,0.0000,15.0166,27.1700
2KGIIBZ6DGIH,Diaper & Potty Training,BOAELWNUEF5B,PLA_Campaign-2026-04-18-Langot,nappy for newborn,424,10,1.4300,2.3585,0,0,0.0000,0.0000,0.0000,0.0000,0.0000,14.3000
2KGIIBZ6DGIH,Diaper & Potty Training,BOAELWNUEF5B,PLA_Campaign-2026-04-18-Langot,cotton nappy for newborn,337,8,1.4300,2.3739,1,0,12.5000,0.0000,408.0000,0.0000,35.6643,11.4400
2KGIIBZ6DGIH,Diaper & Potty Training,BOAELWNUEF5B,PLA_Campaign-2026-04-18-Langot,baby langot waterproof,333,18,1.4300,5.4054,0,0,0.0000,0.0000,0.0000,0.0000,0.0000,25.7400
2KGIIBZ6DGIH,Diaper & Potty Training,BOAELWNUEF5B,PLA_Campaign-2026-04-18-Langot,baby langot,331,10,1.4300,3.0211,0,0,0.0000,0.0000,0.0000,0.0000,0.0000,14.3000
2KGIIBZ6DGIH,Diaper & Potty Training,BOAELWNUEF5B,PLA_Campaign-2026-04-18-Langot,padded langot for baby,320,8,1.4300,2.5000,0,0,0.0000,0.0000,0.0000,0.0000,0.0000,11.4400
2KGIIBZ6DGIH,Diaper & Potty Training,BOAELWNUEF5B,PLA_Campaign-2026-04-18-Langot,dry feel langots,306,30,1.4300,9.8039,5,0,16.6667,0.0000,2268.0000,0.0000,52.8671,42.9000
2KGIIBZ6DGIH,Diaper & Potty Training,BOAELWNUEF5B,PLA_Campaign-2026-04-18-Langot,langoti for baby,298,5,1.4300,1.6779,0,0,0.0000,0.0000,0.0000,0.0000,0.0000,7.1500
2KGIIBZ6DGIH,Diaper & Potty Training,BOAELWNUEF5B,PLA_Campaign-2026-04-18-Langot,cotton diaper for baby,263,6,1.4300,2.2814,0,0,0.0000,0.0000,0.0000,0.0000,0.0000,8.5800
2KGIIBZ6DGIH,Diaper & Potty Training,BOAELWNUEF5B,PLA_Campaign-2026-04-18-Langot,cotton langot for newborn,233,2,1.4300,0.8584,0,0,0.0000,0.0000,0.0000,0.0000,0.0000,2.8600
2KGIIBZ6DGIH,Diaper & Potty Training,BOAELWNUEF5B,PLA_Campaign-2026-04-18-Langot,New born baby cloth,217,3,1.4300,1.3825,0,0,0.0000,0.0000,0.0000,0.0000,0.0000,4.2900
2KGIIBZ6DGIH,Diaper & Potty Training,BOAELWNUEF5B,PLA_Campaign-2026-04-18-Langot,langot for baby boy cotton,215,2,1.4300,0.9302,0,0,0.0000,0.0000,0.0000,0.0000,0.0000,2.8600
2KGIIBZ6DGIH,Diaper & Potty Training,BOAELWNUEF5B,PLA_Campaign-2026-04-18-Langot,Baby langot,200,5,1.4300,2.5000,0,0,0.0000,0.0000,0.0000,0.0000,0.0000,7.1500
2KGIIBZ6DGIH,Diaper & Potty Training,BOAELWNUEF5B,PLA_Campaign-2026-04-18-Langot,cloth diapers for baby,199,1,1.4300,0.5025,0,0,0.0000,0.0000,0.0000,0.0000,0.0000,1.4300
2KGIIBZ6DGIH,Diaper & Potty Training,BOAELWNUEF5B,PLA_Campaign-2026-04-18-Langot,waterproof diaper,181,8,1.4300,4.4199,1,0,12.5000,0.0000,400.0000,0.0000,34.9650,11.4400
2KGIIBZ6DGIH,Diaper & Potty Training,BOAELWNUEF5B,PLA_Campaign-2026-04-18-Langot,baby langot cotton,174,1,1.4300,0.5747,0,0,0.0000,0.0000,0.0000,0.0000,0.0000,1.4300
2KGIIBZ6DGIH,Diaper & Potty Training,BOAELWNUEF5B,PLA_Campaign-2026-04-18-Langot,cloth diaper for newborn,163,5,1.4300,3.0675,2,0,40.0000,0.0000,981.0000,0.0000,137.2028,7.1500
2KGIIBZ6DGIH,Diaper & Potty Training,BOAELWNUEF5B,PLA_Campaign-2026-04-18-Langot,small kids langot,160,1,1.4300,0.6250,0,0,0.0000,0.0000,0.0000,0.0000,0.0000,1.4300
2KGIIBZ6DGIH,Diaper & Potty Training,BOAELWNUEF5B,PLA_Campaign-2026-04-18-Langot,new born langot,155,4,1.4300,2.5806,0,0,0.0000,0.0000,0.0000,0.0000,0.0000,5.7200
2KGIIBZ6DGIH,Diaper & Potty Training,BOAELWNUEF5B,PLA_Campaign-2026-04-18-Langot,cotton water proof baby nappy,155,5,1.4300,3.2258,0,0,0.0000,0.0000,0.0000,0.0000,0.0000,7.1500
2KGIIBZ6DGIH,Diaper & Potty Training,BOAELWNUEF5B,PLA_Campaign-2026-04-18-Langot,waterproof langot baby,144,3,1.4300,2.0833,2,0,66.6667,0.0000,482.0000,0.0000,112.3543,4.2900
2KGIIBZ6DGIH,Diaper & Potty Training,BOAELWNUEF5B,PLA_Campaign-2026-04-18-Langot,langot for new born baby,141,2,1.4300,1.4184,0,0,0.0000,0.0000,0.0000,0.0000,0.0000,2.8600
2KGIIBZ6DGIH,Diaper & Potty Training,BOAELWNUEF5B,PLA_Campaign-2026-04-18-Langot,lagoti baby,137,0,0.0000,0.0000,0,0,0.0000,0.0000,0.0000,0.0000,0.0000,0.0000
2KGIIBZ6DGIH,Diaper & Potty Training,BOAELWNUEF5B,PLA_Campaign-2026-04-18-Langot,baby longot,134,0,0.0000,0.0000,0,0,0.0000,0.0000,0.0000,0.0000,0.0000,0.0000
2KGIIBZ6DGIH,Diaper & Potty Training,BOAELWNUEF5B,PLA_Campaign-2026-04-18-Langot,baby langoti cotton waterproof,133,7,1.4300,5.2632,1,0,14.2857,0.0000,390.0000,0.0000,38.9610,10.0100
2KGIIBZ6DGIH,Diaper & Potty Training,BOAELWNUEF5B,PLA_Campaign-2026-04-18-Langot,kids langot,131,1,1.4300,0.7634,0,0,0.0000,0.0000,0.0000,0.0000,0.0000,1.4300
2KGIIBZ6DGIH,Diaper & Potty Training,BOAELWNUEF5B,PLA_Campaign-2026-04-18-Langot,baby langot double layer,124,2,1.4300,1.6129,0,0,0.0000,0.0000,0.0000,0.0000,0.0000,2.8600
2KGIIBZ6DGIH,Diaper & Potty Training,BOAELWNUEF5B,PLA_Campaign-2026-04-18-Langot,muslin langot for baby,106,3,1.4300,2.8302,0,0,0.0000,0.0000,0.0000,0.0000,0.0000,4.2900
2KGIIBZ6DGIH,Diaper & Potty Training,BOAELWNUEF5B,PLA_Campaign-2026-04-18-Langot,new born baby langot,99,2,1.4300,2.0202,0,0,0.0000,0.0000,0.0000,0.0000,0.0000,2.8600
2KGIIBZ6DGIH,Diaper & Potty Training,BOAELWNUEF5B,PLA_Campaign-2026-04-18-Langot,baby langot pure cotton,99,1,1.4300,1.0101,0,0,0.0000,0.0000,0.0000,0.0000,0.0000,1.4300
2KGIIBZ6DGIH,Diaper & Potty Training,BOAELWNUEF5B,PLA_Campaign-2026-04-18-Langot,newborn baby cloth,98,1,1.4300,1.0204,0,0,0.0000,0.0000,0.0000,0.0000,0.0000,1.4300
2KGIIBZ6DGIH,Diaper & Potty Training,BOAELWNUEF5B,PLA_Campaign-2026-04-18-Langot,langot baby diaper,94,8,1.4300,8.5106,0,0,0.0000,0.0000,0.0000,0.0000,0.0000,11.4400
2KGIIBZ6DGIH,Diaper & Potty Training,BOAELWNUEF5B,PLA_Campaign-2026-04-18-Langot,padded langot for new born baby,89,5,1.4300,5.6180,0,0,0.0000,0.0000,0.0000,0.0000,0.0000,7.1500
2KGIIBZ6DGIH,Diaper & Potty Training,BOAELWNUEF5B,PLA_Campaign-2026-04-18-Langot,new born baby langot cotton,87,1,1.4300,1.1494,0,0,0.0000,0.0000,0.0000,0.0000,0.0000,1.4300
2KGIIBZ6DGIH,Diaper & Potty Training,BOAELWNUEF5B,PLA_Campaign-2026-04-18-Langot,nappies for newborn,87,2,1.4300,2.2989,0,0,0.0000,0.0000,0.0000,0.0000,0.0000,2.8600
2KGIIBZ6DGIH,Diaper & Potty Training,BOAELWNUEF5B,PLA_Campaign-2026-04-18-Langot,langot for 6 to 12 months baby,84,3,1.4300,3.5714,0,0,0.0000,0.0000,0.0000,0.0000,0.0000,4.2900
2KGIIBZ6DGIH,Diaper & Potty Training,BOAELWNUEF5B,PLA_Campaign-2026-04-18-Langot,baby lagoti,83,1,1.4300,1.2048,0,0,0.0000,0.0000,0.0000,0.0000,0.0000,1.4300
2KGIIBZ6DGIH,Diaper & Potty Training,BOAELWNUEF5B,PLA_Campaign-2026-04-18-Langot,langot for baby boy,78,0,0.0000,0.0000,0,0,0.0000,0.0000,0.0000,0.0000,0.0000,0.0000
2KGIIBZ6DGIH,Diaper & Potty Training,BOAELWNUEF5B,PLA_Campaign-2026-04-18-Langot,new born baby dry feel langot,75,5,1.4300,6.6667,0,0,0.0000,0.0000,0.0000,0.0000,0.0000,7.1500
2KGIIBZ6DGIH,Diaper & Potty Training,BOAELWNUEF5B,PLA_Campaign-2026-04-18-Langot,New born cloth,73,1,1.4300,1.3699,0,0,0.0000,0.0000,0.0000,0.0000,0.0000,1.4300
2KGIIBZ6DGIH,Diaper & Potty Training,BOAELWNUEF5B,PLA_Campaign-2026-04-18-Langot,waterproof langot for new born baby,71,7,1.4300,9.8592,0,0,0.0000,0.0000,0.0000,0.0000,0.0000,10.0100
2KGIIBZ6DGIH,Diaper & Potty Training,BOAELWNUEF5B,PLA_Campaign-2026-04-18-Langot,Langots,69,0,0.0000,0.0000,0,0,0.0000,0.0000,0.0000,0.0000,0.0000,0.0000
2KGIIBZ6DGIH,Diaper & Potty Training,BOAELWNUEF5B,PLA_Campaign-2026-04-18-Langot,cloth diaper,67,2,1.4300,2.9851,0,0,0.0000,0.0000,0.0000,0.0000,0.0000,2.8600
2KGIIBZ6DGIH,Diaper & Potty Training,BOAELWNUEF5B,PLA_Campaign-2026-04-18-Langot,baby cloth diaper,66,0,0.0000,0.0000,0,0,0.0000,0.0000,0.0000,0.0000,0.0000,0.0000
2KGIIBZ6DGIH,Diaper & Potty Training,BOAELWNUEF5B,PLA_Campaign-2026-04-18-Langot,cotton langot for kids,66,0,0.0000,0.0000,0,0,0.0000,0.0000,0.0000,0.0000,0.0000,0.0000
2KGIIBZ6DGIH,Diaper & Potty Training,BOAELWNUEF5B,PLA_Campaign-2026-04-18-Langot,cotton diaper for new born baby,60,2,1.4300,3.3333,0,0,0.0000,0.0000,0.0000,0.0000,0.0000,2.8600
2KGIIBZ6DGIH,Diaper & Potty Training,BOAELWNUEF5B,PLA_Campaign-2026-04-18-Langot,cloth diapers for baby nappy newborn,58,0,0.0000,0.0000,0,0,0.0000,0.0000,0.0000,0.0000,0.0000,0.0000
2KGIIBZ6DGIH,Diaper & Potty Training,BOAELWNUEF5B,PLA_Campaign-2026-04-18-Langot,langots,57,2,1.4300,3.5088,0,0,0.0000,0.0000,0.0000,0.0000,0.0000,2.8600
2KGIIBZ6DGIH,Diaper & Potty Training,BOAELWNUEF5B,PLA_Campaign-2026-04-18-Langot,new born baby cotton nappy,57,3,1.4300,5.2632,0,0,0.0000,0.0000,0.0000,0.0000,0.0000,4.2900
2KGIIBZ6DGIH,Diaper & Potty Training,BOAELWNUEF5B,PLA_Campaign-2026-04-18-Langot,waterproof nappy,56,0,0.0000,0.0000,0,0,0.0000,0.0000,0.0000,0.0000,0.0000,0.0000
2KGIIBZ6DGIH,Diaper & Potty Training,BOAELWNUEF5B,PLA_Campaign-2026-04-18-Langot,new born baby cloth,55,0,0.0000,0.0000,0,0,0.0000,0.0000,0.0000,0.0000,0.0000,0.0000
2KGIIBZ6DGIH,Diaper & Potty Training,BOAELWNUEF5B,PLA_Campaign-2026-04-18-Langot,nappies for baby,55,1,1.4300,1.8182,0,0,0.0000,0.0000,0.0000,0.0000,0.0000,1.4300
2KGIIBZ6DGIH,Diaper & Potty Training,BOAELWNUEF5B,PLA_Campaign-2026-04-18-Langot,baby cloth langot,54,0,0.0000,0.0000,0,0,0.0000,0.0000,0.0000,0.0000,0.0000,0.0000
2KGIIBZ6DGIH,Diaper & Potty Training,BOAELWNUEF5B,PLA_Campaign-2026-04-18-Langot,dryfeel langot,52,6,1.4300,11.5385,0,0,0.0000,0.0000,0.0000,0.0000,0.0000,8.5800
2KGIIBZ6DGIH,Diaper & Potty Training,BOAELWNUEF5B,PLA_Campaign-2026-04-18-Langot,diaper langot,51,3,1.4300,5.8824,0,0,0.0000,0.0000,0.0000,0.0000,0.0000,4.2900
2KGIIBZ6DGIH,Diaper & Potty Training,BOAELWNUEF5B,PLA_Campaign-2026-04-18-Langot,newborn langot,51,1,1.4300,1.9608,0,0,0.0000,0.0000,0.0000,0.0000,0.0000,1.4300
2KGIIBZ6DGIH,Diaper & Potty Training,BOAELWNUEF5B,PLA_Campaign-2026-04-18-Langot,super bottom baby langot,50,5,1.4300,10.0000,0,0,0.0000,0.0000,0.0000,0.0000,0.0000,7.1500
2KGIIBZ6DGIH,Diaper & Potty Training,BOAELWNUEF5B,PLA_Campaign-2026-04-18-Langot,padded nappy,49,1,1.4300,2.0408,0,0,0.0000,0.0000,0.0000,0.0000,0.0000,1.4300
2KGIIBZ6DGIH,Diaper & Potty Training,BOAELWNUEF5B,PLA_Campaign-2026-04-18-Langot,newborn baby langot,49,2,1.4300,4.0816,0,0,0.0000,0.0000,0.0000,0.0000,0.0000,2.8600
2KGIIBZ6DGIH,Diaper & Potty Training,BOAELWNUEF5B,PLA_Campaign-2026-04-18-Langot,langots for new born,48,2,1.4300,4.1667,0,0,0.0000,0.0000,0.0000,0.0000,0.0000,2.8600
2KGIIBZ6DGIH,Diaper & Potty Training,BOAELWNUEF5B,PLA_Campaign-2026-04-18-Langot,babyhug nappy,47,0,0.0000,0.0000,0,0,0.0000,0.0000,0.0000,0.0000,0.0000,0.0000
2KGIIBZ6DGIH,Diaper & Potty Training,BOAELWNUEF5B,PLA_Campaign-2026-04-18-Langot,new born baby langot set cotton,47,0,0.0000,0.0000,0,0,0.0000,0.0000,0.0000,0.0000,0.0000,0.0000
2KGIIBZ6DGIH,Diaper & Potty Training,BOAELWNUEF5B,PLA_Campaign-2026-04-18-Langot,langot for kids,45,2,1.4300,4.4444,0,0,0.0000,0.0000,0.0000,0.0000,0.0000,2.8600
2KGIIBZ6DGIH,Diaper & Potty Training,BOAELWNUEF5B,PLA_Campaign-2026-04-18-Langot,diaper cloth,44,0,0.0000,0.0000,0,0,0.0000,0.0000,0.0000,0.0000,0.0000,0.0000
2KGIIBZ6DGIH,Diaper & Potty Training,BOAELWNUEF5B,PLA_Campaign-2026-04-18-Langot,new born nappy,43,0,0.0000,0.0000,0,0,0.0000,0.0000,0.0000,0.0000,0.0000,0.0000
2KGIIBZ6DGIH,Diaper & Potty Training,BOAELWNUEF5B,PLA_Campaign-2026-04-18-Langot,kids langoti,43,1,1.4300,2.3256,0,0,0.0000,0.0000,0.0000,0.0000,0.0000,1.4300
2KGIIBZ6DGIH,Diaper & Potty Training,BOAELWNUEF5B,PLA_Campaign-2026-04-18-Langot,langot for baby cotton,43,1,1.4300,2.3256,0,0,0.0000,0.0000,0.0000,0.0000,0.0000,1.4300
2KGIIBZ6DGIH,Diaper & Potty Training,BOAELWNUEF5B,PLA_Campaign-2026-04-18-Langot,New born baby langot,43,0,0.0000,0.0000,0,0,0.0000,0.0000,0.0000,0.0000,0.0000,0.0000
2KGIIBZ6DGIH,Diaper & Potty Training,BOAELWNUEF5B,PLA_Campaign-2026-04-18-Langot,cotton cloth baby,41,0,0.0000,0.0000,0,0,0.0000,0.0000,0.0000,0.0000,0.0000,0.0000
2KGIIBZ6DGIH,Diaper & Potty Training,BOAELWNUEF5B,PLA_Campaign-2026-04-18-Langot,Newborn baby cloth,41,0,0.0000,0.0000,0,0,0.0000,0.0000,0.0000,0.0000,0.0000,0.0000
2KGIIBZ6DGIH,Diaper & Potty Training,BOAELWNUEF5B,PLA_Campaign-2026-04-18-Langot,babyhug waterproof nappy,40,1,1.4300,2.5000,0,0,0.0000,0.0000,0.0000,0.0000,0.0000,1.4300
2KGIIBZ6DGIH,Diaper & Potty Training,BOAELWNUEF5B,PLA_Campaign-2026-04-18-Langot,baby boy langoti,40,1,1.4300,2.5000,1,0,100.0000,0.0000,492.0000,0.0000,344.0559,1.4300
2KGIIBZ6DGIH,Diaper & Potty Training,BOAELWNUEF5B,PLA_Campaign-2026-04-18-Langot,lagoti baby girl,40,1,1.4300,2.5000,0,0,0.0000,0.0000,0.0000,0.0000,0.0000,1.4300
2KGIIBZ6DGIH,Diaper & Potty Training,BOAELWNUEF5B,PLA_Campaign-2026-04-18-Langot,cloth nappy for baby,39,1,1.4300,2.5641,0,0,0.0000,0.0000,0.0000,0.0000,0.0000,1.4300
2KGIIBZ6DGIH,Diaper & Potty Training,BOAELWNUEF5B,PLA_Campaign-2026-04-18-Langot,baby padded langot,39,0,0.0000,0.0000,0,0,0.0000,0.0000,0.0000,0.0000,0.0000,0.0000
2KGIIBZ6DGIH,Diaper & Potty Training,BOAELWNUEF5B,PLA_Campaign-2026-04-18-Langot,velcro langot,38,0,0.0000,0.0000,0,0,0.0000,0.0000,0.0000,0.0000,0.0000,0.0000
2KGIIBZ6DGIH,Diaper & Potty Training,BOAELWNUEF5B,PLA_Campaign-2026-04-18-Langot,new born baby padded nappies,38,0,0.0000,0.0000,0,0,0.0000,0.0000,0.0000,0.0000,0.0000,0.0000
2KGIIBZ6DGIH,Diaper & Potty Training,BOAELWNUEF5B,PLA_Campaign-2026-04-18-Langot,new born baby,37,0,0.0000,0.0000,0,0,0.0000,0.0000,0.0000,0.0000,0.0000,0.0000
2KGIIBZ6DGIH,Diaper & Potty Training,BOAELWNUEF5B,PLA_Campaign-2026-04-18-Langot,waterproof baby diaper,37,1,1.4300,2.7027,0,0,0.0000,0.0000,0.0000,0.0000,0.0000,1.4300
2KGIIBZ6DGIH,Diaper & Potty Training,BOAELWNUEF5B,PLA_Campaign-2026-04-18-Langot,super bottom dry free langot for baby,34,1,1.4300,2.9412,0,0,0.0000,0.0000,0.0000,0.0000,0.0000,1.4300
2KGIIBZ6DGIH,Diaper & Potty Training,BOAELWNUEF5B,PLA_Campaign-2026-04-18-Langot,baby dry feel langot,33,3,1.4300,9.0909,0,0,0.0000,0.0000,0.0000,0.0000,0.0000,4.2900
2KGIIBZ6DGIH,Diaper & Potty Training,BOAELWNUEF5B,PLA_Campaign-2026-04-18-Langot,clothes,33,1,1.4300,3.0303,0,0,0.0000,0.0000,0.0000,0.0000,0.0000,1.4300
2KGIIBZ6DGIH,Diaper & Potty Training,BOAELWNUEF5B,PLA_Campaign-2026-04-18-Langot,cloth diaper for baby,32,2,1.4300,6.2500,0,0,0.0000,0.0000,0.0000,0.0000,0.0000,2.8600
2KGIIBZ6DGIH,Diaper & Potty Training,BOAELWNUEF5B,PLA_Campaign-2026-04-18-Langot,new born baby nappy,32,0,0.0000,0.0000,0,0,0.0000,0.0000,0.0000,0.0000,0.0000,0.0000
2KGIIBZ6DGIH,Diaper & Potty Training,BOAELWNUEF5B,PLA_Campaign-2026-04-18-Langot,new born baby boy langot,31,0,0.0000,0.0000,0,0,0.0000,0.0000,0.0000,0.0000,0.0000,0.0000
2KGIIBZ6DGIH,Diaper & Potty Training,BOAELWNUEF5B,PLA_Campaign-2026-04-18-Langot,new born baby langot set cotton combo,31,3,1.4300,9.6774,0,0,0.0000,0.0000,0.0000,0.0000,0.0000,4.2900
2KGIIBZ6DGIH,Diaper & Potty Training,BOAELWNUEF5B,PLA_Campaign-2026-04-18-Langot,baby langota,31,0,0.0000,0.0000,0,0,0.0000,0.0000,0.0000,0.0000,0.0000,0.0000
2KGIIBZ6DGIH,Diaper & Potty Training,BOAELWNUEF5B,PLA_Campaign-2026-04-18-Langot,dry feel nappy,30,1,1.4300,3.3333,0,0,0.0000,0.0000,0.0000,0.0000,0.0000,1.4300
2KGIIBZ6DGIH,Diaper & Potty Training,BOAELWNUEF5B,PLA_Campaign-2026-04-18-Langot,baby girl langoti,29,1,1.4300,3.4483,0,0,0.0000,0.0000,0.0000,0.0000,0.0000,1.4300
2KGIIBZ6DGIH,Diaper & Potty Training,BOAELWNUEF5B,PLA_Campaign-2026-04-18-Langot,lagoti baby boy,29,0,0.0000,0.0000,0,0,0.0000,0.0000,0.0000,0.0000,0.0000,0.0000
2KGIIBZ6DGIH,Diaper & Potty Training,BOAELWNUEF5B,PLA_Campaign-2026-04-18-Langot,white cloth for new born baby,29,0,0.0000,0.0000,0,0,0.0000,0.0000,0.0000,0.0000,0.0000,0.0000
2KGIIBZ6DGIH,Diaper & Potty Training,BOAELWNUEF5B,PLA_Campaign-2026-04-18-Langot,baby cotton nappy,29,0,0.0000,0.0000,0,0,0.0000,0.0000,0.0000,0.0000,0.0000,0.0000
2KGIIBZ6DGIH,Diaper & Potty Training,BOAELWNUEF5B,PLA_Campaign-2026-04-18-Langot,cotton langoti for baby,29,1,1.4300,3.4483,0,0,0.0000,0.0000,0.0000,0.0000,0.0000,1.4300
2KGIIBZ6DGIH,Diaper & Potty Training,BOAELWNUEF5B,PLA_Campaign-2026-04-18-Langot,langot for baby girl,29,2,1.4300,6.8966,0,0,0.0000,0.0000,0.0000,0.0000,0.0000,2.8600
2KGIIBZ6DGIH,Diaper & Potty Training,BOAELWNUEF5B,PLA_Campaign-2026-04-18-Langot,cotton nappies for baby,28,1,1.4300,3.5714,0,0,0.0000,0.0000,0.0000,0.0000,0.0000,1.4300
2KGIIBZ6DGIH,Diaper & Potty Training,BOAELWNUEF5B,PLA_Campaign-2026-04-18-Langot,cotton padded langot,28,0,0.0000,0.0000,0,0,0.0000,0.0000,0.0000,0.0000,0.0000,0.0000
2KGIIBZ6DGIH,Diaper & Potty Training,BOAELWNUEF5B,PLA_Campaign-2026-04-18-Langot,pure cotton langot for baby,28,0,0.0000,0.0000,0,0,0.0000,0.0000,0.0000,0.0000,0.0000,0.0000
2KGIIBZ6DGIH,Diaper & Potty Training,BOAELWNUEF5B,PLA_Campaign-2026-04-18-Langot,Cloth diaper,28,1,1.4300,3.5714,0,0,0.0000,0.0000,0.0000,0.0000,0.0000,1.4300
2KGIIBZ6DGIH,Diaper & Potty Training,BOAELWNUEF5B,PLA_Campaign-2026-04-18-Langot,Newborn cloth,28,0,0.0000,0.0000,0,0,0.0000,0.0000,0.0000,0.0000,0.0000,0.0000
2KGIIBZ6DGIH,Diaper & Potty Training,BOAELWNUEF5B,PLA_Campaign-2026-04-18-Langot,cotton langot,28,0,0.0000,0.0000,0,0,0.0000,0.0000,0.0000,0.0000,0.0000,0.0000
2KGIIBZ6DGIH,Diaper & Potty Training,BOAELWNUEF5B,PLA_Campaign-2026-04-18-Langot,0 size baby langot,27,1,1.4300,3.7037,0,0,0.0000,0.0000,0.0000,0.0000,0.0000,1.4300
2KGIIBZ6DGIH,Diaper & Potty Training,BOAELWNUEF5B,PLA_Campaign-2026-04-18-Langot,baby lagot,27,0,0.0000,0.0000,0,0,0.0000,0.0000,0.0000,0.0000,0.0000,0.0000
2KGIIBZ6DGIH,Diaper & Potty Training,BOAELWNUEF5B,PLA_Campaign-2026-04-18-Langot,big size langot,27,2,1.4300,7.4074,0,0,0.0000,0.0000,0.0000,0.0000,0.0000,2.8600
2KGIIBZ6DGIH,Diaper & Potty Training,BOAELWNUEF5B,PLA_Campaign-2026-04-18-Langot,nappy for boys,26,0,0.0000,0.0000,0,0,0.0000,0.0000,0.0000,0.0000,0.0000,0.0000
2KGIIBZ6DGIH,Diaper & Potty Training,BOAELWNUEF5B,PLA_Campaign-2026-04-18-Langot,super bottom baby langot diaper,25,1,1.4300,4.0000,0,0,0.0000,0.0000,0.0000,0.0000,0.0000,1.4300
2KGIIBZ6DGIH,Diaper & Potty Training,BOAELWNUEF5B,PLA_Campaign-2026-04-18-Langot,Baby langots,25,0,0.0000,0.0000,0,0,0.0000,0.0000,0.0000,0.0000,0.0000,0.0000
2KGIIBZ6DGIH,Diaper & Potty Training,BOAELWNUEF5B,PLA_Campaign-2026-04-18-Langot,cloth langot,25,1,1.4300,4.0000,0,0,0.0000,0.0000,0.0000,0.0000,0.0000,1.4300
2KGIIBZ6DGIH,Diaper & Potty Training,BOAELWNUEF5B,PLA_Campaign-2026-04-18-Langot,new born baby langoti,25,0,0.0000,0.0000,0,0,0.0000,0.0000,0.0000,0.0000,0.0000,0.0000
2KGIIBZ6DGIH,Diaper & Potty Training,BOAELWNUEF5B,PLA_Campaign-2026-04-18-Langot,baby langoti cotton waterproof nappy,25,1,1.4300,4.0000,0,0,0.0000,0.0000,0.0000,0.0000,0.0000,1.4300
2KGIIBZ6DGIH,Diaper & Potty Training,BOAELWNUEF5B,PLA_Campaign-2026-04-18-Langot,baby nappy,24,0,0.0000,0.0000,0,0,0.0000,0.0000,0.0000,0.0000,0.0000,0.0000
2KGIIBZ6DGIH,Diaper & Potty Training,BOAELWNUEF5B,PLA_Campaign-2026-04-18-Langot,newborn baby cotton diaper,24,0,0.0000,0.0000,0,0,0.0000,0.0000,0.0000,0.0000,0.0000,0.0000
2KGIIBZ6DGIH,Diaper & Potty Training,BOAELWNUEF5B,PLA_Campaign-2026-04-18-Langot,nappy cloth diapers,24,0,0.0000,0.0000,0,0,0.0000,0.0000,0.0000,0.0000,0.0000,0.0000
2KGIIBZ6DGIH,Diaper & Potty Training,BOAELWNUEF5B,PLA_Campaign-2026-04-18-Langot,Boys,23,0,0.0000,0.0000,0,0,0.0000,0.0000,0.0000,0.0000,0.0000,0.0000
2KGIIBZ6DGIH,Diaper & Potty Training,BOAELWNUEF5B,PLA_Campaign-2026-04-18-Langot,Cotton langot,23,1,1.4300,4.3478,0,0,0.0000,0.0000,0.0000,0.0000,0.0000,1.4300
2KGIIBZ6DGIH,Diaper & Potty Training,BOAELWNUEF5B,PLA_Campaign-2026-04-18-Langot,leak proof langot,22,4,1.4300,18.1818,0,0,0.0000,0.0000,0.0000,0.0000,0.0000,5.7200
2KGIIBZ6DGIH,Diaper & Potty Training,BOAELWNUEF5B,PLA_Campaign-2026-04-18-Langot,cotton langot for new born baby,22,0,0.0000,0.0000,0,0,0.0000,0.0000,0.0000,0.0000,0.0000,0.0000
2KGIIBZ6DGIH,Diaper & Potty Training,BOAELWNUEF5B,PLA_Campaign-2026-04-18-Langot,cloth diaper combo,22,0,0.0000,0.0000,0,0,0.0000,0.0000,0.0000,0.0000,0.0000,0.0000
2KGIIBZ6DGIH,Diaper & Potty Training,BOAELWNUEF5B,PLA_Campaign-2026-04-18-Langot,cloth diapers for new born,22,0,0.0000,0.0000,0,0,0.0000,0.0000,0.0000,0.0000,0.0000,0.0000
2KGIIBZ6DGIH,Diaper & Potty Training,BOAELWNUEF5B,PLA_Campaign-2026-04-18-Langot,Cotton diaper,21,4,1.4300,19.0476,0,0,0.0000,0.0000,0.0000,0.0000,0.0000,5.7200
2KGIIBZ6DGIH,Diaper & Potty Training,BOAELWNUEF5B,PLA_Campaign-2026-04-18-Langot,single layer nappy langot,21,1,1.4300,4.7619,0,0,0.0000,0.0000,0.0000,0.0000,0.0000,1.4300
2KGIIBZ6DGIH,Diaper & Potty Training,BOAELWNUEF5B,PLA_Campaign-2026-04-18-Langot,baby cloth,21,0,0.0000,0.0000,0,0,0.0000,0.0000,0.0000,0.0000,0.0000,0.0000
2KGIIBZ6DGIH,Diaper & Potty Training,BOAELWNUEF5B,PLA_Campaign-2026-04-18-Langot,muslin cotton langot,21,0,0.0000,0.0000,0,0,0.0000,0.0000,0.0000,0.0000,0.0000,0.0000
2KGIIBZ6DGIH,Diaper & Potty Training,BOAELWNUEF5B,PLA_Campaign-2026-04-18-Langot,padded langot for baby boy,21,0,0.0000,0.0000,0,0,0.0000,0.0000,0.0000,0.0000,0.0000,0.0000
2KGIIBZ6DGIH,Diaper & Potty Training,BOAELWNUEF5B,PLA_Campaign-2026-04-18-Langot,baby,20,1,1.4300,5.0000,0,0,0.0000,0.0000,0.0000,0.0000,0.0000,1.4300
2KGIIBZ6DGIH,Diaper & Potty Training,BOAELWNUEF5B,PLA_Campaign-2026-04-18-Langot,langot diaper,20,2,1.4300,10.0000,0,0,0.0000,0.0000,0.0000,0.0000,0.0000,2.8600
2KGIIBZ6DGIH,Diaper & Potty Training,BOAELWNUEF5B,PLA_Campaign-2026-04-18-Langot,new born baby waterproof nappy,20,1,1.4300,5.0000,0,0,0.0000,0.0000,0.0000,0.0000,0.0000,1.4300
2KGIIBZ6DGIH,Diaper & Potty Training,BOAELWNUEF5B,PLA_Campaign-2026-04-18-Langot,kids langot small,20,0,0.0000,0.0000,0,0,0.0000,0.0000,0.0000,0.0000,0.0000,0.0000
2KGIIBZ6DGIH,Diaper & Potty Training,BOAELWNUEF5B,PLA_Campaign-2026-04-18-Langot,Cloth Diaper,20,0,0.0000,0.0000,0,0,0.0000,0.0000,0.0000,0.0000,0.0000,0.0000
2KGIIBZ6DGIH,Diaper & Potty Training,BOAELWNUEF5B,PLA_Campaign-2026-04-18-Langot,Langoti for new born,20,1,1.4300,5.0000,0,0,0.0000,0.0000,0.0000,0.0000,0.0000,1.4300
2KGIIBZ6DGIH,Diaper & Potty Training,BOAELWNUEF5B,PLA_Campaign-2026-04-18-Langot,Cloth diapers,19,0,0.0000,0.0000,0,0,0.0000,0.0000,0.0000,0.0000,0.0000,0.0000
2KGIIBZ6DGIH,Diaper & Potty Training,BOAELWNUEF5B,PLA_Campaign-2026-04-18-Langot,langots for newborn,19,0,0.0000,0.0000,0,0,0.0000,0.0000,0.0000,0.0000,0.0000,0.0000
2KGIIBZ6DGIH,Diaper & Potty Training,BOAELWNUEF5B,PLA_Campaign-2026-04-18-Langot,baby nappy pure cotton double layer,19,1,1.4300,5.2632,0,0,0.0000,0.0000,0.0000,0.0000,0.0000,1.4300
2KGIIBZ6DGIH,Diaper & Potty Training,BOAELWNUEF5B,PLA_Campaign-2026-04-18-Langot,baby boy new born langot kids,19,0,0.0000,0.0000,0,0,0.0000,0.0000,0.0000,0.0000,0.0000,0.0000
2KGIIBZ6DGIH,Diaper & Potty Training,BOAELWNUEF5B,PLA_Campaign-2026-04-18-Langot,Baby langhot,19,0,0.0000,0.0000,0,0,0.0000,0.0000,0.0000,0.0000,0.0000,0.0000
2KGIIBZ6DGIH,Diaper & Potty Training,BOAELWNUEF5B,PLA_Campaign-2026-04-18-Langot,Cotton langot for baby,19,0,0.0000,0.0000,0,0,0.0000,0.0000,0.0000,0.0000,0.0000,0.0000
2KGIIBZ6DGIH,Diaper & Potty Training,BOAELWNUEF5B,PLA_Campaign-2026-04-18-Langot,pad langot,18,0,0.0000,0.0000,0,0,0.0000,0.0000,0.0000,0.0000,0.0000,0.0000
2KGIIBZ6DGIH,Diaper & Potty Training,BOAELWNUEF5B,PLA_Campaign-2026-04-18-Langot,Cotton cloth for new born baby,18,0,0.0000,0.0000,0,0,0.0000,0.0000,0.0000,0.0000,0.0000,0.0000
2KGIIBZ6DGIH,Diaper & Potty Training,BOAELWNUEF5B,PLA_Campaign-2026-04-18-Langot,new born baby cotton diaper,18,1,1.4300,5.5556,0,0,0.0000,0.0000,0.0000,0.0000,0.0000,1.4300
2KGIIBZ6DGIH,Diaper & Potty Training,BOAELWNUEF5B,PLA_Campaign-2026-04-18-Langot,newborn baby nappies,18,0,0.0000,0.0000,0,0,0.0000,0.0000,0.0000,0.0000,0.0000,0.0000
2KGIIBZ6DGIH,Diaper & Potty Training,BOAELWNUEF5B,PLA_Campaign-2026-04-18-Langot,Waterproof diaper,18,0,0.0000,0.0000,0,0,0.0000,0.0000,0.0000,0.0000,0.0000,0.0000
2KGIIBZ6DGIH,Diaper & Potty Training,BOAELWNUEF5B,PLA_Campaign-2026-04-18-Langot,waterproof langot,18,0,0.0000,0.0000,0,0,0.0000,0.0000,0.0000,0.0000,0.0000,0.0000
2KGIIBZ6DGIH,Diaper & Potty Training,BOAELWNUEF5B,PLA_Campaign-2026-04-18-Langot,langoti for baby cotton,17,0,0.0000,0.0000,0,0,0.0000,0.0000,0.0000,0.0000,0.0000,0.0000
2KGIIBZ6DGIH,Diaper & Potty Training,BOAELWNUEF5B,PLA_Campaign-2026-04-18-Langot,new born baby cloth diaper,17,3,1.4300,17.6471,0,0,0.0000,0.0000,0.0000,0.0000,0.0000,4.2900
2KGIIBZ6DGIH,Diaper & Potty Training,BOAELWNUEF5B,PLA_Campaign-2026-04-18-Langot,double layer langot,17,2,1.4300,11.7647,0,0,0.0000,0.0000,0.0000,0.0000,0.0000,2.8600
2KGIIBZ6DGIH,Diaper & Potty Training,BOAELWNUEF5B,PLA_Campaign-2026-04-18-Langot,nappy for baby,16,0,0.0000,0.0000,0,0,0.0000,0.0000,0.0000,0.0000,0.0000,0.0000
2KGIIBZ6DGIH,Diaper & Potty Training,BOAELWNUEF5B,PLA_Campaign-2026-04-18-Langot,new born baby cotton langot,16,0,0.0000,0.0000,0,0,0.0000,0.0000,0.0000,0.0000,0.0000,0.0000
2KGIIBZ6DGIH,Diaper & Potty Training,BOAELWNUEF5B,PLA_Campaign-2026-04-18-Langot,baby diaper langot,16,0,0.0000,0.0000,0,0,0.0000,0.0000,0.0000,0.0000,0.0000,0.0000
2KGIIBZ6DGIH,Diaper & Potty Training,BOAELWNUEF5B,PLA_Campaign-2026-04-18-Langot,dry feel nappy light combo pack,16,1,1.4300,6.2500,0,0,0.0000,0.0000,0.0000,0.0000,0.0000,1.4300
2KGIIBZ6DGIH,Diaper & Potty Training,BOAELWNUEF5B,PLA_Campaign-2026-04-18-Langot,new born cloth,16,0,0.0000,0.0000,0,0,0.0000,0.0000,0.0000,0.0000,0.0000,0.0000
2KGIIBZ6DGIH,Diaper & Potty Training,BOAELWNUEF5B,PLA_Campaign-2026-04-18-Langot,1 year baby langot,16,0,0.0000,0.0000,0,0,0.0000,0.0000,0.0000,0.0000,0.0000,0.0000
2KGIIBZ6DGIH,Diaper & Potty Training,BOAELWNUEF5B,PLA_Campaign-2026-04-18-Langot,homnix langot,16,4,1.4300,25.0000,0,0,0.0000,0.0000,0.0000,0.0000,0.0000,5.7200
2KGIIBZ6DGIH,Diaper & Potty Training,BOAELWNUEF5B,PLA_Campaign-2026-04-18-Langot,newborn baby cloth diaper,16,3,1.4300,18.7500,0,0,0.0000,0.0000,0.0000,0.0000,0.0000,4.2900
2KGIIBZ6DGIH,Diaper & Potty Training,BOAELWNUEF5B,PLA_Campaign-2026-04-18-Langot,jhabla langot for newborn,16,0,0.0000,0.0000,0,0,0.0000,0.0000,0.0000,0.0000,0.0000,0.0000
2KGIIBZ6DGIH,Diaper & Potty Training,BOAELWNUEF5B,PLA_Campaign-2026-04-18-Langot,small baby langot,16,0,0.0000,0.0000,0,0,0.0000,0.0000,0.0000,0.0000,0.0000,0.0000
2KGIIBZ6DGIH,Diaper & Potty Training,BOAELWNUEF5B,PLA_Campaign-2026-04-18-Langot,Best langot,16,2,1.4300,12.5000,0,0,0.0000,0.0000,0.0000,0.0000,0.0000,2.8600
2KGIIBZ6DGIH,Diaper & Potty Training,BOAELWNUEF5B,PLA_Campaign-2026-04-18-Langot,water proof langot,16,2,1.4300,12.5000,0,0,0.0000,0.0000,0.0000,0.0000,0.0000,2.8600
2KGIIBZ6DGIH,Diaper & Potty Training,BOAELWNUEF5B,PLA_Campaign-2026-04-18-Langot,superbottoms cloth diaper,16,2,1.4300,12.5000,0,0,0.0000,0.0000,0.0000,0.0000,0.0000,2.8600
2KGIIBZ6DGIH,Diaper & Potty Training,BOAELWNUEF5B,PLA_Campaign-2026-04-18-Langot,langot for small kids,15,0,0.0000,0.0000,0,0,0.0000,0.0000,0.0000,0.0000,0.0000,0.0000
2KGIIBZ6DGIH,Diaper & Potty Training,BOAELWNUEF5B,PLA_Campaign-2026-04-18-Langot,cotton cloth diaper for baby,15,0,0.0000,0.0000,0,0,0.0000,0.0000,0.0000,0.0000,0.0000,0.0000
2KGIIBZ6DGIH,Diaper & Potty Training,BOAELWNUEF5B,PLA_Campaign-2026-04-18-Langot,langot baby girl,15,0,0.0000,0.0000,0,0,0.0000,0.0000,0.0000,0.0000,0.0000,0.0000
2KGIIBZ6DGIH,Diaper & Potty Training,BOAELWNUEF5B,PLA_Campaign-2026-04-18-Langot,re use diaper,15,1,1.4300,6.6667,0,0,0.0000,0.0000,0.0000,0.0000,0.0000,1.4300
2KGIIBZ6DGIH,Diaper & Potty Training,BOAELWNUEF5B,PLA_Campaign-2026-04-18-Langot,cotton cloth for baby,15,0,0.0000,0.0000,0,0,0.0000,0.0000,0.0000,0.0000,0.0000,0.0000
2KGIIBZ6DGIH,Diaper & Potty Training,BOAELWNUEF5B,PLA_Campaign-2026-04-18-Langot,baby langot muslin,15,0,0.0000,0.0000,0,0,0.0000,0.0000,0.0000,0.0000,0.0000,0.0000
2KGIIBZ6DGIH,Diaper & Potty Training,BOAELWNUEF5B,PLA_Campaign-2026-04-18-Langot,nappy langot for newborn,15,1,1.4300,6.6667,0,0,0.0000,0.0000,0.0000,0.0000,0.0000,1.4300
2KGIIBZ6DGIH,Diaper & Potty Training,BOAELWNUEF5B,PLA_Campaign-2026-04-18-Langot,waterproof baby nappy,15,1,1.4300,6.6667,0,0,0.0000,0.0000,0.0000,0.0000,0.0000,1.4300
2KGIIBZ6DGIH,Diaper & Potty Training,BOAELWNUEF5B,PLA_Campaign-2026-04-18-Langot,baby hug langot,15,1,1.4300,6.6667,0,0,0.0000,0.0000,0.0000,0.0000,0.0000,1.4300
2KGIIBZ6DGIH,Diaper & Potty Training,BOAELWNUEF5B,PLA_Campaign-2026-04-18-Langot,New born langot,15,1,1.4300,6.6667,0,0,0.0000,0.0000,0.0000,0.0000,0.0000,1.4300
2KGIIBZ6DGIH,Diaper & Potty Training,BOAELWNUEF5B,PLA_Campaign-2026-04-18-Langot,baby clothes,15,1,1.4300,6.6667,0,0,0.0000,0.0000,0.0000,0.0000,0.0000,1.4300
2KGIIBZ6DGIH,Diaper & Potty Training,BOAELWNUEF5B,PLA_Campaign-2026-04-18-Langot,langot baby,15,1,1.4300,6.6667,0,0,0.0000,0.0000,0.0000,0.0000,0.0000,1.4300
2KGIIBZ6DGIH,Diaper & Potty Training,BOAELWNUEF5B,PLA_Campaign-2026-04-18-Langot,baby nappy pure cotton langoti,15,1,1.4300,6.6667,0,0,0.0000,0.0000,0.0000,0.0000,0.0000,1.4300
2KGIIBZ6DGIH,Diaper & Potty Training,BOAELWNUEF5B,PLA_Campaign-2026-04-18-Langot,new born padded langot,15,1,1.4300,6.6667,0,0,0.0000,0.0000,0.0000,0.0000,0.0000,1.4300
2KGIIBZ6DGIH,Diaper & Potty Training,BOAELWNUEF5B,PLA_Campaign-2026-04-18-Langot,langot for baby pure cotton,15,0,0.0000,0.0000,0,0,0.0000,0.0000,0.0000,0.0000,0.0000,0.0000
2KGIIBZ6DGIH,Diaper & Potty Training,BOAELWNUEF5B,PLA_Campaign-2026-04-18-Langot,baby cloth new born,15,0,0.0000,0.0000,0,0,0.0000,0.0000,0.0000,0.0000,0.0000,0.0000
2KGIIBZ6DGIH,Diaper & Potty Training,BOAELWNUEF5B,PLA_Campaign-2026-04-18-Langot,baby boys langots nine to twelve months,15,0,0.0000,0.0000,0,0,0.0000,0.0000,0.0000,0.0000,0.0000,0.0000
2KGIIBZ6DGIH,Diaper & Potty Training,BOAELWNUEF5B,PLA_Campaign-2026-04-18-Langot,cloth diapers,15,0,0.0000,0.0000,0,0,0.0000,0.0000,0.0000,0.0000,0.0000,0.0000
2KGIIBZ6DGIH,Diaper & Potty Training,BOAELWNUEF5B,PLA_Campaign-2026-04-18-Langot,hosiery langot,15,0,0.0000,0.0000,0,0,0.0000,0.0000,0.0000,0.0000,0.0000,0.0000
2KGIIBZ6DGIH,Diaper & Potty Training,BOAELWNUEF5B,PLA_Campaign-2026-04-18-Langot,white langots,14,0,0.0000,0.0000,0,0,0.0000,0.0000,0.0000,0.0000,0.0000,0.0000
2KGIIBZ6DGIH,Diaper & Potty Training,BOAELWNUEF5B,PLA_Campaign-2026-04-18-Langot,plastic langot,14,1,1.4300,7.1429,0,0,0.0000,0.0000,0.0000,0.0000,0.0000,1.4300
2KGIIBZ6DGIH,Diaper & Potty Training,BOAELWNUEF5B,PLA_Campaign-2026-04-18-Langot,cloth nappy,14,2,1.4300,14.2857,0,0,0.0000,0.0000,0.0000,0.0000,0.0000,2.8600
2KGIIBZ6DGIH,Diaper & Potty Training,BOAELWNUEF5B,PLA_Campaign-2026-04-18-Langot,Baby langoot,14,0,0.0000,0.0000,0,0,0.0000,0.0000,0.0000,0.0000,0.0000,0.0000
2KGIIBZ6DGIH,Diaper & Potty Training,BOAELWNUEF5B,PLA_Campaign-2026-04-18-Langot,newborn cloth,14,1,1.4300,7.1429,0,0,0.0000,0.0000,0.0000,0.0000,0.0000,1.4300
2KGIIBZ6DGIH,Diaper & Potty Training,BOAELWNUEF5B,PLA_Campaign-2026-04-18-Langot,padded nappies for new born baby,14,1,1.4300,7.1429,0,0,0.0000,0.0000,0.0000,0.0000,0.0000,1.4300
2KGIIBZ6DGIH,Diaper & Potty Training,BOAELWNUEF5B,PLA_Campaign-2026-04-18-Langot,baby plastic langot,14,1,1.4300,7.1429,0,0,0.0000,0.0000,0.0000,0.0000,0.0000,1.4300
2KGIIBZ6DGIH,Diaper & Potty Training,BOAELWNUEF5B,PLA_Campaign-2026-04-18-Langot,babyhug langot,14,0,0.0000,0.0000,0,0,0.0000,0.0000,0.0000,0.0000,0.0000,0.0000
2KGIIBZ6DGIH,Diaper & Potty Training,BOAELWNUEF5B,PLA_Campaign-2026-04-18-Langot,Langot cotton,14,1,1.4300,7.1429,0,0,0.0000,0.0000,0.0000,0.0000,0.0000,1.4300
2KGIIBZ6DGIH,Diaper & Potty Training,BOAELWNUEF5B,PLA_Campaign-2026-04-18-Langot,baby waterproof langot,14,0,0.0000,0.0000,0,0,0.0000,0.0000,0.0000,0.0000,0.0000,0.0000
2KGIIBZ6DGIH,Diaper & Potty Training,BOAELWNUEF5B,PLA_Campaign-2026-04-18-Langot,nb baby nappy,14,0,0.0000,0.0000,0,0,0.0000,0.0000,0.0000,0.0000,0.0000,0.0000
2KGIIBZ6DGIH,Diaper & Potty Training,BOAELWNUEF5B,PLA_Campaign-2026-04-18-Langot,homnix dry feel langot,14,1,1.4300,7.1429,1,0,100.0000,0.0000,251.0000,0.0000,175.5245,1.4300
2KGIIBZ6DGIH,Diaper & Potty Training,BOAELWNUEF5B,PLA_Campaign-2026-04-18-Langot,new born baby cloth diapers super bottom,13,1,1.4300,7.6923,0,0,0.0000,0.0000,0.0000,0.0000,0.0000,1.4300
2KGIIBZ6DGIH,Diaper & Potty Training,BOAELWNUEF5B,PLA_Campaign-2026-04-18-Langot,langoti,13,0,0.0000,0.0000,0,0,0.0000,0.0000,0.0000,0.0000,0.0000,0.0000
2KGIIBZ6DGIH,Diaper & Potty Training,BOAELWNUEF5B,PLA_Campaign-2026-04-18-Langot,newborn baby accessories,13,0,0.0000,0.0000,0,0,0.0000,0.0000,0.0000,0.0000,0.0000,0.0000
2KGIIBZ6DGIH,Diaper & Potty Training,BOAELWNUEF5B,PLA_Campaign-2026-04-18-Langot,newborn cloth diaper,13,0,0.0000,0.0000,0,0,0.0000,0.0000,0.0000,0.0000,0.0000,0.0000
2KGIIBZ6DGIH,Diaper & Potty Training,BOAELWNUEF5B,PLA_Campaign-2026-04-18-Langot,cotton cloth for new born baby,13,0,0.0000,0.0000,0,0,0.0000,0.0000,0.0000,0.0000,0.0000,0.0000
2KGIIBZ6DGIH,Diaper & Potty Training,BOAELWNUEF5B,PLA_Campaign-2026-04-18-Langot,Padded langot,13,0,0.0000,0.0000,0,0,0.0000,0.0000,0.0000,0.0000,0.0000,0.0000
2KGIIBZ6DGIH,Diaper & Potty Training,BOAELWNUEF5B,PLA_Campaign-2026-04-18-Langot,nappy for boys large,13,0,0.0000,0.0000,0,0,0.0000,0.0000,0.0000,0.0000,0.0000,0.0000
2KGIIBZ6DGIH,Diaper & Potty Training,BOAELWNUEF5B,PLA_Campaign-2026-04-18-Langot,new born baby clothes langot,13,0,0.0000,0.0000,0,0,0.0000,0.0000,0.0000,0.0000,0.0000,0.0000
2KGIIBZ6DGIH,Diaper & Potty Training,BOAELWNUEF5B,PLA_Campaign-2026-04-18-Langot,padded langot for baby girl,13,1,1.4300,7.6923,0,0,0.0000,0.0000,0.0000,0.0000,0.0000,1.4300
2KGIIBZ6DGIH,Diaper & Potty Training,BOAELWNUEF5B,PLA_Campaign-2026-04-18-Langot,newborn baby item for summer cotton,13,0,0.0000,0.0000,0,0,0.0000,0.0000,0.0000,0.0000,0.0000,0.0000
2KGIIBZ6DGIH,Diaper & Potty Training,BOAELWNUEF5B,PLA_Campaign-2026-04-18-Langot,langot new born baby,12,0,0.0000,0.0000,0,0,0.0000,0.0000,0.0000,0.0000,0.0000,0.0000
2KGIIBZ6DGIH,Diaper & Potty Training,BOAELWNUEF5B,PLA_Campaign-2026-04-18-Langot,homnix langot large size,12,2,1.4300,16.6667,0,0,0.0000,0.0000,0.0000,0.0000,0.0000,2.8600
2KGIIBZ6DGIH,Diaper & Potty Training,BOAELWNUEF5B,PLA_Campaign-2026-04-18-Langot,baby langot new,12,0,0.0000,0.0000,0,0,0.0000,0.0000,0.0000,0.0000,0.0000,0.0000
2KGIIBZ6DGIH,Diaper & Potty Training,BOAELWNUEF5B,PLA_Campaign-2026-04-18-Langot,New born Baby cloth,12,0,0.0000,0.0000,0,0,0.0000,0.0000,0.0000,0.0000,0.0000,0.0000
2KGIIBZ6DGIH,Diaper & Potty Training,BOAELWNUEF5B,PLA_Campaign-2026-04-18-Langot,Cloth for new born,12,0,0.0000,0.0000,0,0,0.0000,0.0000,0.0000,0.0000,0.0000,0.0000
2KGIIBZ6DGIH,Diaper & Potty Training,BOAELWNUEF5B,PLA_Campaign-2026-04-18-Langot,dryfeel,12,0,0.0000,0.0000,0,0,0.0000,0.0000,0.0000,0.0000,0.0000,0.0000
2KGIIBZ6DGIH,Diaper & Potty Training,BOAELWNUEF5B,PLA_Campaign-2026-04-18-Langot,new born baby cloth kit,12,0,0.0000,0.0000,0,0,0.0000,0.0000,0.0000,0.0000,0.0000,0.0000
2KGIIBZ6DGIH,Diaper & Potty Training,BOAELWNUEF5B,PLA_Campaign-2026-04-18-Langot,0 3 months pure cotton langot,12,0,0.0000,0.0000,0,0,0.0000,0.0000,0.0000,0.0000,0.0000,0.0000
2KGIIBZ6DGIH,Diaper & Potty Training,BOAELWNUEF5B,PLA_Campaign-2026-04-18-Langot,new born boy baby cloth,12,0,0.0000,0.0000,0,0,0.0000,0.0000,0.0000,0.0000,0.0000,0.0000
2KGIIBZ6DGIH,Diaper & Potty Training,BOAELWNUEF5B,PLA_Campaign-2026-04-18-Langot,langot for cotton newborn pure nappy,12,0,0.0000,0.0000,0,0,0.0000,0.0000,0.0000,0.0000,0.0000,0.0000
2KGIIBZ6DGIH,Diaper & Potty Training,BOAELWNUEF5B,PLA_Campaign-2026-04-18-Langot,cotton baby boy,12,0,0.0000,0.0000,0,0,0.0000,0.0000,0.0000,0.0000,0.0000,0.0000
2KGIIBZ6DGIH,Diaper & Potty Training,BOAELWNUEF5B,PLA_Campaign-2026-04-18-Langot,baby nappies,12,0,0.0000,0.0000,0,0,0.0000,0.0000,0.0000,0.0000,0.0000,0.0000
2KGIIBZ6DGIH,Diaper & Potty Training,BOAELWNUEF5B,PLA_Campaign-2026-04-18-Langot,new born baby clothes,12,0,0.0000,0.0000,0,0,0.0000,0.0000,0.0000,0.0000,0.0000,0.0000
2KGIIBZ6DGIH,Diaper & Potty Training,BOAELWNUEF5B,PLA_Campaign-2026-04-18-Langot,cotton langoti,12,0,0.0000,0.0000,0,0,0.0000,0.0000,0.0000,0.0000,0.0000,0.0000
2KGIIBZ6DGIH,Diaper & Potty Training,BOAELWNUEF5B,PLA_Campaign-2026-04-18-Langot,langot for 0 to 6 months baby,12,0,0.0000,0.0000,0,0,0.0000,0.0000,0.0000,0.0000,0.0000,0.0000
2KGIIBZ6DGIH,Diaper & Potty Training,BOAELWNUEF5B,PLA_Campaign-2026-04-18-Langot,bumtum cloth diaper,12,0,0.0000,0.0000,0,0,0.0000,0.0000,0.0000,0.0000,0.0000,0.0000
2KGIIBZ6DGIH,Diaper & Potty Training,BOAELWNUEF5B,PLA_Campaign-2026-04-18-Langot,newborn clothes,12,0,0.0000,0.0000,0,0,0.0000,0.0000,0.0000,0.0000,0.0000,0.0000
2KGIIBZ6DGIH,Diaper & Potty Training,BOAELWNUEF5B,PLA_Campaign-2026-04-18-Langot,child langot,11,0,0.0000,0.0000,0,0,0.0000,0.0000,0.0000,0.0000,0.0000,0.0000
2KGIIBZ6DGIH,Diaper & Potty Training,BOAELWNUEF5B,PLA_Campaign-2026-04-18-Langot,new born baby nappy langot,11,0,0.0000,0.0000,0,0,0.0000,0.0000,0.0000,0.0000,0.0000,0.0000
2KGIIBZ6DGIH,Diaper & Potty Training,BOAELWNUEF5B,PLA_Campaign-2026-04-18-Langot,New born cotton,11,0,0.0000,0.0000,0,0,0.0000,0.0000,0.0000,0.0000,0.0000,0.0000
2KGIIBZ6DGIH,Diaper & Potty Training,BOAELWNUEF5B,PLA_Campaign-2026-04-18-Langot,baby langoti cotton birth baby,11,1,1.4300,9.0909,0,0,0.0000,0.0000,0.0000,0.0000,0.0000,1.4300
2KGIIBZ6DGIH,Diaper & Potty Training,BOAELWNUEF5B,PLA_Campaign-2026-04-18-Langot,born baby langot,11,1,1.4300,9.0909,0,0,0.0000,0.0000,0.0000,0.0000,0.0000,1.4300
2KGIIBZ6DGIH,Diaper & Potty Training,BOAELWNUEF5B,PLA_Campaign-2026-04-18-Langot,1 month baby langot,11,1,1.4300,9.0909,0,0,0.0000,0.0000,0.0000,0.0000,0.0000,1.4300
2KGIIBZ6DGIH,Diaper & Potty Training,BOAELWNUEF5B,PLA_Campaign-2026-04-18-Langot,cloth new born baby,11,0,0.0000,0.0000,0,0,0.0000,0.0000,0.0000,0.0000,0.0000,0.0000
2KGIIBZ6DGIH,Diaper & Potty Training,BOAELWNUEF5B,PLA_Campaign-2026-04-18-Langot,Langot for baby,11,1,1.4300,9.0909,1,0,100.0000,0.0000,492.0000,0.0000,344.0559,1.4300
2KGIIBZ6DGIH,Diaper & Potty Training,BOAELWNUEF5B,PLA_Campaign-2026-04-18-Langot,dry free langot free size,11,0,0.0000,0.0000,0,0,0.0000,0.0000,0.0000,0.0000,0.0000,0.0000
2KGIIBZ6DGIH,Diaper & Potty Training,BOAELWNUEF5B,PLA_Campaign-2026-04-18-Langot,Cotton nappy,11,0,0.0000,0.0000,0,0,0.0000,0.0000,0.0000,0.0000,0.0000,0.0000
2KGIIBZ6DGIH,Diaper & Potty Training,BOAELWNUEF5B,PLA_Campaign-2026-04-18-Langot,Langot baby,11,0,0.0000,0.0000,0,0,0.0000,0.0000,0.0000,0.0000,0.0000,0.0000
2KGIIBZ6DGIH,Diaper & Potty Training,BOAELWNUEF5B,PLA_Campaign-2026-04-18-Langot,cotton nappy,11,0,0.0000,0.0000,0,0,0.0000,0.0000,0.0000,0.0000,0.0000,0.0000
2KGIIBZ6DGIH,Diaper & Potty Training,BOAELWNUEF5B,PLA_Campaign-2026-04-18-Langot,is the langot kids for small,11,0,0.0000,0.0000,0,0,0.0000,0.0000,0.0000,0.0000,0.0000,0.0000
2KGIIBZ6DGIH,Diaper & Potty Training,BOAELWNUEF5B,PLA_Campaign-2026-04-18-Langot,Cotton baby langot,10,0,0.0000,0.0000,0,0,0.0000,0.0000,0.0000,0.0000,0.0000,0.0000
2KGIIBZ6DGIH,Diaper & Potty Training,BOAELWNUEF5B,PLA_Campaign-2026-04-18-Langot,diaper waterproof,10,1,1.4300,10.0000,0,0,0.0000,0.0000,0.0000,0.0000,0.0000,1.4300
2KGIIBZ6DGIH,Diaper & Potty Training,BOAELWNUEF5B,PLA_Campaign-2026-04-18-Langot,dori langot baby,10,1,1.4300,10.0000,0,0,0.0000,0.0000,0.0000,0.0000,0.0000,1.4300
2KGIIBZ6DGIH,Diaper & Potty Training,BOAELWNUEF5B,PLA_Campaign-2026-04-18-Langot,boys,10,0,0.0000,0.0000,0,0,0.0000,0.0000,0.0000,0.0000,0.0000,0.0000
2KGIIBZ6DGIH,Diaper & Potty Training,BOAELWNUEF5B,PLA_Campaign-2026-04-18-Langot,new born baby boy items,10,0,0.0000,0.0000,0,0,0.0000,0.0000,0.0000,0.0000,0.0000,0.0000
2KGIIBZ6DGIH,Diaper & Potty Training,BOAELWNUEF5B,PLA_Campaign-2026-04-18-Langot,baby nappy cotton new,10,0,0.0000,0.0000,0,0,0.0000,0.0000,0.0000,0.0000,0.0000,0.0000
2KGIIBZ6DGIH,Diaper & Potty Training,BOAELWNUEF5B,PLA_Campaign-2026-04-18-Langot,plastic nappies for baby,10,0,0.0000,0.0000,0,0,0.0000,0.0000,0.0000,0.0000,0.0000,0.0000
2KGIIBZ6DGIH,Diaper & Potty Training,BOAELWNUEF5B,PLA_Campaign-2026-04-18-Langot,Cotton langots for new born,10,0,0.0000,0.0000,0,0,0.0000,0.0000,0.0000,0.0000,0.0000,0.0000
2KGIIBZ6DGIH,Diaper & Potty Training,BOAELWNUEF5B,PLA_Campaign-2026-04-18-Langot,langoti cotton,10,0,0.0000,0.0000,0,0,0.0000,0.0000,0.0000,0.0000,0.0000,0.0000
2KGIIBZ6DGIH,Diaper & Potty Training,BOAELWNUEF5B,PLA_Campaign-2026-04-18-Langot,small children langot,10,0,0.0000,0.0000,0,0,0.0000,0.0000,0.0000,0.0000,0.0000,0.0000
2KGIIBZ6DGIH,Diaper & Potty Training,BOAELWNUEF5B,PLA_Campaign-2026-04-18-Langot,langot cotton,10,0,0.0000,0.0000,0,0,0.0000,0.0000,0.0000,0.0000,0.0000,0.0000
2KGIIBZ6DGIH,Diaper & Potty Training,BOAELWNUEF5B,PLA_Campaign-2026-04-18-Langot,Langot newborn,10,0,0.0000,0.0000,0,0,0.0000,0.0000,0.0000,0.0000,0.0000,0.0000
2KGIIBZ6DGIH,Diaper & Potty Training,BOAELWNUEF5B,PLA_Campaign-2026-04-18-Langot,cotton cloth,10,0,0.0000,0.0000,0,0,0.0000,0.0000,0.0000,0.0000,0.0000,0.0000
2KGIIBZ6DGIH,Diaper & Potty Training,BOAELWNUEF5B,PLA_Campaign-2026-04-18-Langot,new born baby nappies,10,0,0.0000,0.0000,0,0,0.0000,0.0000,0.0000,0.0000,0.0000,0.0000
2KGIIBZ6DGIH,Diaper & Potty Training,BOAELWNUEF5B,PLA_Campaign-2026-04-18-Langot,baby washable diapers waterproof,10,2,1.4300,20.0000,0,0,0.0000,0.0000,0.0000,0.0000,0.0000,2.8600
2KGIIBZ6DGIH,Diaper & Potty Training,BOAELWNUEF5B,PLA_Campaign-2026-04-18-Langot,waterproof cloth diaper,10,0,0.0000,0.0000,0,0,0.0000,0.0000,0.0000,0.0000,0.0000,0.0000
2KGIIBZ6DGIH,Diaper & Potty Training,BOAELWNUEF5B,PLA_Campaign-2026-04-18-Langot,langot pads,10,0,0.0000,0.0000,0,0,0.0000,0.0000,0.0000,0.0000,0.0000,0.0000
2KGIIBZ6DGIH,Diaper & Potty Training,BOAELWNUEF5B,PLA_Campaign-2026-04-18-Langot,langot waterproof,10,0,0.0000,0.0000,0,0,0.0000,0.0000,0.0000,0.0000,0.0000,0.0000
2KGIIBZ6DGIH,Diaper & Potty Training,BOAELWNUEF5B,PLA_Campaign-2026-04-18-Langot,super bottom dry langot,10,0,0.0000,0.0000,0,0,0.0000,0.0000,0.0000,0.0000,0.0000,0.0000
2KGIIBZ6DGIH,Diaper & Potty Training,BOAELWNUEF5B,PLA_Campaign-2026-04-18-Langot,langot underwear,10,0,0.0000,0.0000,0,0,0.0000,0.0000,0.0000,0.0000,0.0000,0.0000
2KGIIBZ6DGIH,Diaper & Potty Training,BOAELWNUEF5B,PLA_Campaign-2026-04-18-Langot,Baby cotton cloth,10,0,0.0000,0.0000,0,0,0.0000,0.0000,0.0000,0.0000,0.0000,0.0000
2KGIIBZ6DGIH,Diaper & Potty Training,BOAELWNUEF5B,PLA_Campaign-2026-04-18-Langot,waterproof cotton langots,9,0,0.0000,0.0000,0,0,0.0000,0.0000,0.0000,0.0000,0.0000,0.0000
2KGIIBZ6DGIH,Diaper & Potty Training,BOAELWNUEF5B,PLA_Campaign-2026-04-18-Langot,langot baby waterproof,9,1,1.4300,11.1111,0,0,0.0000,0.0000,0.0000,0.0000,0.0000,1.4300
2KGIIBZ6DGIH,Diaper & Potty Training,BOAELWNUEF5B,PLA_Campaign-2026-04-18-Langot,0 to 12 month baby langot,9,2,1.4300,22.2222,0,0,0.0000,0.0000,0.0000,0.0000,0.0000,2.8600
2KGIIBZ6DGIH,Diaper & Potty Training,BOAELWNUEF5B,PLA_Campaign-2026-04-18-Langot,super bottoms first love langot,9,0,0.0000,0.0000,0,0,0.0000,0.0000,0.0000,0.0000,0.0000,0.0000
2KGIIBZ6DGIH,Diaper & Potty Training,BOAELWNUEF5B,PLA_Campaign-2026-04-18-Langot,Cotton cloth diaper for newborn,9,0,0.0000,0.0000,0,0,0.0000,0.0000,0.0000,0.0000,0.0000,0.0000
2KGIIBZ6DGIH,Diaper & Potty Training,BOAELWNUEF5B,PLA_Campaign-2026-04-18-Langot,Langot for newborn,9,0,0.0000,0.0000,0,0,0.0000,0.0000,0.0000,0.0000,0.0000,0.0000
2KGIIBZ6DGIH,Diaper & Potty Training,BOAELWNUEF5B,PLA_Campaign-2026-04-18-Langot,Mee Mee langot,9,0,0.0000,0.0000,0,0,0.0000,0.0000,0.0000,0.0000,0.0000,0.0000
2KGIIBZ6DGIH,Diaper & Potty Training,BOAELWNUEF5B,PLA_Campaign-2026-04-18-Langot,baby diaper xl cotton fabric washing langot,9,0,0.0000,0.0000,0,0,0.0000,0.0000,0.0000,0.0000,0.0000,0.0000
2KGIIBZ6DGIH,Diaper & Potty Training,BOAELWNUEF5B,PLA_Campaign-2026-04-18-Langot,button langot for baby,9,1,1.4300,11.1111,0,0,0.0000,0.0000,0.0000,0.0000,0.0000,1.4300
2KGIIBZ6DGIH,Diaper & Potty Training,BOAELWNUEF5B,PLA_Campaign-2026-04-18-Langot,Baby langots white,9,0,0.0000,0.0000,0,0,0.0000,0.0000,0.0000,0.0000,0.0000,0.0000
2KGIIBZ6DGIH,Diaper & Potty Training,BOAELWNUEF5B,PLA_Campaign-2026-04-18-Langot,zero size langot,9,0,0.0000,0.0000,0,0,0.0000,0.0000,0.0000,0.0000,0.0000,0.0000
2KGIIBZ6DGIH,Diaper & Potty Training,BOAELWNUEF5B,PLA_Campaign-2026-04-18-Langot,new born baby cotton clothes diaper,9,0,0.0000,0.0000,0,0,0.0000,0.0000,0.0000,0.0000,0.0000,0.0000
2KGIIBZ6DGIH,Diaper & Potty Training,BOAELWNUEF5B,PLA_Campaign-2026-04-18-Langot,newborn baby white cloth,9,0,0.0000,0.0000,0,0,0.0000,0.0000,0.0000,0.0000,0.0000,0.0000
2KGIIBZ6DGIH,Diaper & Potty Training,BOAELWNUEF5B,PLA_Campaign-2026-04-18-Langot,Cotton baby langoti cotton,9,0,0.0000,0.0000,0,0,0.0000,0.0000,0.0000,0.0000,0.0000,0.0000
2KGIIBZ6DGIH,Diaper & Potty Training,BOAELWNUEF5B,PLA_Campaign-2026-04-18-Langot,langot padded,9,1,1.4300,11.1111,0,0,0.0000,0.0000,0.0000,0.0000,0.0000,1.4300
2KGIIBZ6DGIH,Diaper & Potty Training,BOAELWNUEF5B,PLA_Campaign-2026-04-18-Langot,White langots,9,0,0.0000,0.0000,0,0,0.0000,0.0000,0.0000,0.0000,0.0000,0.0000
2KGIIBZ6DGIH,Diaper & Potty Training,BOAELWNUEF5B,PLA_Campaign-2026-04-18-Langot,cloth diaper for newborn baby,9,0,0.0000,0.0000,0,0,0.0000,0.0000,0.0000,0.0000,0.0000,0.0000
2KGIIBZ6DGIH,Diaper & Potty Training,BOAELWNUEF5B,PLA_Campaign-2026-04-18-Langot,baby nappies double layers,9,1,1.4300,11.1111,0,0,0.0000,0.0000,0.0000,0.0000,0.0000,1.4300
2KGIIBZ6DGIH,Diaper & Potty Training,BOAELWNUEF5B,PLA_Campaign-2026-04-18-Langot,baby napkin waterproof,9,0,0.0000,0.0000,0,0,0.0000,0.0000,0.0000,0.0000,0.0000,0.0000
2KGIIBZ6DGIH,Diaper & Potty Training,BOAELWNUEF5B,PLA_Campaign-2026-04-18-Langot,baby langoti cotton kids,9,0,0.0000,0.0000,0,0,0.0000,0.0000,0.0000,0.0000,0.0000,0.0000
2KGIIBZ6DGIH,Diaper & Potty Training,BOAELWNUEF5B,PLA_Campaign-2026-04-18-Langot,new born baby product for cotton,9,0,0.0000,0.0000,0,0,0.0000,0.0000,0.0000,0.0000,0.0000,0.0000
2KGIIBZ6DGIH,Diaper & Potty Training,BOAELWNUEF5B,PLA_Campaign-2026-04-18-Langot,Xl langots,9,1,1.4300,11.1111,0,0,0.0000,0.0000,0.0000,0.0000,0.0000,1.4300
2KGIIBZ6DGIH,Diaper & Potty Training,BOAELWNUEF5B,PLA_Campaign-2026-04-18-Langot,new langot born baby cloth drying,9,0,0.0000,0.0000,0,0,0.0000,0.0000,0.0000,0.0000,0.0000,0.0000
2KGIIBZ6DGIH,Diaper & Potty Training,BOAELWNUEF5B,PLA_Campaign-2026-04-18-Langot,Langot for boys,9,0,0.0000,0.0000,0,0,0.0000,0.0000,0.0000,0.0000,0.0000,0.0000
2KGIIBZ6DGIH,Diaper & Potty Training,BOAELWNUEF5B,PLA_Campaign-2026-04-18-Langot,knij nappy liners langot,9,0,0.0000,0.0000,0,0,0.0000,0.0000,0.0000,0.0000,0.0000,0.0000
2KGIIBZ6DGIH,Diaper & Potty Training,BOAELWNUEF5B,PLA_Campaign-2026-04-18-Langot,baby cotton langot,9,0,0.0000,0.0000,0,0,0.0000,0.0000,0.0000,0.0000,0.0000,0.0000
2KGIIBZ6DGIH,Diaper & Potty Training,BOAELWNUEF5B,PLA_Campaign-2026-04-18-Langot,Langoti new born baby,9,0,0.0000,0.0000,0,0,0.0000,0.0000,0.0000,0.0000,0.0000,0.0000
2KGIIBZ6DGIH,Diaper & Potty Training,BOAELWNUEF5B,PLA_Campaign-2026-04-18-Langot,padded langot for baby kids,9,0,0.0000,0.0000,0,0,0.0000,0.0000,0.0000,0.0000,0.0000,0.0000
2KGIIBZ6DGIH,Diaper & Potty Training,BOAELWNUEF5B,PLA_Campaign-2026-04-18-Langot,new born baby cloth set,9,0,0.0000,0.0000,0,0,0.0000,0.0000,0.0000,0.0000,0.0000,0.0000
2KGIIBZ6DGIH,Diaper & Potty Training,BOAELWNUEF5B,PLA_Campaign-2026-04-18-Langot,muslin new born langot,8,0,0.0000,0.0000,0,0,0.0000,0.0000,0.0000,0.0000,0.0000,0.0000
2KGIIBZ6DGIH,Diaper & Potty Training,BOAELWNUEF5B,PLA_Campaign-2026-04-18-Langot,Langot variety,8,0,0.0000,0.0000,0,0,0.0000,0.0000,0.0000,0.0000,0.0000,0.0000
2KGIIBZ6DGIH,Diaper & Potty Training,BOAELWNUEF5B,PLA_Campaign-2026-04-18-Langot,dry feel nappy large,8,0,0.0000,0.0000,0,0,0.0000,0.0000,0.0000,0.0000,0.0000,0.0000
2KGIIBZ6DGIH,Diaper & Potty Training,BOAELWNUEF5B,PLA_Campaign-2026-04-18-Langot,New born baby waterproof langoti,8,0,0.0000,0.0000,0,0,0.0000,0.0000,0.0000,0.0000,0.0000,0.0000
2KGIIBZ6DGIH,Diaper & Potty Training,BOAELWNUEF5B,PLA_Campaign-2026-04-18-Langot,baby cotton diaper,8,0,0.0000,0.0000,0,0,0.0000,0.0000,0.0000,0.0000,0.0000,0.0000
2KGIIBZ6DGIH,Diaper & Potty Training,BOAELWNUEF5B,PLA_Campaign-2026-04-18-Langot,new born baby cotton cloth,8,0,0.0000,0.0000,0,0,0.0000,0.0000,0.0000,0.0000,0.0000,0.0000
2KGIIBZ6DGIH,Diaper & Potty Training,BOAELWNUEF5B,PLA_Campaign-2026-04-18-Langot,baby langoti cotton branded,8,1,1.4300,12.5000,0,0,0.0000,0.0000,0.0000,0.0000,0.0000,1.4300
2KGIIBZ6DGIH,Diaper & Potty Training,BOAELWNUEF5B,PLA_Campaign-2026-04-18-Langot,nappy,8,0,0.0000,0.0000,0,0,0.0000,0.0000,0.0000,0.0000,0.0000,0.0000
2KGIIBZ6DGIH,Diaper & Potty Training,BOAELWNUEF5B,PLA_Campaign-2026-04-18-Langot,pure cotton new born langot,8,0,0.0000,0.0000,0,0,0.0000,0.0000,0.0000,0.0000,0.0000,0.0000
2KGIIBZ6DGIH,Diaper & Potty Training,BOAELWNUEF5B,PLA_Campaign-2026-04-18-Langot,new born cloth diaper,8,0,0.0000,0.0000,0,0,0.0000,0.0000,0.0000,0.0000,0.0000,0.0000
2KGIIBZ6DGIH,Diaper & Potty Training,BOAELWNUEF5B,PLA_Campaign-2026-04-18-Langot,Cloth nappy,8,2,1.4300,25.0000,0,0,0.0000,0.0000,0.0000,0.0000,0.0000,2.8600
2KGIIBZ6DGIH,Diaper & Potty Training,BOAELWNUEF5B,PLA_Campaign-2026-04-18-Langot,langot padded for 0 6 months,8,0,0.0000,0.0000,0,0,0.0000,0.0000,0.0000,0.0000,0.0000,0.0000
2KGIIBZ6DGIH,Diaper & Potty Training,BOAELWNUEF5B,PLA_Campaign-2026-04-18-Langot,nappy for newborn with plastic,8,0,0.0000,0.0000,0,0,0.0000,0.0000,0.0000,0.0000,0.0000,0.0000
2KGIIBZ6DGIH,Diaper & Potty Training,BOAELWNUEF5B,PLA_Campaign-2026-04-18-Langot,Langot 8 year kid,8,0,0.0000,0.0000,0,0,0.0000,0.0000,0.0000,0.0000,0.0000,0.0000
2KGIIBZ6DGIH,Diaper & Potty Training,BOAELWNUEF5B,PLA_Campaign-2026-04-18-Langot,cloth padded nappy,8,0,0.0000,0.0000,0,0,0.0000,0.0000,0.0000,0.0000,0.0000,0.0000
2KGIIBZ6DGIH,Diaper & Potty Training,BOAELWNUEF5B,PLA_Campaign-2026-04-18-Langot,langoti for new born,8,0,0.0000,0.0000,0,0,0.0000,0.0000,0.0000,0.0000,0.0000,0.0000
2KGIIBZ6DGIH,Diaper & Potty Training,BOAELWNUEF5B,PLA_Campaign-2026-04-18-Langot,Newborn baby cotton langot,8,0,0.0000,0.0000,0,0,0.0000,0.0000,0.0000,0.0000,0.0000,0.0000
2KGIIBZ6DGIH,Diaper & Potty Training,BOAELWNUEF5B,PLA_Campaign-2026-04-18-Langot,langot for baby boy cotton big size,8,0,0.0000,0.0000,0,0,0.0000,0.0000,0.0000,0.0000,0.0000,0.0000
2KGIIBZ6DGIH,Diaper & Potty Training,BOAELWNUEF5B,PLA_Campaign-2026-04-18-Langot,new baby langot,8,0,0.0000,0.0000,0,0,0.0000,0.0000,0.0000,0.0000,0.0000,0.0000
2KGIIBZ6DGIH,Diaper & Potty Training,BOAELWNUEF5B,PLA_Campaign-2026-04-18-Langot,new born cotton,8,0,0.0000,0.0000,0,0,0.0000,0.0000,0.0000,0.0000,0.0000,0.0000
2KGIIBZ6DGIH,Diaper & Potty Training,BOAELWNUEF5B,PLA_Campaign-2026-04-18-Langot,new born baby cloth gift set,8,0,0.0000,0.0000,0,0,0.0000,0.0000,0.0000,0.0000,0.0000,0.0000
2KGIIBZ6DGIH,Diaper & Potty Training,BOAELWNUEF5B,PLA_Campaign-2026-04-18-Langot,baby langot large size with padded,8,0,0.0000,0.0000,0,0,0.0000,0.0000,0.0000,0.0000,0.0000,0.0000
2KGIIBZ6DGIH,Diaper & Potty Training,BOAELWNUEF5B,PLA_Campaign-2026-04-18-Langot,cotton langoot,8,0,0.0000,0.0000,0,0,0.0000,0.0000,0.0000,0.0000,0.0000,0.0000
2KGIIBZ6DGIH,Diaper & Potty Training,BOAELWNUEF5B,PLA_Campaign-2026-04-18-Langot,rubber cloth baby,8,0,0.0000,0.0000,0,0,0.0000,0.0000,0.0000,0.0000,0.0000,0.0000
2KGIIBZ6DGIH,Diaper & Potty Training,BOAELWNUEF5B,PLA_Campaign-2026-04-18-Langot,baby cotton cloth,8,0,0.0000,0.0000,0,0,0.0000,0.0000,0.0000,0.0000,0.0000,0.0000
2KGIIBZ6DGIH,Diaper & Potty Training,BOAELWNUEF5B,PLA_Campaign-2026-04-18-Langot,muslin cloth diaper newborn,8,0,0.0000,0.0000,0,0,0.0000,0.0000,0.0000,0.0000,0.0000,0.0000
2KGIIBZ6DGIH,Diaper & Potty Training,BOAELWNUEF5B,PLA_Campaign-2026-04-18-Langot,month baby langoti,8,0,0.0000,0.0000,0,0,0.0000,0.0000,0.0000,0.0000,0.0000,0.0000
2KGIIBZ6DGIH,Diaper & Potty Training,BOAELWNUEF5B,PLA_Campaign-2026-04-18-Langot,nappy langot pack 4,8,0,0.0000,0.0000,0,0,0.0000,0.0000,0.0000,0.0000,0.0000,0.0000
2KGIIBZ6DGIH,Diaper & Potty Training,BOAELWNUEF5B,PLA_Campaign-2026-04-18-Langot,cotton langoti new born,8,1,1.4300,12.5000,0,0,0.0000,0.0000,0.0000,0.0000,0.0000,1.4300
2KGIIBZ6DGIH,Diaper & Potty Training,BOAELWNUEF5B,PLA_Campaign-2026-04-18-Langot,Waterproof nappy,8,0,0.0000,0.0000,0,0,0.0000,0.0000,0.0000,0.0000,0.0000,0.0000
2KGIIBZ6DGIH,Diaper & Potty Training,BOAELWNUEF5B,PLA_Campaign-2026-04-18-Langot,baby diaper cotton waterproof,8,0,0.0000,0.0000,0,0,0.0000,0.0000,0.0000,0.0000,0.0000,0.0000
2KGIIBZ6DGIH,Diaper & Potty Training,BOAELWNUEF5B,PLA_Campaign-2026-04-18-Langot,Langot for zero size baby,8,0,0.0000,0.0000,0,0,0.0000,0.0000,0.0000,0.0000,0.0000,0.0000
2KGIIBZ6DGIH,Diaper & Potty Training,BOAELWNUEF5B,PLA_Campaign-2026-04-18-Langot,newborn baby cotton cloth,8,0,0.0000,0.0000,0,0,0.0000,0.0000,0.0000,0.0000,0.0000,0.0000
2KGIIBZ6DGIH,Diaper & Potty Training,BOAELWNUEF5B,PLA_Campaign-2026-04-18-Langot,New born baby dry langot,8,0,0.0000,0.0000,0,0,0.0000,0.0000,0.0000,0.0000,0.0000,0.0000
2KGIIBZ6DGIH,Diaper & Potty Training,BOAELWNUEF5B,PLA_Campaign-2026-04-18-Langot,Waterproof baby diaper,8,0,0.0000,0.0000,0,0,0.0000,0.0000,0.0000,0.0000,0.0000,0.0000
2KGIIBZ6DGIH,Diaper & Potty Training,BOAELWNUEF5B,PLA_Campaign-2026-04-18-Langot,Cotton diaper for baby girl,8,0,0.0000,0.0000,0,0,0.0000,0.0000,0.0000,0.0000,0.0000,0.0000
2KGIIBZ6DGIH,Diaper & Potty Training,BOAELWNUEF5B,PLA_Campaign-2026-04-18-Langot,padded langot for baby size large,8,0,0.0000,0.0000,0,0,0.0000,0.0000,0.0000,0.0000,0.0000,0.0000
2KGIIBZ6DGIH,Diaper & Potty Training,BOAELWNUEF5B,PLA_Campaign-2026-04-18-Langot,premium baby langot,8,0,0.0000,0.0000,0,0,0.0000,0.0000,0.0000,0.0000,0.0000,0.0000
2KGIIBZ6DGIH,Diaper & Potty Training,BOAELWNUEF5B,PLA_Campaign-2026-04-18-Langot,Waterproof langot for baby,8,0,0.0000,0.0000,0,0,0.0000,0.0000,0.0000,0.0000,0.0000,0.0000
2KGIIBZ6DGIH,Diaper & Potty Training,BOAELWNUEF5B,PLA_Campaign-2026-04-18-Langot,baby nappies double layers 1 month,8,0,0.0000,0.0000,0,0,0.0000,0.0000,0.0000,0.0000,0.0000,0.0000
2KGIIBZ6DGIH,Diaper & Potty Training,BOAELWNUEF5B,PLA_Campaign-2026-04-18-Langot,colour langot for kids,8,0,0.0000,0.0000,0,0,0.0000,0.0000,0.0000,0.0000,0.0000,0.0000
2KGIIBZ6DGIH,Diaper & Potty Training,BOAELWNUEF5B,PLA_Campaign-2026-04-18-Langot,Baby cloth new born,8,0,0.0000,0.0000,0,0,0.0000,0.0000,0.0000,0.0000,0.0000,0.0000
2KGIIBZ6DGIH,Diaper & Potty Training,BOAELWNUEF5B,PLA_Campaign-2026-04-18-Langot,newborn double layered cloth nappy,8,0,0.0000,0.0000,0,0,0.0000,0.0000,0.0000,0.0000,0.0000,0.0000
2KGIIBZ6DGIH,Diaper & Potty Training,BOAELWNUEF5B,PLA_Campaign-2026-04-18-Langot,swimming diaper,8,0,0.0000,0.0000,0,0,0.0000,0.0000,0.0000,0.0000,0.0000,0.0000
2KGIIBZ6DGIH,Diaper & Potty Training,BOAELWNUEF5B,PLA_Campaign-2026-04-18-Langot,langot for newborn waterproof baby,8,2,1.4300,25.0000,0,0,0.0000,0.0000,0.0000,0.0000,0.0000,2.8600
2KGIIBZ6DGIH,Diaper & Potty Training,BOAELWNUEF5B,PLA_Campaign-2026-04-18-Langot,newborn baby cloth nappies,8,0,0.0000,0.0000,0,0,0.0000,0.0000,0.0000,0.0000,0.0000,0.0000
2KGIIBZ6DGIH,Diaper & Potty Training,BOAELWNUEF5B,PLA_Campaign-2026-04-18-Langot,cotton clothes diaper for new born baby,8,0,0.0000,0.0000,0,0,0.0000,0.0000,0.0000,0.0000,0.0000,0.0000
2KGIIBZ6DGIH,Diaper & Potty Training,BOAELWNUEF5B,PLA_Campaign-2026-04-18-Langot,New born baby cloth mansoon,8,0,0.0000,0.0000,0,0,0.0000,0.0000,0.0000,0.0000,0.0000,0.0000
2KGIIBZ6DGIH,Diaper & Potty Training,BOAELWNUEF5B,PLA_Campaign-2026-04-18-Langot,dry langot for baby,8,1,1.4300,12.5000,0,0,0.0000,0.0000,0.0000,0.0000,0.0000,1.4300
2KGIIBZ6DGIH,Diaper & Potty Training,BOAELWNUEF5B,PLA_Campaign-2026-04-18-Langot,baby langot cotton with pad,7,0,0.0000,0.0000,0,0,0.0000,0.0000,0.0000,0.0000,0.0000,0.0000
2KGIIBZ6DGIH,Diaper & Potty Training,BOAELWNUEF5B,PLA_Campaign-2026-04-18-Langot,feel langot,7,0,0.0000,0.0000,0,0,0.0000,0.0000,0.0000,0.0000,0.0000,0.0000
2KGIIBZ6DGIH,Diaper & Potty Training,BOAELWNUEF5B,PLA_Campaign-2026-04-18-Langot,branded baby cotton nappy,7,0,0.0000,0.0000,0,0,0.0000,0.0000,0.0000,0.0000,0.0000,0.0000
2KGIIBZ6DGIH,Diaper & Potty Training,BOAELWNUEF5B,PLA_Campaign-2026-04-18-Langot,luvlap reusable langot,7,0,0.0000,0.0000,0,0,0.0000,0.0000,0.0000,0.0000,0.0000,0.0000
2KGIIBZ6DGIH,Diaper & Potty Training,BOAELWNUEF5B,PLA_Campaign-2026-04-18-Langot,new born baby langot cotton stretch,7,0,0.0000,0.0000,0,0,0.0000,0.0000,0.0000,0.0000,0.0000,0.0000
2KGIIBZ6DGIH,Diaper & Potty Training,BOAELWNUEF5B,PLA_Campaign-2026-04-18-Langot,newborn baby,7,0,0.0000,0.0000,0,0,0.0000,0.0000,0.0000,0.0000,0.0000,0.0000
2KGIIBZ6DGIH,Diaper & Potty Training,BOAELWNUEF5B,PLA_Campaign-2026-04-18-Langot,smart nappy,7,1,1.4300,14.2857,0,0,0.0000,0.0000,0.0000,0.0000,0.0000,1.4300
2KGIIBZ6DGIH,Diaper & Potty Training,BOAELWNUEF5B,PLA_Campaign-2026-04-18-Langot,Super dry feel langot,7,0,0.0000,0.0000,0,0,0.0000,0.0000,0.0000,0.0000,0.0000,0.0000
2KGIIBZ6DGIH,Diaper & Potty Training,BOAELWNUEF5B,PLA_Campaign-2026-04-18-Langot,langot cloth water size zero,7,0,0.0000,0.0000,0,0,0.0000,0.0000,0.0000,0.0000,0.0000,0.0000
2KGIIBZ6DGIH,Diaper & Potty Training,BOAELWNUEF5B,PLA_Campaign-2026-04-18-Langot,langot pad,7,0,0.0000,0.0000,0,0,0.0000,0.0000,0.0000,0.0000,0.0000,0.0000
2KGIIBZ6DGIH,Diaper & Potty Training,BOAELWNUEF5B,PLA_Campaign-2026-04-18-Langot,Pure cotton langot,7,0,0.0000,0.0000,0,0,0.0000,0.0000,0.0000,0.0000,0.0000,0.0000
2KGIIBZ6DGIH,Diaper & Potty Training,BOAELWNUEF5B,PLA_Campaign-2026-04-18-Langot,Waterproof langots,7,0,0.0000,0.0000,0,0,0.0000,0.0000,0.0000,0.0000,0.0000,0.0000
2KGIIBZ6DGIH,Diaper & Potty Training,BOAELWNUEF5B,PLA_Campaign-2026-04-18-Langot,high quality cotton langot for newborn baby,7,0,0.0000,0.0000,0,0,0.0000,0.0000,0.0000,0.0000,0.0000,0.0000
2KGIIBZ6DGIH,Diaper & Potty Training,BOAELWNUEF5B,PLA_Campaign-2026-04-18-Langot,baby diapers 0 size cotton,7,0,0.0000,0.0000,0,0,0.0000,0.0000,0.0000,0.0000,0.0000,0.0000
2KGIIBZ6DGIH,Diaper & Potty Training,BOAELWNUEF5B,PLA_Campaign-2026-04-18-Langot,cotton happy for baby,7,0,0.0000,0.0000,0,0,0.0000,0.0000,0.0000,0.0000,0.0000,0.0000
2KGIIBZ6DGIH,Diaper & Potty Training,BOAELWNUEF5B,PLA_Campaign-2026-04-18-Langot,New born baby nappies cotton,7,0,0.0000,0.0000,0,0,0.0000,0.0000,0.0000,0.0000,0.0000,0.0000
2KGIIBZ6DGIH,Diaper & Potty Training,BOAELWNUEF5B,PLA_Campaign-2026-04-18-Langot,new born baby langot for summer,7,0,0.0000,0.0000,0,0,0.0000,0.0000,0.0000,0.0000,0.0000,0.0000
2KGIIBZ6DGIH,Diaper & Potty Training,BOAELWNUEF5B,PLA_Campaign-2026-04-18-Langot,baby boy langot cotton,7,0,0.0000,0.0000,0,0,0.0000,0.0000,0.0000,0.0000,0.0000,0.0000
2KGIIBZ6DGIH,Diaper & Potty Training,BOAELWNUEF5B,PLA_Campaign-2026-04-18-Langot,Langot baby double layer,7,0,0.0000,0.0000,0,0,0.0000,0.0000,0.0000,0.0000,0.0000,0.0000
2KGIIBZ6DGIH,Diaper & Potty Training,BOAELWNUEF5B,PLA_Campaign-2026-04-18-Langot,baby langoti for new born,7,0,0.0000,0.0000,0,0,0.0000,0.0000,0.0000,0.0000,0.0000,0.0000
2KGIIBZ6DGIH,Diaper & Potty Training,BOAELWNUEF5B,PLA_Campaign-2026-04-18-Langot,newborn nappy,7,0,0.0000,0.0000,0,0,0.0000,0.0000,0.0000,0.0000,0.0000,0.0000
2KGIIBZ6DGIH,Diaper & Potty Training,BOAELWNUEF5B,PLA_Campaign-2026-04-18-Langot,langot for 5 year kids,7,0,0.0000,0.0000,0,0,0.0000,0.0000,0.0000,0.0000,0.0000,0.0000
2KGIIBZ6DGIH,Diaper & Potty Training,BOAELWNUEF5B,PLA_Campaign-2026-04-18-Langot,newborn baby water cloth,7,0,0.0000,0.0000,0,0,0.0000,0.0000,0.0000,0.0000,0.0000,0.0000
2KGIIBZ6DGIH,Diaper & Potty Training,BOAELWNUEF5B,PLA_Campaign-2026-04-18-Langot,double layered nappy with padding,7,0,0.0000,0.0000,0,0,0.0000,0.0000,0.0000,0.0000,0.0000,0.0000
2KGIIBZ6DGIH,Diaper & Potty Training,BOAELWNUEF5B,PLA_Campaign-2026-04-18-Langot,New born padded langot,7,0,0.0000,0.0000,0,0,0.0000,0.0000,0.0000,0.0000,0.0000,0.0000
2KGIIBZ6DGIH,Diaper & Potty Training,BOAELWNUEF5B,PLA_Campaign-2026-04-18-Langot,langot for baby boy cotton combo,7,0,0.0000,0.0000,0,0,0.0000,0.0000,0.0000,0.0000,0.0000,0.0000
2KGIIBZ6DGIH,Diaper & Potty Training,BOAELWNUEF5B,PLA_Campaign-2026-04-18-Langot,New born baby nappy,7,0,0.0000,0.0000,0,0,0.0000,0.0000,0.0000,0.0000,0.0000,0.0000
2KGIIBZ6DGIH,Diaper & Potty Training,BOAELWNUEF5B,PLA_Campaign-2026-04-18-Langot,pack,7,0,0.0000,0.0000,0,0,0.0000,0.0000,0.0000,0.0000,0.0000,0.0000
2KGIIBZ6DGIH,Diaper & Potty Training,BOAELWNUEF5B,PLA_Campaign-2026-04-18-Langot,langot for 3 to 6 months baby,7,0,0.0000,0.0000,0,0,0.0000,0.0000,0.0000,0.0000,0.0000,0.0000
2KGIIBZ6DGIH,Diaper & Potty Training,BOAELWNUEF5B,PLA_Campaign-2026-04-18-Langot,Baby waterproof langot,7,0,0.0000,0.0000,0,0,0.0000,0.0000,0.0000,0.0000,0.0000,0.0000
2KGIIBZ6DGIH,Diaper & Potty Training,BOAELWNUEF5B,PLA_Campaign-2026-04-18-Langot,superbottoms dry feel langot,7,0,0.0000,0.0000,0,0,0.0000,0.0000,0.0000,0.0000,0.0000,0.0000
2KGIIBZ6DGIH,Diaper & Potty Training,BOAELWNUEF5B,PLA_Campaign-2026-04-18-Langot,cotton langot for 6 12 month baby,7,0,0.0000,0.0000,0,0,0.0000,0.0000,0.0000,0.0000,0.0000,0.0000
2KGIIBZ6DGIH,Diaper & Potty Training,BOAELWNUEF5B,PLA_Campaign-2026-04-18-Langot,babyhug cloth diaper,7,0,0.0000,0.0000,0,0,0.0000,0.0000,0.0000,0.0000,0.0000,0.0000
2KGIIBZ6DGIH,Diaper & Potty Training,BOAELWNUEF5B,PLA_Campaign-2026-04-18-Langot,summer langot for baby,7,0,0.0000,0.0000,0,0,0.0000,0.0000,0.0000,0.0000,0.0000,0.0000
2KGIIBZ6DGIH,Diaper & Potty Training,BOAELWNUEF5B,PLA_Campaign-2026-04-18-Langot,Langot New born baby,7,0,0.0000,0.0000,0,0,0.0000,0.0000,0.0000,0.0000,0.0000,0.0000
2KGIIBZ6DGIH,Diaper & Potty Training,BOAELWNUEF5B,PLA_Campaign-2026-04-18-Langot,Langoti baby,7,0,0.0000,0.0000,0,0,0.0000,0.0000,0.0000,0.0000,0.0000,0.0000
2KGIIBZ6DGIH,Diaper & Potty Training,BOAELWNUEF5B,PLA_Campaign-2026-04-18-Langot,New born cloth diaper,7,0,0.0000,0.0000,0,0,0.0000,0.0000,0.0000,0.0000,0.0000,0.0000
2KGIIBZ6DGIH,Diaper & Potty Training,BOAELWNUEF5B,PLA_Campaign-2026-04-18-Langot,baby langoti,7,0,0.0000,0.0000,0,0,0.0000,0.0000,0.0000,0.0000,0.0000,0.0000
2KGIIBZ6DGIH,Diaper & Potty Training,BOAELWNUEF5B,PLA_Campaign-2026-04-18-Langot,small,7,0,0.0000,0.0000,0,0,0.0000,0.0000,0.0000,0.0000,0.0000,0.0000
2KGIIBZ6DGIH,Diaper & Potty Training,BOAELWNUEF5B,PLA_Campaign-2026-04-18-Langot,best langot for kids,7,0,0.0000,0.0000,0,0,0.0000,0.0000,0.0000,0.0000,0.0000,0.0000
2KGIIBZ6DGIH,Diaper & Potty Training,BOAELWNUEF5B,PLA_Campaign-2026-04-18-Langot,baby waterproof panties new born baby,7,0,0.0000,0.0000,0,0,0.0000,0.0000,0.0000,0.0000,0.0000,0.0000
2KGIIBZ6DGIH,Diaper & Potty Training,BOAELWNUEF5B,PLA_Campaign-2026-04-18-Langot,nappy pads for newborn,7,0,0.0000,0.0000,0,0,0.0000,0.0000,0.0000,0.0000,0.0000,0.0000
2KGIIBZ6DGIH,Diaper & Potty Training,BOAELWNUEF5B,PLA_Campaign-2026-04-18-Langot,langot without border,7,0,0.0000,0.0000,0,0,0.0000,0.0000,0.0000,0.0000,0.0000,0.0000
2KGIIBZ6DGIH,Diaper & Potty Training,BOAELWNUEF5B,PLA_Campaign-2026-04-18-Langot,newborn baby waterproof,7,1,1.4300,14.2857,0,0,0.0000,0.0000,0.0000,0.0000,0.0000,1.4300
2KGIIBZ6DGIH,Diaper & Potty Training,BOAELWNUEF5B,PLA_Campaign-2026-04-18-Langot,baby dry nappies set,7,1,1.4300,14.2857,0,0,0.0000,0.0000,0.0000,0.0000,0.0000,1.4300
2KGIIBZ6DGIH,Diaper & Potty Training,BOAELWNUEF5B,PLA_Campaign-2026-04-18-Langot,padded langots,7,1,1.4300,14.2857,0,0,0.0000,0.0000,0.0000,0.0000,0.0000,1.4300
2KGIIBZ6DGIH,Diaper & Potty Training,BOAELWNUEF5B,PLA_Campaign-2026-04-18-Langot,non padded langots,7,0,0.0000,0.0000,0,0,0.0000,0.0000,0.0000,0.0000,0.0000,0.0000
2KGIIBZ6DGIH,Diaper & Potty Training,BOAELWNUEF5B,PLA_Campaign-2026-04-18-Langot,Baby Langot,7,0,0.0000,0.0000,0,0,0.0000,0.0000,0.0000,0.0000,0.0000,0.0000
2KGIIBZ6DGIH,Diaper & Potty Training,BOAELWNUEF5B,PLA_Campaign-2026-04-18-Langot,Cloth langot newborn,7,0,0.0000,0.0000,0,0,0.0000,0.0000,0.0000,0.0000,0.0000,0.0000
2KGIIBZ6DGIH,Diaper & Potty Training,BOAELWNUEF5B,PLA_Campaign-2026-04-18-Langot,baby girl cotton langot,7,0,0.0000,0.0000,0,0,0.0000,0.0000,0.0000,0.0000,0.0000,0.0000
2KGIIBZ6DGIH,Diaper & Potty Training,BOAELWNUEF5B,PLA_Campaign-2026-04-18-Langot,Langot for baby girl,7,0,0.0000,0.0000,0,0,0.0000,0.0000,0.0000,0.0000,0.0000,0.0000
2KGIIBZ6DGIH,Diaper & Potty Training,BOAELWNUEF5B,PLA_Campaign-2026-04-18-Langot,Baby langoti,7,0,0.0000,0.0000,0,0,0.0000,0.0000,0.0000,0.0000,0.0000,0.0000
2KGIIBZ6DGIH,Diaper & Potty Training,BOAELWNUEF5B,PLA_Campaign-2026-04-18-Langot,Baby jhabla with langot,7,0,0.0000,0.0000,0,0,0.0000,0.0000,0.0000,0.0000,0.0000,0.0000
2KGIIBZ6DGIH,Diaper & Potty Training,BOAELWNUEF5B,PLA_Campaign-2026-04-18-Langot,baby langot white colour,7,0,0.0000,0.0000,0,0,0.0000,0.0000,0.0000,0.0000,0.0000,0.0000
2KGIIBZ6DGIH,Diaper & Potty Training,BOAELWNUEF5B,PLA_Campaign-2026-04-18-Langot,waterproof diaper cotton,7,0,0.0000,0.0000,0,0,0.0000,0.0000,0.0000,0.0000,0.0000,0.0000
2KGIIBZ6DGIH,Diaper & Potty Training,BOAELWNUEF5B,PLA_Campaign-2026-04-18-Langot,padded langot,7,1,1.4300,14.2857,0,0,0.0000,0.0000,0.0000,0.0000,0.0000,1.4300
2KGIIBZ6DGIH,Diaper & Potty Training,BOAELWNUEF5B,PLA_Campaign-2026-04-18-Langot,Padded nappy langot,7,0,0.0000,0.0000,0,0,0.0000,0.0000,0.0000,0.0000,0.0000,0.0000
2KGIIBZ6DGIH,Diaper & Potty Training,BOAELWNUEF5B,PLA_Campaign-2026-04-18-Langot,Cotton langot velcro large,7,1,1.4300,14.2857,0,0,0.0000,0.0000,0.0000,0.0000,0.0000,1.4300
2KGIIBZ6DGIH,Diaper & Potty Training,BOAELWNUEF5B,PLA_Campaign-2026-04-18-Langot,Newborn nappy,7,0,0.0000,0.0000,0,0,0.0000,0.0000,0.0000,0.0000,0.0000,0.0000
2KGIIBZ6DGIH,Diaper & Potty Training,BOAELWNUEF5B,PLA_Campaign-2026-04-18-Langot,Langota baby,7,0,0.0000,0.0000,0,0,0.0000,0.0000,0.0000,0.0000,0.0000,0.0000
2KGIIBZ6DGIH,Diaper & Potty Training,BOAELWNUEF5B,PLA_Campaign-2026-04-18-Langot,cotton diaper for new born,7,1,1.4300,14.2857,1,0,100.0000,0.0000,411.0000,0.0000,287.4126,1.4300
2KGIIBZ6DGIH,Diaper & Potty Training,BOAELWNUEF5B,PLA_Campaign-2026-04-18-Langot,triangle lagoti white color,6,1,1.4300,16.6667,0,0,0.0000,0.0000,0.0000,0.0000,0.0000,1.4300
2KGIIBZ6DGIH,Diaper & Potty Training,BOAELWNUEF5B,PLA_Campaign-2026-04-18-Langot,baby boy langot,6,0,0.0000,0.0000,0,0,0.0000,0.0000,0.0000,0.0000,0.0000,0.0000
2KGIIBZ6DGIH,Diaper & Potty Training,BOAELWNUEF5B,PLA_Campaign-2026-04-18-Langot,Padded langot padded langot,6,0,0.0000,0.0000,0,0,0.0000,0.0000,0.0000,0.0000,0.0000,0.0000
2KGIIBZ6DGIH,Diaper & Potty Training,BOAELWNUEF5B,PLA_Campaign-2026-04-18-Langot,langot cloth diapers,6,0,0.0000,0.0000,0,0,0.0000,0.0000,0.0000,0.0000,0.0000,0.0000
2KGIIBZ6DGIH,Diaper & Potty Training,BOAELWNUEF5B,PLA_Campaign-2026-04-18-Langot,fastgear nappy for newborn,6,0,0.0000,0.0000,0,0,0.0000,0.0000,0.0000,0.0000,0.0000,0.0000
2KGIIBZ6DGIH,Diaper & Potty Training,BOAELWNUEF5B,PLA_Campaign-2026-04-18-Langot,langot for baby multicolor,6,0,0.0000,0.0000,0,0,0.0000,0.0000,0.0000,0.0000,0.0000,0.0000
2KGIIBZ6DGIH,Diaper & Potty Training,BOAELWNUEF5B,PLA_Campaign-2026-04-18-Langot,baby girl 8 months langot waterproof,6,0,0.0000,0.0000,0,0,0.0000,0.0000,0.0000,0.0000,0.0000,0.0000
2KGIIBZ6DGIH,Diaper & Potty Training,BOAELWNUEF5B,PLA_Campaign-2026-04-18-Langot,baby nappy pure cotton double layer combo,6,0,0.0000,0.0000,0,0,0.0000,0.0000,0.0000,0.0000,0.0000,0.0000
2KGIIBZ6DGIH,Diaper & Potty Training,BOAELWNUEF5B,PLA_Campaign-2026-04-18-Langot,Nappies,6,0,0.0000,0.0000,0,0,0.0000,0.0000,0.0000,0.0000,0.0000,0.0000
2KGIIBZ6DGIH,Diaper & Potty Training,BOAELWNUEF5B,PLA_Campaign-2026-04-18-Langot,langot women,6,0,0.0000,0.0000,0,0,0.0000,0.0000,0.0000,0.0000,0.0000,0.0000
2KGIIBZ6DGIH,Diaper & Potty Training,BOAELWNUEF5B,PLA_Campaign-2026-04-18-Langot,Premium langot,6,0,0.0000,0.0000,0,0,0.0000,0.0000,0.0000,0.0000,0.0000,0.0000
2KGIIBZ6DGIH,Diaper & Potty Training,BOAELWNUEF5B,PLA_Campaign-2026-04-18-Langot,New born baby cloth kit,6,0,0.0000,0.0000,0,0,0.0000,0.0000,0.0000,0.0000,0.0000,0.0000
2KGIIBZ6DGIH,Diaper & Potty Training,BOAELWNUEF5B,PLA_Campaign-2026-04-18-Langot,new born baby langot and bottom cotton,6,0,0.0000,0.0000,0,0,0.0000,0.0000,0.0000,0.0000,0.0000,0.0000
2KGIIBZ6DGIH,Diaper & Potty Training,BOAELWNUEF5B,PLA_Campaign-2026-04-18-Langot,Langot 1 2 years,6,0,0.0000,0.0000,0,0,0.0000,0.0000,0.0000,0.0000,0.0000,0.0000
2KGIIBZ6DGIH,Diaper & Potty Training,BOAELWNUEF5B,PLA_Campaign-2026-04-18-Langot,cotton clothes diaper,6,0,0.0000,0.0000,0,0,0.0000,0.0000,0.0000,0.0000,0.0000,0.0000
2KGIIBZ6DGIH,Diaper & Potty Training,BOAELWNUEF5B,PLA_Campaign-2026-04-18-Langot,super bottom langot,6,0,0.0000,0.0000,0,0,0.0000,0.0000,0.0000,0.0000,0.0000,0.0000
2KGIIBZ6DGIH,Diaper & Potty Training,BOAELWNUEF5B,PLA_Campaign-2026-04-18-Langot,6 month baby langot,6,0,0.0000,0.0000,0,0,0.0000,0.0000,0.0000,0.0000,0.0000,0.0000
2KGIIBZ6DGIH,Diaper & Potty Training,BOAELWNUEF5B,PLA_Campaign-2026-04-18-Langot,1 month,6,0,0.0000,0.0000,0,0,0.0000,0.0000,0.0000,0.0000,0.0000,0.0000
2KGIIBZ6DGIH,Diaper & Potty Training,BOAELWNUEF5B,PLA_Campaign-2026-04-18-Langot,Babyhug nappies with padded,6,0,0.0000,0.0000,0,0,0.0000,0.0000,0.0000,0.0000,0.0000,0.0000
2KGIIBZ6DGIH,Diaper & Potty Training,BOAELWNUEF5B,PLA_Campaign-2026-04-18-Langot,baby boy waterproof,6,0,0.0000,0.0000,0,0,0.0000,0.0000,0.0000,0.0000,0.0000,0.0000
2KGIIBZ6DGIH,Diaper & Potty Training,BOAELWNUEF5B,PLA_Campaign-2026-04-18-Langot,super button langot,6,0,0.0000,0.0000,0,0,0.0000,0.0000,0.0000,0.0000,0.0000,0.0000
2KGIIBZ6DGIH,Diaper & Potty Training,BOAELWNUEF5B,PLA_Campaign-2026-04-18-Langot,langot for baby pure cotton 6 12 month,6,1,1.4300,16.6667,0,0,0.0000,0.0000,0.0000,0.0000,0.0000,1.4300
2KGIIBZ6DGIH,Diaper & Potty Training,BOAELWNUEF5B,PLA_Campaign-2026-04-18-Langot,Cotton padded langots for new born,6,0,0.0000,0.0000,0,0,0.0000,0.0000,0.0000,0.0000,0.0000,0.0000
2KGIIBZ6DGIH,Diaper & Potty Training,BOAELWNUEF5B,PLA_Campaign-2026-04-18-Langot,printed langot for baby boy cotton combo,6,0,0.0000,0.0000,0,0,0.0000,0.0000,0.0000,0.0000,0.0000,0.0000
2KGIIBZ6DGIH,Diaper & Potty Training,BOAELWNUEF5B,PLA_Campaign-2026-04-18-Langot,New born cloth baby hug,6,0,0.0000,0.0000,0,0,0.0000,0.0000,0.0000,0.0000,0.0000,0.0000
2KGIIBZ6DGIH,Diaper & Potty Training,BOAELWNUEF5B,PLA_Campaign-2026-04-18-Langot,cloth diapers for baby 2 year old elastic,6,0,0.0000,0.0000,0,0,0.0000,0.0000,0.0000,0.0000,0.0000,0.0000
2KGIIBZ6DGIH,Diaper & Potty Training,BOAELWNUEF5B,PLA_Campaign-2026-04-18-Langot,water leakage for new born baby,6,0,0.0000,0.0000,0,0,0.0000,0.0000,0.0000,0.0000,0.0000,0.0000
2KGIIBZ6DGIH,Diaper & Potty Training,BOAELWNUEF5B,PLA_Campaign-2026-04-18-Langot,what is the price of chokhi pad,6,0,0.0000,0.0000,0,0,0.0000,0.0000,0.0000,0.0000,0.0000,0.0000
2KGIIBZ6DGIH,Diaper & Potty Training,BOAELWNUEF5B,PLA_Campaign-2026-04-18-Langot,Cloth nappy for newborn,6,0,0.0000,0.0000,0,0,0.0000,0.0000,0.0000,0.0000,0.0000,0.0000
2KGIIBZ6DGIH,Diaper & Potty Training,BOAELWNUEF5B,PLA_Campaign-2026-04-18-Langot,hosiery langot for baby,6,0,0.0000,0.0000,0,0,0.0000,0.0000,0.0000,0.0000,0.0000,0.0000
2KGIIBZ6DGIH,Diaper & Potty Training,BOAELWNUEF5B,PLA_Campaign-2026-04-18-Langot,nappy for newborn white,6,0,0.0000,0.0000,0,0,0.0000,0.0000,0.0000,0.0000,0.0000,0.0000
2KGIIBZ6DGIH,Diaper & Potty Training,BOAELWNUEF5B,PLA_Campaign-2026-04-18-Langot,padded nappies for baby,6,0,0.0000,0.0000,0,0,0.0000,0.0000,0.0000,0.0000,0.0000,0.0000
2KGIIBZ6DGIH,Diaper & Potty Training,BOAELWNUEF5B,PLA_Campaign-2026-04-18-Langot,cotton cloth new born baby,6,0,0.0000,0.0000,0,0,0.0000,0.0000,0.0000,0.0000,0.0000,0.0000
2KGIIBZ6DGIH,Diaper & Potty Training,BOAELWNUEF5B,PLA_Campaign-2026-04-18-Langot,new born baby waterproof,6,0,0.0000,0.0000,0,0,0.0000,0.0000,0.0000,0.0000,0.0000,0.0000
2KGIIBZ6DGIH,Diaper & Potty Training,BOAELWNUEF5B,PLA_Campaign-2026-04-18-Langot,cotton pad for baby,6,0,0.0000,0.0000,0,0,0.0000,0.0000,0.0000,0.0000,0.0000,0.0000
2KGIIBZ6DGIH,Diaper & Potty Training,BOAELWNUEF5B,PLA_Campaign-2026-04-18-Langot,New born baby cloth in cotton,6,0,0.0000,0.0000,0,0,0.0000,0.0000,0.0000,0.0000,0.0000,0.0000
2KGIIBZ6DGIH,Diaper & Potty Training,BOAELWNUEF5B,PLA_Campaign-2026-04-18-Langot,baby nappy in cotton cloth,6,0,0.0000,0.0000,0,0,0.0000,0.0000,0.0000,0.0000,0.0000,0.0000
2KGIIBZ6DGIH,Diaper & Potty Training,BOAELWNUEF5B,PLA_Campaign-2026-04-18-Langot,newborn clothes langot padded,6,1,1.4300,16.6667,1,0,100.0000,0.0000,390.0000,0.0000,272.7273,1.4300
2KGIIBZ6DGIH,Diaper & Potty Training,BOAELWNUEF5B,PLA_Campaign-2026-04-18-Langot,newborn baby long langot,6,0,0.0000,0.0000,0,0,0.0000,0.0000,0.0000,0.0000,0.0000,0.0000
2KGIIBZ6DGIH,Diaper & Potty Training,BOAELWNUEF5B,PLA_Campaign-2026-04-18-Langot,cotton padded nappies for baby,6,0,0.0000,0.0000,0,0,0.0000,0.0000,0.0000,0.0000,0.0000,0.0000
2KGIIBZ6DGIH,Diaper & Potty Training,BOAELWNUEF5B,PLA_Campaign-2026-04-18-Langot,Quick dry langots,6,0,0.0000,0.0000,0,0,0.0000,0.0000,0.0000,0.0000,0.0000,0.0000
2KGIIBZ6DGIH,Diaper & Potty Training,BOAELWNUEF5B,PLA_Campaign-2026-04-18-Langot,langot for boy M size,6,0,0.0000,0.0000,0,0,0.0000,0.0000,0.0000,0.0000,0.0000,0.0000
2KGIIBZ6DGIH,Diaper & Potty Training,BOAELWNUEF5B,PLA_Campaign-2026-04-18-Langot,langot for baby boy cotton blend,6,0,0.0000,0.0000,0,0,0.0000,0.0000,0.0000,0.0000,0.0000,0.0000
2KGIIBZ6DGIH,Diaper & Potty Training,BOAELWNUEF5B,PLA_Campaign-2026-04-18-Langot,Newborn baby nappy double layer pure cotton,6,0,0.0000,0.0000,0,0,0.0000,0.0000,0.0000,0.0000,0.0000,0.0000
2KGIIBZ6DGIH,Diaper & Potty Training,BOAELWNUEF5B,PLA_Campaign-2026-04-18-Langot,Large size langot,6,0,0.0000,0.0000,0,0,0.0000,0.0000,0.0000,0.0000,0.0000,0.0000
2KGIIBZ6DGIH,Diaper & Potty Training,BOAELWNUEF5B,PLA_Campaign-2026-04-18-Langot,cloth baby,6,0,0.0000,0.0000,0,0,0.0000,0.0000,0.0000,0.0000,0.0000,0.0000
2KGIIBZ6DGIH,Diaper & Potty Training,BOAELWNUEF5B,PLA_Campaign-2026-04-18-Langot,Cotton langots for newborn baby,6,0,0.0000,0.0000,0,0,0.0000,0.0000,0.0000,0.0000,0.0000,0.0000
2KGIIBZ6DGIH,Diaper & Potty Training,BOAELWNUEF5B,PLA_Campaign-2026-04-18-Langot,baby casual wear,6,0,0.0000,0.0000,0,0,0.0000,0.0000,0.0000,0.0000,0.0000,0.0000
2KGIIBZ6DGIH,Diaper & Potty Training,BOAELWNUEF5B,PLA_Campaign-2026-04-18-Langot,smart nappy pack of 8,6,0,0.0000,0.0000,0,0,0.0000,0.0000,0.0000,0.0000,0.0000,0.0000
2KGIIBZ6DGIH,Diaper & Potty Training,BOAELWNUEF5B,PLA_Campaign-2026-04-18-Langot,baby pampers cloth,6,0,0.0000,0.0000,0,0,0.0000,0.0000,0.0000,0.0000,0.0000,0.0000
2KGIIBZ6DGIH,Diaper & Potty Training,BOAELWNUEF5B,PLA_Campaign-2026-04-18-Langot,nappy for 6 to 12 months baby,6,0,0.0000,0.0000,0,0,0.0000,0.0000,0.0000,0.0000,0.0000,0.0000
2KGIIBZ6DGIH,Diaper & Potty Training,BOAELWNUEF5B,PLA_Campaign-2026-04-18-Langot,crinkled swaddle,6,1,1.4300,16.6667,0,0,0.0000,0.0000,0.0000,0.0000,0.0000,1.4300
2KGIIBZ6DGIH,Diaper & Potty Training,BOAELWNUEF5B,PLA_Campaign-2026-04-18-Langot,mom cloth diapers for langot nappy,6,0,0.0000,0.0000,0,0,0.0000,0.0000,0.0000,0.0000,0.0000,0.0000
2KGIIBZ6DGIH,Diaper & Potty Training,BOAELWNUEF5B,PLA_Campaign-2026-04-18-Langot,newborn baby item for summer,6,0,0.0000,0.0000,0,0,0.0000,0.0000,0.0000,0.0000,0.0000,0.0000
2KGIIBZ6DGIH,Diaper & Potty Training,BOAELWNUEF5B,PLA_Campaign-2026-04-18-Langot,Big size langots,6,0,0.0000,0.0000,0,0,0.0000,0.0000,0.0000,0.0000,0.0000,0.0000
2KGIIBZ6DGIH,Diaper & Potty Training,BOAELWNUEF5B,PLA_Campaign-2026-04-18-Langot,Cotton langots for 3 months newborn,6,0,0.0000,0.0000,0,0,0.0000,0.0000,0.0000,0.0000,0.0000,0.0000
2KGIIBZ6DGIH,Diaper & Potty Training,BOAELWNUEF5B,PLA_Campaign-2026-04-18-Langot,baby white cloth,6,0,0.0000,0.0000,0,0,0.0000,0.0000,0.0000,0.0000,0.0000,0.0000
2KGIIBZ6DGIH,Diaper & Potty Training,BOAELWNUEF5B,PLA_Campaign-2026-04-18-Langot,baby diaper cotton,6,0,0.0000,0.0000,0,0,0.0000,0.0000,0.0000,0.0000,0.0000,0.0000
2KGIIBZ6DGIH,Diaper & Potty Training,BOAELWNUEF5B,PLA_Campaign-2026-04-18-Langot,baby velcro langot waterproof,5,0,0.0000,0.0000,0,0,0.0000,0.0000,0.0000,0.0000,0.0000,0.0000
2KGIIBZ6DGIH,Diaper & Potty Training,BOAELWNUEF5B,PLA_Campaign-2026-04-18-Langot,0 size baby langot combo set,5,0,0.0000,0.0000,0,0,0.0000,0.0000,0.0000,0.0000,0.0000,0.0000
2KGIIBZ6DGIH,Diaper & Potty Training,BOAELWNUEF5B,PLA_Campaign-2026-04-18-Langot,new born baby langots baby girl,5,0,0.0000,0.0000,0,0,0.0000,0.0000,0.0000,0.0000,0.0000,0.0000
2KGIIBZ6DGIH,Diaper & Potty Training,BOAELWNUEF5B,PLA_Campaign-2026-04-18-Langot,cartoon cloth for new born baby,5,0,0.0000,0.0000,0,0,0.0000,0.0000,0.0000,0.0000,0.0000,0.0000
2KGIIBZ6DGIH,Diaper & Potty Training,BOAELWNUEF5B,PLA_Campaign-2026-04-18-Langot,kids langot diaper,5,0,0.0000,0.0000,0,0,0.0000,0.0000,0.0000,0.0000,0.0000,0.0000
2KGIIBZ6DGIH,Diaper & Potty Training,BOAELWNUEF5B,PLA_Campaign-2026-04-18-Langot,baby langoti cotton design,5,0,0.0000,0.0000,0,0,0.0000,0.0000,0.0000,0.0000,0.0000,0.0000
2KGIIBZ6DGIH,Diaper & Potty Training,BOAELWNUEF5B,PLA_Campaign-2026-04-18-Langot,baby sticker,5,0,0.0000,0.0000,0,0,0.0000,0.0000,0.0000,0.0000,0.0000,0.0000
2KGIIBZ6DGIH,Diaper & Potty Training,BOAELWNUEF5B,PLA_Campaign-2026-04-18-Langot,cotton pad for baby diaper,5,0,0.0000,0.0000,0,0,0.0000,0.0000,0.0000,0.0000,0.0000,0.0000
2KGIIBZ6DGIH,Diaper & Potty Training,BOAELWNUEF5B,PLA_Campaign-2026-04-18-Langot,Langoti for newborn,5,0,0.0000,0.0000,0,0,0.0000,0.0000,0.0000,0.0000,0.0000,0.0000
2KGIIBZ6DGIH,Diaper & Potty Training,BOAELWNUEF5B,PLA_Campaign-2026-04-18-Langot,Baby padded nappy,5,0,0.0000,0.0000,0,0,0.0000,0.0000,0.0000,0.0000,0.0000,0.0000
2KGIIBZ6DGIH,Diaper & Potty Training,BOAELWNUEF5B,PLA_Campaign-2026-04-18-Langot,Large langot for infants,5,0,0.0000,0.0000,0,0,0.0000,0.0000,0.0000,0.0000,0.0000,0.0000
2KGIIBZ6DGIH,Diaper & Potty Training,BOAELWNUEF5B,PLA_Campaign-2026-04-18-Langot,baby langots large for 1 to 2 year,5,0,0.0000,0.0000,0,0,0.0000,0.0000,0.0000,0.0000,0.0000,0.0000
2KGIIBZ6DGIH,Diaper & Potty Training,BOAELWNUEF5B,PLA_Campaign-2026-04-18-Langot,Cloth langot 12 months,5,0,0.0000,0.0000,0,0,0.0000,0.0000,0.0000,0.0000,0.0000,0.0000
2KGIIBZ6DGIH,Diaper & Potty Training,BOAELWNUEF5B,PLA_Campaign-2026-04-18-Langot,baby cloth diaper cotton me,5,0,0.0000,0.0000,0,0,0.0000,0.0000,0.0000,0.0000,0.0000,0.0000
2KGIIBZ6DGIH,Diaper & Potty Training,BOAELWNUEF5B,PLA_Campaign-2026-04-18-Langot,baby padded langoti cotton,5,0,0.0000,0.0000,0,0,0.0000,0.0000,0.0000,0.0000,0.0000,0.0000
2KGIIBZ6DGIH,Diaper & Potty Training,BOAELWNUEF5B,PLA_Campaign-2026-04-18-Langot,new langot born baby cloth diapers nappy,5,0,0.0000,0.0000,0,0,0.0000,0.0000,0.0000,0.0000,0.0000,0.0000
2KGIIBZ6DGIH,Diaper & Potty Training,BOAELWNUEF5B,PLA_Campaign-2026-04-18-Langot,Love langot,5,0,0.0000,0.0000,0,0,0.0000,0.0000,0.0000,0.0000,0.0000,0.0000
2KGIIBZ6DGIH,Diaper & Potty Training,BOAELWNUEF5B,PLA_Campaign-2026-04-18-Langot,baby care combo with langot,5,0,0.0000,0.0000,0,0,0.0000,0.0000,0.0000,0.0000,0.0000,0.0000
2KGIIBZ6DGIH,Diaper & Potty Training,BOAELWNUEF5B,PLA_Campaign-2026-04-18-Langot,simple langot for baby,5,0,0.0000,0.0000,0,0,0.0000,0.0000,0.0000,0.0000,0.0000,0.0000
2KGIIBZ6DGIH,Diaper & Potty Training,BOAELWNUEF5B,PLA_Campaign-2026-04-18-Langot,Langot pure cotton,5,0,0.0000,0.0000,0,0,0.0000,0.0000,0.0000,0.0000,0.0000,0.0000
2KGIIBZ6DGIH,Diaper & Potty Training,BOAELWNUEF5B,PLA_Campaign-2026-04-18-Langot,4 layer langot for new born baby,5,1,1.4300,20.0000,0,0,0.0000,0.0000,0.0000,0.0000,0.0000,1.4300
2KGIIBZ6DGIH,Diaper & Potty Training,BOAELWNUEF5B,PLA_Campaign-2026-04-18-Langot,Langot Cloth,5,0,0.0000,0.0000,0,0,0.0000,0.0000,0.0000,0.0000,0.0000,0.0000
2KGIIBZ6DGIH,Diaper & Potty Training,BOAELWNUEF5B,PLA_Campaign-2026-04-18-Langot,cotton langoti for new born baby,5,0,0.0000,0.0000,0,0,0.0000,0.0000,0.0000,0.0000,0.0000,0.0000
2KGIIBZ6DGIH,Diaper & Potty Training,BOAELWNUEF5B,PLA_Campaign-2026-04-18-Langot,Pack of new born langot,5,0,0.0000,0.0000,0,0,0.0000,0.0000,0.0000,0.0000,0.0000,0.0000
2KGIIBZ6DGIH,Diaper & Potty Training,BOAELWNUEF5B,PLA_Campaign-2026-04-18-Langot,super dry free langot for baby,5,1,1.4300,20.0000,1,0,100.0000,0.0000,339.0000,0.0000,237.0629,1.4300
2KGIIBZ6DGIH,Diaper & Potty Training,BOAELWNUEF5B,PLA_Campaign-2026-04-18-Langot,nappy diaper,5,0,0.0000,0.0000,0,0,0.0000,0.0000,0.0000,0.0000,0.0000,0.0000
2KGIIBZ6DGIH,Diaper & Potty Training,BOAELWNUEF5B,PLA_Campaign-2026-04-18-Langot,New born baby langot cotton,5,0,0.0000,0.0000,0,0,0.0000,0.0000,0.0000,0.0000,0.0000,0.0000
2KGIIBZ6DGIH,Diaper & Potty Training,BOAELWNUEF5B,PLA_Campaign-2026-04-18-Langot,new born baby travel cloth clean all,5,0,0.0000,0.0000,0,0,0.0000,0.0000,0.0000,0.0000,0.0000,0.0000
2KGIIBZ6DGIH,Diaper & Potty Training,BOAELWNUEF5B,PLA_Campaign-2026-04-18-Langot,baby lagota,5,0,0.0000,0.0000,0,0,0.0000,0.0000,0.0000,0.0000,0.0000,0.0000
2KGIIBZ6DGIH,Diaper & Potty Training,BOAELWNUEF5B,PLA_Campaign-2026-04-18-Langot,newborn baby girl,5,0,0.0000,0.0000,0,0,0.0000,0.0000,0.0000,0.0000,0.0000,0.0000
2KGIIBZ6DGIH,Diaper & Potty Training,BOAELWNUEF5B,PLA_Campaign-2026-04-18-Langot,baby boys k langot,5,0,0.0000,0.0000,0,0,0.0000,0.0000,0.0000,0.0000,0.0000,0.0000
2KGIIBZ6DGIH,Diaper & Potty Training,BOAELWNUEF5B,PLA_Campaign-2026-04-18-Langot,Baby cloth diaper,5,0,0.0000,0.0000,0,0,0.0000,0.0000,0.0000,0.0000,0.0000,0.0000
2KGIIBZ6DGIH,Diaper & Potty Training,BOAELWNUEF5B,PLA_Campaign-2026-04-18-Langot,baby langot nappy,5,0,0.0000,0.0000,0,0,0.0000,0.0000,0.0000,0.0000,0.0000,0.0000
2KGIIBZ6DGIH,Diaper & Potty Training,BOAELWNUEF5B,PLA_Campaign-2026-04-18-Langot,muslin cotton baby boy with langot,5,0,0.0000,0.0000,0,0,0.0000,0.0000,0.0000,0.0000,0.0000,0.0000
2KGIIBZ6DGIH,Diaper & Potty Training,BOAELWNUEF5B,PLA_Campaign-2026-04-18-Langot,cotton langot with not,5,0,0.0000,0.0000,0,0,0.0000,0.0000,0.0000,0.0000,0.0000,0.0000
2KGIIBZ6DGIH,Diaper & Potty Training,BOAELWNUEF5B,PLA_Campaign-2026-04-18-Langot,tie nappy plastic,5,0,0.0000,0.0000,0,0,0.0000,0.0000,0.0000,0.0000,0.0000,0.0000
2KGIIBZ6DGIH,Diaper & Potty Training,BOAELWNUEF5B,PLA_Campaign-2026-04-18-Langot,Only langot born baby,5,0,0.0000,0.0000,0,0,0.0000,0.0000,0.0000,0.0000,0.0000,0.0000
2KGIIBZ6DGIH,Diaper & Potty Training,BOAELWNUEF5B,PLA_Campaign-2026-04-18-Langot,proof diaper langot,5,0,0.0000,0.0000,0,0,0.0000,0.0000,0.0000,0.0000,0.0000,0.0000
2KGIIBZ6DGIH,Diaper & Potty Training,BOAELWNUEF5B,PLA_Campaign-2026-04-18-Langot,New born muslin langots,5,0,0.0000,0.0000,0,0,0.0000,0.0000,0.0000,0.0000,0.0000,0.0000
2KGIIBZ6DGIH,Diaper & Potty Training,BOAELWNUEF5B,PLA_Campaign-2026-04-18-Langot,newborn baby item langot,5,0,0.0000,0.0000,0,0,0.0000,0.0000,0.0000,0.0000,0.0000,0.0000
2KGIIBZ6DGIH,Diaper & Potty Training,BOAELWNUEF5B,PLA_Campaign-2026-04-18-Langot,baby hand gloves langot,5,0,0.0000,0.0000,0,0,0.0000,0.0000,0.0000,0.0000,0.0000,0.0000
2KGIIBZ6DGIH,Diaper & Potty Training,BOAELWNUEF5B,PLA_Campaign-2026-04-18-Langot,Langot boys,5,0,0.0000,0.0000,0,0,0.0000,0.0000,0.0000,0.0000,0.0000,0.0000
2KGIIBZ6DGIH,Diaper & Potty Training,BOAELWNUEF5B,PLA_Campaign-2026-04-18-Langot,langot for newborn,5,1,1.4300,20.0000,0,0,0.0000,0.0000,0.0000,0.0000,0.0000,1.4300
2KGIIBZ6DGIH,Diaper & Potty Training,BOAELWNUEF5B,PLA_Campaign-2026-04-18-Langot,Muslin cotton new born baby nappy with napy,5,0,0.0000,0.0000,0,0,0.0000,0.0000,0.0000,0.0000,0.0000,0.0000
2KGIIBZ6DGIH,Diaper & Potty Training,BOAELWNUEF5B,PLA_Campaign-2026-04-18-Langot,waterproof nappy with elastic,5,0,0.0000,0.0000,0,0,0.0000,0.0000,0.0000,0.0000,0.0000,0.0000
2KGIIBZ6DGIH,Diaper & Potty Training,BOAELWNUEF5B,PLA_Campaign-2026-04-18-Langot,cloth diaper for 1 year baby,5,1,1.4300,20.0000,0,0,0.0000,0.0000,0.0000,0.0000,0.0000,1.4300
2KGIIBZ6DGIH,Diaper & Potty Training,BOAELWNUEF5B,PLA_Campaign-2026-04-18-Langot,Super bottom langot,5,0,0.0000,0.0000,0,0,0.0000,0.0000,0.0000,0.0000,0.0000,0.0000
2KGIIBZ6DGIH,Diaper & Potty Training,BOAELWNUEF5B,PLA_Campaign-2026-04-18-Langot,baby diaper waterproof,5,0,0.0000,0.0000,0,0,0.0000,0.0000,0.0000,0.0000,0.0000,0.0000
2KGIIBZ6DGIH,Diaper & Potty Training,BOAELWNUEF5B,PLA_Campaign-2026-04-18-Langot,new clothes,5,1,1.4300,20.0000,0,0,0.0000,0.0000,0.0000,0.0000,0.0000,1.4300
2KGIIBZ6DGIH,Diaper & Potty Training,BOAELWNUEF5B,PLA_Campaign-2026-04-18-Langot,plastic nappy triangle,5,0,0.0000,0.0000,0,0,0.0000,0.0000,0.0000,0.0000,0.0000,0.0000
2KGIIBZ6DGIH,Diaper & Potty Training,BOAELWNUEF5B,PLA_Campaign-2026-04-18-Langot,cloth diaper for new born,5,0,0.0000,0.0000,0,0,0.0000,0.0000,0.0000,0.0000,0.0000,0.0000
2KGIIBZ6DGIH,Diaper & Potty Training,BOAELWNUEF5B,PLA_Campaign-2026-04-18-Langot,tinycare waterproof baby nappy,5,0,0.0000,0.0000,0,0,0.0000,0.0000,0.0000,0.0000,0.0000,0.0000
2KGIIBZ6DGIH,Diaper & Potty Training,BOAELWNUEF5B,PLA_Campaign-2026-04-18-Langot,muslin langot for baby girl,5,1,1.4300,20.0000,0,0,0.0000,0.0000,0.0000,0.0000,0.0000,1.4300
2KGIIBZ6DGIH,Diaper & Potty Training,BOAELWNUEF5B,PLA_Campaign-2026-04-18-Langot,baby cotton triangle langot,5,0,0.0000,0.0000,0,0,0.0000,0.0000,0.0000,0.0000,0.0000,0.0000
2KGIIBZ6DGIH,Diaper & Potty Training,BOAELWNUEF5B,PLA_Campaign-2026-04-18-Langot,Nappy,5,0,0.0000,0.0000,0,0,0.0000,0.0000,0.0000,0.0000,0.0000,0.0000
2KGIIBZ6DGIH,Diaper & Potty Training,BOAELWNUEF5B,PLA_Campaign-2026-04-18-Langot,baby langots,5,0,0.0000,0.0000,0,0,0.0000,0.0000,0.0000,0.0000,0.0000,0.0000
2KGIIBZ6DGIH,Diaper & Potty Training,BOAELWNUEF5B,PLA_Campaign-2026-04-18-Langot,waterproof for boys,5,0,0.0000,0.0000,0,0,0.0000,0.0000,0.0000,0.0000,0.0000,0.0000
2KGIIBZ6DGIH,Diaper & Potty Training,BOAELWNUEF5B,PLA_Campaign-2026-04-18-Langot,new born baby leak proof langot,5,0,0.0000,0.0000,0,0,0.0000,0.0000,0.0000,0.0000,0.0000,0.0000
2KGIIBZ6DGIH,Diaper & Potty Training,BOAELWNUEF5B,PLA_Campaign-2026-04-18-Langot,water proof baby nappy,5,0,0.0000,0.0000,0,0,0.0000,0.0000,0.0000,0.0000,0.0000,0.0000
2KGIIBZ6DGIH,Diaper & Potty Training,BOAELWNUEF5B,PLA_Campaign-2026-04-18-Langot,nappy for newborn baby,5,0,0.0000,0.0000,0,0,0.0000,0.0000,0.0000,0.0000,0.0000,0.0000
2KGIIBZ6DGIH,Diaper & Potty Training,BOAELWNUEF5B,PLA_Campaign-2026-04-18-Langot,langot for baby new born baby,5,1,1.4300,20.0000,0,0,0.0000,0.0000,0.0000,0.0000,0.0000,1.4300
2KGIIBZ6DGIH,Diaper & Potty Training,BOAELWNUEF5B,PLA_Campaign-2026-04-18-Langot,Cloth diaper for new born baby,5,0,0.0000,0.0000,0,0,0.0000,0.0000,0.0000,0.0000,0.0000,0.0000
2KGIIBZ6DGIH,Diaper & Potty Training,BOAELWNUEF5B,PLA_Campaign-2026-04-18-Langot,cotton cloth for babies,5,0,0.0000,0.0000,0,0,0.0000,0.0000,0.0000,0.0000,0.0000,0.0000
2KGIIBZ6DGIH,Diaper & Potty Training,BOAELWNUEF5B,PLA_Campaign-2026-04-18-Langot,Ganji cloth nappy,5,0,0.0000,0.0000,0,0,0.0000,0.0000,0.0000,0.0000,0.0000,0.0000
2KGIIBZ6DGIH,Diaper & Potty Training,BOAELWNUEF5B,PLA_Campaign-2026-04-18-Langot,Newborn baby langot,5,0,0.0000,0.0000,0,0,0.0000,0.0000,0.0000,0.0000,0.0000,0.0000
2KGIIBZ6DGIH,Diaper & Potty Training,BOAELWNUEF5B,PLA_Campaign-2026-04-18-Langot,muslin cotton new born baby shirt nappy,5,1,1.4300,20.0000,0,0,0.0000,0.0000,0.0000,0.0000,0.0000,1.4300
2KGIIBZ6DGIH,Diaper & Potty Training,BOAELWNUEF5B,PLA_Campaign-2026-04-18-Langot,New born baby cotton,5,0,0.0000,0.0000,0,0,0.0000,0.0000,0.0000,0.0000,0.0000,0.0000
2KGIIBZ6DGIH,Diaper & Potty Training,BOAELWNUEF5B,PLA_Campaign-2026-04-18-Langot,langot for kids boy,5,0,0.0000,0.0000,0,0,0.0000,0.0000,0.0000,0.0000,0.0000,0.0000
2KGIIBZ6DGIH,Diaper & Potty Training,BOAELWNUEF5B,PLA_Campaign-2026-04-18-Langot,cotton nappy for 6 12 months baby,5,2,1.4300,40.0000,0,0,0.0000,0.0000,0.0000,0.0000,0.0000,2.8600
2KGIIBZ6DGIH,Diaper & Potty Training,BOAELWNUEF5B,PLA_Campaign-2026-04-18-Langot,New born baby nappy pure cotton,5,0,0.0000,0.0000,0,0,0.0000,0.0000,0.0000,0.0000,0.0000,0.0000
2KGIIBZ6DGIH,Diaper & Potty Training,BOAELWNUEF5B,PLA_Campaign-2026-04-18-Langot,Baby Nappy cotton,5,0,0.0000,0.0000,0,0,0.0000,0.0000,0.0000,0.0000,0.0000,0.0000
2KGIIBZ6DGIH,Diaper & Potty Training,BOAELWNUEF5B,PLA_Campaign-2026-04-18-Langot,cotton langot for 6 month kids,5,0,0.0000,0.0000,0,0,0.0000,0.0000,0.0000,0.0000,0.0000,0.0000
2KGIIBZ6DGIH,Diaper & Potty Training,BOAELWNUEF5B,PLA_Campaign-2026-04-18-Langot,langoti kids for small,5,0,0.0000,0.0000,0,0,0.0000,0.0000,0.0000,0.0000,0.0000,0.0000
2KGIIBZ6DGIH,Diaper & Potty Training,BOAELWNUEF5B,PLA_Campaign-2026-04-18-Langot,cloth nappies large size large nappy,5,1,1.4300,20.0000,0,0,0.0000,0.0000,0.0000,0.0000,0.0000,1.4300
2KGIIBZ6DGIH,Diaper & Potty Training,BOAELWNUEF5B,PLA_Campaign-2026-04-18-Langot,4 layer of cotton padded langot,5,0,0.0000,0.0000,0,0,0.0000,0.0000,0.0000,0.0000,0.0000,0.0000
2KGIIBZ6DGIH,Diaper & Potty Training,BOAELWNUEF5B,PLA_Campaign-2026-04-18-Langot,white cotton nappies,4,0,0.0000,0.0000,0,0,0.0000,0.0000,0.0000,0.0000,0.0000,0.0000
2KGIIBZ6DGIH,Diaper & Potty Training,BOAELWNUEF5B,PLA_Campaign-2026-04-18-Langot,multicolour nappy for newborn,4,0,0.0000,0.0000,0,0,0.0000,0.0000,0.0000,0.0000,0.0000,0.0000
2KGIIBZ6DGIH,Diaper & Potty Training,BOAELWNUEF5B,PLA_Campaign-2026-04-18-Langot,langotya,4,0,0.0000,0.0000,0,0,0.0000,0.0000,0.0000,0.0000,0.0000,0.0000
2KGIIBZ6DGIH,Diaper & Potty Training,BOAELWNUEF5B,PLA_Campaign-2026-04-18-Langot,padded panty for baby,4,0,0.0000,0.0000,0,0,0.0000,0.0000,0.0000,0.0000,0.0000,0.0000
2KGIIBZ6DGIH,Diaper & Potty Training,BOAELWNUEF5B,PLA_Campaign-2026-04-18-Langot,waterproof cloth,4,0,0.0000,0.0000,0,0,0.0000,0.0000,0.0000,0.0000,0.0000,0.0000
2KGIIBZ6DGIH,Diaper & Potty Training,BOAELWNUEF5B,PLA_Campaign-2026-04-18-Langot,langot for boys,4,0,0.0000,0.0000,0,0,0.0000,0.0000,0.0000,0.0000,0.0000,0.0000
2KGIIBZ6DGIH,Diaper & Potty Training,BOAELWNUEF5B,PLA_Campaign-2026-04-18-Langot,padded langot for new born baby boy combo,4,0,0.0000,0.0000,0,0,0.0000,0.0000,0.0000,0.0000,0.0000,0.0000
2KGIIBZ6DGIH,Diaper & Potty Training,BOAELWNUEF5B,PLA_Campaign-2026-04-18-Langot,new born baby langot set cotton combo kids,4,0,0.0000,0.0000,0,0,0.0000,0.0000,0.0000,0.0000,0.0000,0.0000
2KGIIBZ6DGIH,Diaper & Potty Training,BOAELWNUEF5B,PLA_Campaign-2026-04-18-Langot,new born baby langot with inner set cotton,4,0,0.0000,0.0000,0,0,0.0000,0.0000,0.0000,0.0000,0.0000,0.0000
2KGIIBZ6DGIH,Diaper & Potty Training,BOAELWNUEF5B,PLA_Campaign-2026-04-18-Langot,3 layer cotton cloth nappy,4,1,1.4300,25.0000,0,0,0.0000,0.0000,0.0000,0.0000,0.0000,1.4300
2KGIIBZ6DGIH,Diaper & Potty Training,BOAELWNUEF5B,PLA_Campaign-2026-04-18-Langot,baby langot waterproof nappies,4,0,0.0000,0.0000,0,0,0.0000,0.0000,0.0000,0.0000,0.0000,0.0000
2KGIIBZ6DGIH,Diaper & Potty Training,BOAELWNUEF5B,PLA_Campaign-2026-04-18-Langot,cloth diaper elastic,4,0,0.0000,0.0000,0,0,0.0000,0.0000,0.0000,0.0000,0.0000,0.0000
2KGIIBZ6DGIH,Diaper & Potty Training,BOAELWNUEF5B,PLA_Campaign-2026-04-18-Langot,langot girl,4,0,0.0000,0.0000,0,0,0.0000,0.0000,0.0000,0.0000,0.0000,0.0000
2KGIIBZ6DGIH,Diaper & Potty Training,BOAELWNUEF5B,PLA_Campaign-2026-04-18-Langot,waterproof nappy for baby,4,0,0.0000,0.0000,0,0,0.0000,0.0000,0.0000,0.0000,0.0000,0.0000
2KGIIBZ6DGIH,Diaper & Potty Training,BOAELWNUEF5B,PLA_Campaign-2026-04-18-Langot,langot for baby 0 6 month,4,0,0.0000,0.0000,0,0,0.0000,0.0000,0.0000,0.0000,0.0000,0.0000
2KGIIBZ6DGIH,Diaper & Potty Training,BOAELWNUEF5B,PLA_Campaign-2026-04-18-Langot,cotton padded langots for newborn babies in protection,4,0,0.0000,0.0000,0,0,0.0000,0.0000,0.0000,0.0000,0.0000,0.0000
2KGIIBZ6DGIH,Diaper & Potty Training,BOAELWNUEF5B,PLA_Campaign-2026-04-18-Langot,padded nappy premium,4,0,0.0000,0.0000,0,0,0.0000,0.0000,0.0000,0.0000,0.0000,0.0000
2KGIIBZ6DGIH,Diaper & Potty Training,BOAELWNUEF5B,PLA_Campaign-2026-04-18-Langot,boy baby,4,0,0.0000,0.0000,0,0,0.0000,0.0000,0.0000,0.0000,0.0000,0.0000
2KGIIBZ6DGIH,Diaper & Potty Training,BOAELWNUEF5B,PLA_Campaign-2026-04-18-Langot,Jhablas langot,4,0,0.0000,0.0000,0,0,0.0000,0.0000,0.0000,0.0000,0.0000,0.0000
2KGIIBZ6DGIH,Diaper & Potty Training,BOAELWNUEF5B,PLA_Campaign-2026-04-18-Langot,cotton baby cloth,4,0,0.0000,0.0000,0,0,0.0000,0.0000,0.0000,0.0000,0.0000,0.0000
2KGIIBZ6DGIH,Diaper & Potty Training,BOAELWNUEF5B,PLA_Campaign-2026-04-18-Langot,type baby diapers waterproof,4,0,0.0000,0.0000,0,0,0.0000,0.0000,0.0000,0.0000,0.0000,0.0000
2KGIIBZ6DGIH,Diaper & Potty Training,BOAELWNUEF5B,PLA_Campaign-2026-04-18-Langot,luvlap langot,4,0,0.0000,0.0000,0,0,0.0000,0.0000,0.0000,0.0000,0.0000,0.0000
2KGIIBZ6DGIH,Diaper & Potty Training,BOAELWNUEF5B,PLA_Campaign-2026-04-18-Langot,Cotton padded langot,4,0,0.0000,0.0000,0,0,0.0000,0.0000,0.0000,0.0000,0.0000,0.0000
2KGIIBZ6DGIH,Diaper & Potty Training,BOAELWNUEF5B,PLA_Campaign-2026-04-18-Langot,red colored,4,0,0.0000,0.0000,0,0,0.0000,0.0000,0.0000,0.0000,0.0000,0.0000
2KGIIBZ6DGIH,Diaper & Potty Training,BOAELWNUEF5B,PLA_Campaign-2026-04-18-Langot,New baby cotton langoti,4,0,0.0000,0.0000,0,0,0.0000,0.0000,0.0000,0.0000,0.0000,0.0000
2KGIIBZ6DGIH,Diaper & Potty Training,BOAELWNUEF5B,PLA_Campaign-2026-04-18-Langot,Baby longot,4,0,0.0000,0.0000,0,0,0.0000,0.0000,0.0000,0.0000,0.0000,0.0000
2KGIIBZ6DGIH,Diaper & Potty Training,BOAELWNUEF5B,PLA_Campaign-2026-04-18-Langot,Cotton clothes diaper,4,1,1.4300,25.0000,0,0,0.0000,0.0000,0.0000,0.0000,0.0000,1.4300
2KGIIBZ6DGIH,Diaper & Potty Training,BOAELWNUEF5B,PLA_Campaign-2026-04-18-Langot,new born baby langot set cotton kids,4,0,0.0000,0.0000,0,0,0.0000,0.0000,0.0000,0.0000,0.0000,0.0000
2KGIIBZ6DGIH,Diaper & Potty Training,BOAELWNUEF5B,PLA_Campaign-2026-04-18-Langot,new born baby napkin cloth,4,0,0.0000,0.0000,0,0,0.0000,0.0000,0.0000,0.0000,0.0000,0.0000
2KGIIBZ6DGIH,Diaper & Potty Training,BOAELWNUEF5B,PLA_Campaign-2026-04-18-Langot,cloth new born baby boy gift,4,0,0.0000,0.0000,0,0,0.0000,0.0000,0.0000,0.0000,0.0000,0.0000
2KGIIBZ6DGIH,Diaper & Potty Training,BOAELWNUEF5B,PLA_Campaign-2026-04-18-Langot,Cheapest langot,4,0,0.0000,0.0000,0,0,0.0000,0.0000,0.0000,0.0000,0.0000,0.0000
2KGIIBZ6DGIH,Diaper & Potty Training,BOAELWNUEF5B,PLA_Campaign-2026-04-18-Langot,baby cloth cotton diaper,4,1,1.4300,25.0000,0,0,0.0000,0.0000,0.0000,0.0000,0.0000,1.4300
2KGIIBZ6DGIH,Diaper & Potty Training,BOAELWNUEF5B,PLA_Campaign-2026-04-18-Langot,New baby langot,4,0,0.0000,0.0000,0,0,0.0000,0.0000,0.0000,0.0000,0.0000,0.0000
2KGIIBZ6DGIH,Diaper & Potty Training,BOAELWNUEF5B,PLA_Campaign-2026-04-18-Langot,new born baby girl langot 0 month,4,0,0.0000,0.0000,0,0,0.0000,0.0000,0.0000,0.0000,0.0000,0.0000
2KGIIBZ6DGIH,Diaper & Potty Training,BOAELWNUEF5B,PLA_Campaign-2026-04-18-Langot,diaper waterproof clothes for baby,4,0,0.0000,0.0000,0,0,0.0000,0.0000,0.0000,0.0000,0.0000,0.0000
2KGIIBZ6DGIH,Diaper & Potty Training,BOAELWNUEF5B,PLA_Campaign-2026-04-18-Langot,new born cotton diaper,4,0,0.0000,0.0000,0,0,0.0000,0.0000,0.0000,0.0000,0.0000,0.0000
2KGIIBZ6DGIH,Diaper & Potty Training,BOAELWNUEF5B,PLA_Campaign-2026-04-18-Langot,padded nappy cotton,4,0,0.0000,0.0000,0,0,0.0000,0.0000,0.0000,0.0000,0.0000,0.0000
2KGIIBZ6DGIH,Diaper & Potty Training,BOAELWNUEF5B,PLA_Campaign-2026-04-18-Langot,Cotton cloth for new born,4,0,0.0000,0.0000,0,0,0.0000,0.0000,0.0000,0.0000,0.0000,0.0000
2KGIIBZ6DGIH,Diaper & Potty Training,BOAELWNUEF5B,PLA_Campaign-2026-04-18-Langot,Padded langots for new born,4,0,0.0000,0.0000,0,0,0.0000,0.0000,0.0000,0.0000,0.0000,0.0000
2KGIIBZ6DGIH,Diaper & Potty Training,BOAELWNUEF5B,PLA_Campaign-2026-04-18-Langot,Baby cotton pad,4,0,0.0000,0.0000,0,0,0.0000,0.0000,0.0000,0.0000,0.0000,0.0000
2KGIIBZ6DGIH,Diaper & Potty Training,BOAELWNUEF5B,PLA_Campaign-2026-04-18-Langot,Pack of langot,4,0,0.0000,0.0000,0,0,0.0000,0.0000,0.0000,0.0000,0.0000,0.0000
2KGIIBZ6DGIH,Diaper & Potty Training,BOAELWNUEF5B,PLA_Campaign-2026-04-18-Langot,white langot,4,0,0.0000,0.0000,0,0,0.0000,0.0000,0.0000,0.0000,0.0000,0.0000
2KGIIBZ6DGIH,Diaper & Potty Training,BOAELWNUEF5B,PLA_Campaign-2026-04-18-Langot,Cotton nappy for newborn,4,1,1.4300,25.0000,0,0,0.0000,0.0000,0.0000,0.0000,0.0000,1.4300
2KGIIBZ6DGIH,Diaper & Potty Training,BOAELWNUEF5B,PLA_Campaign-2026-04-18-Langot,Baby langot white,4,0,0.0000,0.0000,0,0,0.0000,0.0000,0.0000,0.0000,0.0000,0.0000
2KGIIBZ6DGIH,Diaper & Potty Training,BOAELWNUEF5B,PLA_Campaign-2026-04-18-Langot,langot of cotton,4,0,0.0000,0.0000,0,0,0.0000,0.0000,0.0000,0.0000,0.0000,0.0000
2KGIIBZ6DGIH,Diaper & Potty Training,BOAELWNUEF5B,PLA_Campaign-2026-04-18-Langot,waterproof,4,0,0.0000,0.0000,0,0,0.0000,0.0000,0.0000,0.0000,0.0000,0.0000
2KGIIBZ6DGIH,Diaper & Potty Training,BOAELWNUEF5B,PLA_Campaign-2026-04-18-Langot,baby langoti cotton waterproof bed,4,0,0.0000,0.0000,0,0,0.0000,0.0000,0.0000,0.0000,0.0000,0.0000
2KGIIBZ6DGIH,Diaper & Potty Training,BOAELWNUEF5B,PLA_Campaign-2026-04-18-Langot,Infant washable langot,4,0,0.0000,0.0000,0,0,0.0000,0.0000,0.0000,0.0000,0.0000,0.0000
2KGIIBZ6DGIH,Diaper & Potty Training,BOAELWNUEF5B,PLA_Campaign-2026-04-18-Langot,dry free langot,4,1,1.4300,25.0000,0,0,0.0000,0.0000,0.0000,0.0000,0.0000,1.4300
2KGIIBZ6DGIH,Diaper & Potty Training,BOAELWNUEF5B,PLA_Campaign-2026-04-18-Langot,new born langoti,4,1,1.4300,25.0000,0,0,0.0000,0.0000,0.0000,0.0000,0.0000,1.4300
2KGIIBZ6DGIH,Diaper & Potty Training,BOAELWNUEF5B,PLA_Campaign-2026-04-18-Langot,baby nappy pure cotton pad,4,0,0.0000,0.0000,0,0,0.0000,0.0000,0.0000,0.0000,0.0000,0.0000
2KGIIBZ6DGIH,Diaper & Potty Training,BOAELWNUEF5B,PLA_Campaign-2026-04-18-Langot,baby waterproof diaper,4,0,0.0000,0.0000,0,0,0.0000,0.0000,0.0000,0.0000,0.0000,0.0000
2KGIIBZ6DGIH,Diaper & Potty Training,BOAELWNUEF5B,PLA_Campaign-2026-04-18-Langot,boys langot,4,0,0.0000,0.0000,0,0,0.0000,0.0000,0.0000,0.0000,0.0000,0.0000
2KGIIBZ6DGIH,Diaper & Potty Training,BOAELWNUEF5B,PLA_Campaign-2026-04-18-Langot,cotton for boys sports,4,0,0.0000,0.0000,0,0,0.0000,0.0000,0.0000,0.0000,0.0000,0.0000
2KGIIBZ6DGIH,Diaper & Potty Training,BOAELWNUEF5B,PLA_Campaign-2026-04-18-Langot,brown padded for new,4,0,0.0000,0.0000,0,0,0.0000,0.0000,0.0000,0.0000,0.0000,0.0000
2KGIIBZ6DGIH,Diaper & Potty Training,BOAELWNUEF5B,PLA_Campaign-2026-04-18-Langot,Langot large size,4,1,1.4300,25.0000,0,0,0.0000,0.0000,0.0000,0.0000,0.0000,1.4300
2KGIIBZ6DGIH,Diaper & Potty Training,BOAELWNUEF5B,PLA_Campaign-2026-04-18-Langot,padded new born cloth nappy,4,0,0.0000,0.0000,0,0,0.0000,0.0000,0.0000,0.0000,0.0000,0.0000
2KGIIBZ6DGIH,Diaper & Potty Training,BOAELWNUEF5B,PLA_Campaign-2026-04-18-Langot,baby moo cloth nappy,4,0,0.0000,0.0000,0,0,0.0000,0.0000,0.0000,0.0000,0.0000,0.0000
2KGIIBZ6DGIH,Diaper & Potty Training,BOAELWNUEF5B,PLA_Campaign-2026-04-18-Langot,Dry langot,4,0,0.0000,0.0000,0,0,0.0000,0.0000,0.0000,0.0000,0.0000,0.0000
2KGIIBZ6DGIH,Diaper & Potty Training,BOAELWNUEF5B,PLA_Campaign-2026-04-18-Langot,new born baby small,4,0,0.0000,0.0000,0,0,0.0000,0.0000,0.0000,0.0000,0.0000,0.0000
2KGIIBZ6DGIH,Diaper & Potty Training,BOAELWNUEF5B,PLA_Campaign-2026-04-18-Langot,little padded cotton nappies,4,0,0.0000,0.0000,0,0,0.0000,0.0000,0.0000,0.0000,0.0000,0.0000
2KGIIBZ6DGIH,Diaper & Potty Training,BOAELWNUEF5B,PLA_Campaign-2026-04-18-Langot,Plastic langot,4,0,0.0000,0.0000,0,0,0.0000,0.0000,0.0000,0.0000,0.0000,0.0000
2KGIIBZ6DGIH,Diaper & Potty Training,BOAELWNUEF5B,PLA_Campaign-2026-04-18-Langot,combo,4,0,0.0000,0.0000,0,0,0.0000,0.0000,0.0000,0.0000,0.0000,0.0000
2KGIIBZ6DGIH,Diaper & Potty Training,BOAELWNUEF5B,PLA_Campaign-2026-04-18-Langot,bumberry smart nappy,4,0,0.0000,0.0000,0,0,0.0000,0.0000,0.0000,0.0000,0.0000,0.0000
2KGIIBZ6DGIH,Diaper & Potty Training,BOAELWNUEF5B,PLA_Campaign-2026-04-18-Langot,langot for 10 years kids,4,0,0.0000,0.0000,0,0,0.0000,0.0000,0.0000,0.0000,0.0000,0.0000
2KGIIBZ6DGIH,Diaper & Potty Training,BOAELWNUEF5B,PLA_Campaign-2026-04-18-Langot,baby cloth diapers padded 7,4,0,0.0000,0.0000,0,0,0.0000,0.0000,0.0000,0.0000,0.0000,0.0000
2KGIIBZ6DGIH,Diaper & Potty Training,BOAELWNUEF5B,PLA_Campaign-2026-04-18-Langot,baby muslin padded langots,4,0,0.0000,0.0000,0,0,0.0000,0.0000,0.0000,0.0000,0.0000,0.0000
2KGIIBZ6DGIH,Diaper & Potty Training,BOAELWNUEF5B,PLA_Campaign-2026-04-18-Langot,newborn baby clothes pure cotton langot,4,0,0.0000,0.0000,0,0,0.0000,0.0000,0.0000,0.0000,0.0000,0.0000
2KGIIBZ6DGIH,Diaper & Potty Training,BOAELWNUEF5B,PLA_Campaign-2026-04-18-Langot,Cotton langots,4,1,1.4300,25.0000,0,0,0.0000,0.0000,0.0000,0.0000,0.0000,1.4300
2KGIIBZ6DGIH,Diaper & Potty Training,BOAELWNUEF5B,PLA_Campaign-2026-04-18-Langot,baby cloth new born combo,4,0,0.0000,0.0000,0,0,0.0000,0.0000,0.0000,0.0000,0.0000,0.0000
2KGIIBZ6DGIH,Diaper & Potty Training,BOAELWNUEF5B,PLA_Campaign-2026-04-18-Langot,Uno dry feel langot,4,1,1.4300,25.0000,0,0,0.0000,0.0000,0.0000,0.0000,0.0000,1.4300
2KGIIBZ6DGIH,Diaper & Potty Training,BOAELWNUEF5B,PLA_Campaign-2026-04-18-Langot,Padded cotton nappies newborn,4,0,0.0000,0.0000,0,0,0.0000,0.0000,0.0000,0.0000,0.0000,0.0000
2KGIIBZ6DGIH,Diaper & Potty Training,BOAELWNUEF5B,PLA_Campaign-2026-04-18-Langot,Cotton Langot,4,0,0.0000,0.0000,0,0,0.0000,0.0000,0.0000,0.0000,0.0000,0.0000
2KGIIBZ6DGIH,Diaper & Potty Training,BOAELWNUEF5B,PLA_Campaign-2026-04-18-Langot,pampers cloth,4,0,0.0000,0.0000,0,0,0.0000,0.0000,0.0000,0.0000,0.0000,0.0000
2KGIIBZ6DGIH,Diaper & Potty Training,BOAELWNUEF5B,PLA_Campaign-2026-04-18-Langot,cloth diapers for baby 1.5 year elastic,4,0,0.0000,0.0000,0,0,0.0000,0.0000,0.0000,0.0000,0.0000,0.0000
2KGIIBZ6DGIH,Diaper & Potty Training,BOAELWNUEF5B,PLA_Campaign-2026-04-18-Langot,Baby nappy diaper,4,0,0.0000,0.0000,0,0,0.0000,0.0000,0.0000,0.0000,0.0000,0.0000
2KGIIBZ6DGIH,Diaper & Potty Training,BOAELWNUEF5B,PLA_Campaign-2026-04-18-Langot,langot without thread for baby,4,0,0.0000,0.0000,0,0,0.0000,0.0000,0.0000,0.0000,0.0000,0.0000
2KGIIBZ6DGIH,Diaper & Potty Training,BOAELWNUEF5B,PLA_Campaign-2026-04-18-Langot,Langot pads,4,0,0.0000,0.0000,0,0,0.0000,0.0000,0.0000,0.0000,0.0000,0.0000
2KGIIBZ6DGIH,Diaper & Potty Training,BOAELWNUEF5B,PLA_Campaign-2026-04-18-Langot,cotton langots,4,0,0.0000,0.0000,0,0,0.0000,0.0000,0.0000,0.0000,0.0000,0.0000
2KGIIBZ6DGIH,Diaper & Potty Training,BOAELWNUEF5B,PLA_Campaign-2026-04-18-Langot,rubber cloth for baby,4,0,0.0000,0.0000,0,0,0.0000,0.0000,0.0000,0.0000,0.0000,0.0000
2KGIIBZ6DGIH,Diaper & Potty Training,BOAELWNUEF5B,PLA_Campaign-2026-04-18-Langot,baby hug dryfeel,4,0,0.0000,0.0000,0,0,0.0000,0.0000,0.0000,0.0000,0.0000,0.0000
2KGIIBZ6DGIH,Diaper & Potty Training,BOAELWNUEF5B,PLA_Campaign-2026-04-18-Langot,langot under 300,3,0,0.0000,0.0000,0,0,0.0000,0.0000,0.0000,0.0000,0.0000,0.0000
2KGIIBZ6DGIH,Diaper & Potty Training,BOAELWNUEF5B,PLA_Campaign-2026-04-18-Langot,baby dry pad,3,0,0.0000,0.0000,0,0,0.0000,0.0000,0.0000,0.0000,0.0000,0.0000
2KGIIBZ6DGIH,Diaper & Potty Training,BOAELWNUEF5B,PLA_Campaign-2026-04-18-Langot,langota for kids,3,1,1.4300,33.3333,0,0,0.0000,0.0000,0.0000,0.0000,0.0000,1.4300
2KGIIBZ6DGIH,Diaper & Potty Training,BOAELWNUEF5B,PLA_Campaign-2026-04-18-Langot,langot large size,3,0,0.0000,0.0000,0,0,0.0000,0.0000,0.0000,0.0000,0.0000,0.0000
2KGIIBZ6DGIH,Diaper & Potty Training,BOAELWNUEF5B,PLA_Campaign-2026-04-18-Langot,baby langot years 5 4 to 3,3,0,0.0000,0.0000,0,0,0.0000,0.0000,0.0000,0.0000,0.0000,0.0000
2KGIIBZ6DGIH,Diaper & Potty Training,BOAELWNUEF5B,PLA_Campaign-2026-04-18-Langot,2 year baby langot cotton,3,1,1.4300,33.3333,0,0,0.0000,0.0000,0.0000,0.0000,0.0000,1.4300
2KGIIBZ6DGIH,Diaper & Potty Training,BOAELWNUEF5B,PLA_Campaign-2026-04-18-Langot,Baby Nappy,3,0,0.0000,0.0000,0,0,0.0000,0.0000,0.0000,0.0000,0.0000,0.0000
2KGIIBZ6DGIH,Diaper & Potty Training,BOAELWNUEF5B,PLA_Campaign-2026-04-18-Langot,new born clothes,3,0,0.0000,0.0000,0,0,0.0000,0.0000,0.0000,0.0000,0.0000,0.0000
2KGIIBZ6DGIH,Diaper & Potty Training,BOAELWNUEF5B,PLA_Campaign-2026-04-18-Langot,new born baby diaper in cotton,3,0,0.0000,0.0000,0,0,0.0000,0.0000,0.0000,0.0000,0.0000,0.0000
2KGIIBZ6DGIH,Diaper & Potty Training,BOAELWNUEF5B,PLA_Campaign-2026-04-18-Langot,baby boy nappies,3,0,0.0000,0.0000,0,0,0.0000,0.0000,0.0000,0.0000,0.0000,0.0000
2KGIIBZ6DGIH,Diaper & Potty Training,BOAELWNUEF5B,PLA_Campaign-2026-04-18-Langot,2 months baby boy lagot,3,0,0.0000,0.0000,0,0,0.0000,0.0000,0.0000,0.0000,0.0000,0.0000
2KGIIBZ6DGIH,Diaper & Potty Training,BOAELWNUEF5B,PLA_Campaign-2026-04-18-Langot,Orange langot kid,3,0,0.0000,0.0000,0,0,0.0000,0.0000,0.0000,0.0000,0.0000,0.0000
2KGIIBZ6DGIH,Diaper & Potty Training,BOAELWNUEF5B,PLA_Campaign-2026-04-18-Langot,langoti baby cotton,3,0,0.0000,0.0000,0,0,0.0000,0.0000,0.0000,0.0000,0.0000,0.0000
2KGIIBZ6DGIH,Diaper & Potty Training,BOAELWNUEF5B,PLA_Campaign-2026-04-18-Langot,Langot diaper,3,0,0.0000,0.0000,0,0,0.0000,0.0000,0.0000,0.0000,0.0000,0.0000
2KGIIBZ6DGIH,Diaper & Potty Training,BOAELWNUEF5B,PLA_Campaign-2026-04-18-Langot,new born baby dry langot cotton,3,0,0.0000,0.0000,0,0,0.0000,0.0000,0.0000,0.0000,0.0000,0.0000
2KGIIBZ6DGIH,Diaper & Potty Training,BOAELWNUEF5B,PLA_Campaign-2026-04-18-Langot,white cotton for baby boys,3,0,0.0000,0.0000,0,0,0.0000,0.0000,0.0000,0.0000,0.0000,0.0000
2KGIIBZ6DGIH,Diaper & Potty Training,BOAELWNUEF5B,PLA_Campaign-2026-04-18-Langot,baby boy cotton langot,3,0,0.0000,0.0000,0,0,0.0000,0.0000,0.0000,0.0000,0.0000,0.0000
2KGIIBZ6DGIH,Diaper & Potty Training,BOAELWNUEF5B,PLA_Campaign-2026-04-18-Langot,Langotti new born white,3,0,0.0000,0.0000,0,0,0.0000,0.0000,0.0000,0.0000,0.0000,0.0000
2KGIIBZ6DGIH,Diaper & Potty Training,BOAELWNUEF5B,PLA_Campaign-2026-04-18-Langot,baby langoti shirt,3,0,0.0000,0.0000,0,0,0.0000,0.0000,0.0000,0.0000,0.0000,0.0000
2KGIIBZ6DGIH,Diaper & Potty Training,BOAELWNUEF5B,PLA_Campaign-2026-04-18-Langot,print men,3,0,0.0000,0.0000,0,0,0.0000,0.0000,0.0000,0.0000,0.0000,0.0000
2KGIIBZ6DGIH,Diaper & Potty Training,BOAELWNUEF5B,PLA_Campaign-2026-04-18-Langot,New born cotton nappy,3,0,0.0000,0.0000,0,0,0.0000,0.0000,0.0000,0.0000,0.0000,0.0000
2KGIIBZ6DGIH,Diaper & Potty Training,BOAELWNUEF5B,PLA_Campaign-2026-04-18-Langot,0 to 1 year baby langot,3,0,0.0000,0.0000,0,0,0.0000,0.0000,0.0000,0.0000,0.0000,0.0000
2KGIIBZ6DGIH,Diaper & Potty Training,BOAELWNUEF5B,PLA_Campaign-2026-04-18-Langot,baby girl water proof nappy,3,0,0.0000,0.0000,0,0,0.0000,0.0000,0.0000,0.0000,0.0000,0.0000
2KGIIBZ6DGIH,Diaper & Potty Training,BOAELWNUEF5B,PLA_Campaign-2026-04-18-Langot,cotton langot for one year boy,3,0,0.0000,0.0000,0,0,0.0000,0.0000,0.0000,0.0000,0.0000,0.0000
2KGIIBZ6DGIH,Diaper & Potty Training,BOAELWNUEF5B,PLA_Campaign-2026-04-18-Langot,cotton nappies,3,0,0.0000,0.0000,0,0,0.0000,0.0000,0.0000,0.0000,0.0000,0.0000
2KGIIBZ6DGIH,Diaper & Potty Training,BOAELWNUEF5B,PLA_Campaign-2026-04-18-Langot,New born Baby longot,3,0,0.0000,0.0000,0,0,0.0000,0.0000,0.0000,0.0000,0.0000,0.0000
2KGIIBZ6DGIH,Diaper & Potty Training,BOAELWNUEF5B,PLA_Campaign-2026-04-18-Langot,cotton nappy for newborn 6 set baby,3,0,0.0000,0.0000,0,0,0.0000,0.0000,0.0000,0.0000,0.0000,0.0000
2KGIIBZ6DGIH,Diaper & Potty Training,BOAELWNUEF5B,PLA_Campaign-2026-04-18-Langot,nappy for newborn padded,3,0,0.0000,0.0000,0,0,0.0000,0.0000,0.0000,0.0000,0.0000,0.0000
2KGIIBZ6DGIH,Diaper & Potty Training,BOAELWNUEF5B,PLA_Campaign-2026-04-18-Langot,dry feel cloth diaper,3,0,0.0000,0.0000,0,0,0.0000,0.0000,0.0000,0.0000,0.0000,0.0000
2KGIIBZ6DGIH,Diaper & Potty Training,BOAELWNUEF5B,PLA_Campaign-2026-04-18-Langot,diaper with waterproof,3,0,0.0000,0.0000,0,0,0.0000,0.0000,0.0000,0.0000,0.0000,0.0000
2KGIIBZ6DGIH,Diaper & Potty Training,BOAELWNUEF5B,PLA_Campaign-2026-04-18-Langot,white nappies for 2 years baby girl,3,0,0.0000,0.0000,0,0,0.0000,0.0000,0.0000,0.0000,0.0000,0.0000
2KGIIBZ6DGIH,Diaper & Potty Training,BOAELWNUEF5B,PLA_Campaign-2026-04-18-Langot,newborn baby leg cloth,3,0,0.0000,0.0000,0,0,0.0000,0.0000,0.0000,0.0000,0.0000,0.0000
2KGIIBZ6DGIH,Diaper & Potty Training,BOAELWNUEF5B,PLA_Campaign-2026-04-18-Langot,cotton diaper,3,0,0.0000,0.0000,0,0,0.0000,0.0000,0.0000,0.0000,0.0000,0.0000
2KGIIBZ6DGIH,Diaper & Potty Training,BOAELWNUEF5B,PLA_Campaign-2026-04-18-Langot,new born baby langot double layer,3,0,0.0000,0.0000,0,0,0.0000,0.0000,0.0000,0.0000,0.0000,0.0000
2KGIIBZ6DGIH,Diaper & Potty Training,BOAELWNUEF5B,PLA_Campaign-2026-04-18-Langot,padded langot for 4 month baby,3,0,0.0000,0.0000,0,0,0.0000,0.0000,0.0000,0.0000,0.0000,0.0000
2KGIIBZ6DGIH,Diaper & Potty Training,BOAELWNUEF5B,PLA_Campaign-2026-04-18-Langot,Newborn baby cloth diaper,3,0,0.0000,0.0000,0,0,0.0000,0.0000,0.0000,0.0000,0.0000,0.0000
2KGIIBZ6DGIH,Diaper & Potty Training,BOAELWNUEF5B,PLA_Campaign-2026-04-18-Langot,Baby extra large langot,3,0,0.0000,0.0000,0,0,0.0000,0.0000,0.0000,0.0000,0.0000,0.0000
2KGIIBZ6DGIH,Diaper & Potty Training,BOAELWNUEF5B,PLA_Campaign-2026-04-18-Langot,fancy walas cloth diapers nappy,3,0,0.0000,0.0000,0,0,0.0000,0.0000,0.0000,0.0000,0.0000,0.0000
2KGIIBZ6DGIH,Diaper & Potty Training,BOAELWNUEF5B,PLA_Campaign-2026-04-18-Langot,cloth padded diaper,3,0,0.0000,0.0000,0,0,0.0000,0.0000,0.0000,0.0000,0.0000,0.0000
2KGIIBZ6DGIH,Diaper & Potty Training,BOAELWNUEF5B,PLA_Campaign-2026-04-18-Langot,padded cotton nappies for new born,3,0,0.0000,0.0000,0,0,0.0000,0.0000,0.0000,0.0000,0.0000,0.0000
2KGIIBZ6DGIH,Diaper & Potty Training,BOAELWNUEF5B,PLA_Campaign-2026-04-18-Langot,infant cotton cloth langot,3,0,0.0000,0.0000,0,0,0.0000,0.0000,0.0000,0.0000,0.0000,0.0000
2KGIIBZ6DGIH,Diaper & Potty Training,BOAELWNUEF5B,PLA_Campaign-2026-04-18-Langot,cloth diapers for baby newborn baby,3,0,0.0000,0.0000,0,0,0.0000,0.0000,0.0000,0.0000,0.0000,0.0000
2KGIIBZ6DGIH,Diaper & Potty Training,BOAELWNUEF5B,PLA_Campaign-2026-04-18-Langot,nappy for newborn cotton,3,0,0.0000,0.0000,0,0,0.0000,0.0000,0.0000,0.0000,0.0000,0.0000
2KGIIBZ6DGIH,Diaper & Potty Training,BOAELWNUEF5B,PLA_Campaign-2026-04-18-Langot,Pad langoti,3,0,0.0000,0.0000,0,0,0.0000,0.0000,0.0000,0.0000,0.0000,0.0000
2KGIIBZ6DGIH,Diaper & Potty Training,BOAELWNUEF5B,PLA_Campaign-2026-04-18-Langot,Baby langots cotton,3,0,0.0000,0.0000,0,0,0.0000,0.0000,0.0000,0.0000,0.0000,0.0000
2KGIIBZ6DGIH,Diaper & Potty Training,BOAELWNUEF5B,PLA_Campaign-2026-04-18-Langot,Lagot baby,3,0,0.0000,0.0000,0,0,0.0000,0.0000,0.0000,0.0000,0.0000,0.0000
2KGIIBZ6DGIH,Diaper & Potty Training,BOAELWNUEF5B,PLA_Campaign-2026-04-18-Langot,cotton diaper langot for baby,3,0,0.0000,0.0000,0,0,0.0000,0.0000,0.0000,0.0000,0.0000,0.0000
2KGIIBZ6DGIH,Diaper & Potty Training,BOAELWNUEF5B,PLA_Campaign-2026-04-18-Langot,home organic,3,0,0.0000,0.0000,0,0,0.0000,0.0000,0.0000,0.0000,0.0000,0.0000
2KGIIBZ6DGIH,Diaper & Potty Training,BOAELWNUEF5B,PLA_Campaign-2026-04-18-Langot,Superbottoms langots,3,0,0.0000,0.0000,0,0,0.0000,0.0000,0.0000,0.0000,0.0000,0.0000
2KGIIBZ6DGIH,Diaper & Potty Training,BOAELWNUEF5B,PLA_Campaign-2026-04-18-Langot,small boy,3,0,0.0000,0.0000,0,0,0.0000,0.0000,0.0000,0.0000,0.0000,0.0000
2KGIIBZ6DGIH,Diaper & Potty Training,BOAELWNUEF5B,PLA_Campaign-2026-04-18-Langot,baby girl langot,3,0,0.0000,0.0000,0,0,0.0000,0.0000,0.0000,0.0000,0.0000,0.0000
2KGIIBZ6DGIH,Diaper & Potty Training,BOAELWNUEF5B,PLA_Campaign-2026-04-18-Langot,superbottoms langot,3,1,1.4300,33.3333,0,0,0.0000,0.0000,0.0000,0.0000,0.0000,1.4300
2KGIIBZ6DGIH,Diaper & Potty Training,BOAELWNUEF5B,PLA_Campaign-2026-04-18-Langot,Baby hug cloth,3,0,0.0000,0.0000,0,0,0.0000,0.0000,0.0000,0.0000,0.0000,0.0000
2KGIIBZ6DGIH,Diaper & Potty Training,BOAELWNUEF5B,PLA_Campaign-2026-04-18-Langot,langot for 3 to 6 months baby dry,3,0,0.0000,0.0000,0,0,0.0000,0.0000,0.0000,0.0000,0.0000,0.0000
2KGIIBZ6DGIH,Diaper & Potty Training,BOAELWNUEF5B,PLA_Campaign-2026-04-18-Langot,langot colour,3,0,0.0000,0.0000,0,0,0.0000,0.0000,0.0000,0.0000,0.0000,0.0000
2KGIIBZ6DGIH,Diaper & Potty Training,BOAELWNUEF5B,PLA_Campaign-2026-04-18-Langot,diptchy enterprises baby cotton langot,3,0,0.0000,0.0000,0,0,0.0000,0.0000,0.0000,0.0000,0.0000,0.0000
2KGIIBZ6DGIH,Diaper & Potty Training,BOAELWNUEF5B,PLA_Campaign-2026-04-18-Langot,reusable langot,3,0,0.0000,0.0000,0,0,0.0000,0.0000,0.0000,0.0000,0.0000,0.0000
2KGIIBZ6DGIH,Diaper & Potty Training,BOAELWNUEF5B,PLA_Campaign-2026-04-18-Langot,cloth diaper small,3,0,0.0000,0.0000,0,0,0.0000,0.0000,0.0000,0.0000,0.0000,0.0000
2KGIIBZ6DGIH,Diaper & Potty Training,BOAELWNUEF5B,PLA_Campaign-2026-04-18-Langot,newborn baby item nappy,3,0,0.0000,0.0000,0,0,0.0000,0.0000,0.0000,0.0000,0.0000,0.0000
2KGIIBZ6DGIH,Diaper & Potty Training,BOAELWNUEF5B,PLA_Campaign-2026-04-18-Langot,Padded langot medium size,3,1,1.4300,33.3333,0,0,0.0000,0.0000,0.0000,0.0000,0.0000,1.4300
2KGIIBZ6DGIH,Diaper & Potty Training,BOAELWNUEF5B,PLA_Campaign-2026-04-18-Langot,Homnix langot,3,0,0.0000,0.0000,0,0,0.0000,0.0000,0.0000,0.0000,0.0000,0.0000
2KGIIBZ6DGIH,Diaper & Potty Training,BOAELWNUEF5B,PLA_Campaign-2026-04-18-Langot,langot for baby girl cotton,3,0,0.0000,0.0000,0,0,0.0000,0.0000,0.0000,0.0000,0.0000,0.0000
2KGIIBZ6DGIH,Diaper & Potty Training,BOAELWNUEF5B,PLA_Campaign-2026-04-18-Langot,size cotton,3,1,1.4300,33.3333,0,0,0.0000,0.0000,0.0000,0.0000,0.0000,1.4300
2KGIIBZ6DGIH,Diaper & Potty Training,BOAELWNUEF5B,PLA_Campaign-2026-04-18-Langot,langot newborn baby,3,0,0.0000,0.0000,0,0,0.0000,0.0000,0.0000,0.0000,0.0000,0.0000
2KGIIBZ6DGIH,Diaper & Potty Training,BOAELWNUEF5B,PLA_Campaign-2026-04-18-Langot,safjee baby cloth diaper,3,1,1.4300,33.3333,0,0,0.0000,0.0000,0.0000,0.0000,0.0000,1.4300
2KGIIBZ6DGIH,Diaper & Potty Training,BOAELWNUEF5B,PLA_Campaign-2026-04-18-Langot,Plain white cloth for new born,3,0,0.0000,0.0000,0,0,0.0000,0.0000,0.0000,0.0000,0.0000,0.0000
2KGIIBZ6DGIH,Diaper & Potty Training,BOAELWNUEF5B,PLA_Campaign-2026-04-18-Langot,langot for 6 to 12 months baby button type,3,0,0.0000,0.0000,0,0,0.0000,0.0000,0.0000,0.0000,0.0000,0.0000
2KGIIBZ6DGIH,Diaper & Potty Training,BOAELWNUEF5B,PLA_Campaign-2026-04-18-Langot,Newborn baby cotton np,3,0,0.0000,0.0000,0,0,0.0000,0.0000,0.0000,0.0000,0.0000,0.0000
2KGIIBZ6DGIH,Diaper & Potty Training,BOAELWNUEF5B,PLA_Campaign-2026-04-18-Langot,Black langot for kids,3,0,0.0000,0.0000,0,0,0.0000,0.0000,0.0000,0.0000,0.0000,0.0000
2KGIIBZ6DGIH,Diaper & Potty Training,BOAELWNUEF5B,PLA_Campaign-2026-04-18-Langot,Baby padded nappy medium,3,0,0.0000,0.0000,0,0,0.0000,0.0000,0.0000,0.0000,0.0000,0.0000
2KGIIBZ6DGIH,Diaper & Potty Training,BOAELWNUEF5B,PLA_Campaign-2026-04-18-Langot,baby swimming waterproof,3,0,0.0000,0.0000,0,0,0.0000,0.0000,0.0000,0.0000,0.0000,0.0000
2KGIIBZ6DGIH,Diaper & Potty Training,BOAELWNUEF5B,PLA_Campaign-2026-04-18-Langot,white nappy for newborn,3,0,0.0000,0.0000,0,0,0.0000,0.0000,0.0000,0.0000,0.0000,0.0000
2KGIIBZ6DGIH,Diaper & Potty Training,BOAELWNUEF5B,PLA_Campaign-2026-04-18-Langot,newborn cloth langot,3,0,0.0000,0.0000,0,0,0.0000,0.0000,0.0000,0.0000,0.0000,0.0000
2KGIIBZ6DGIH,Diaper & Potty Training,BOAELWNUEF5B,PLA_Campaign-2026-04-18-Langot,plastic diaper,3,1,1.4300,33.3333,0,0,0.0000,0.0000,0.0000,0.0000,0.0000,1.4300
2KGIIBZ6DGIH,Diaper & Potty Training,BOAELWNUEF5B,PLA_Campaign-2026-04-18-Langot,first step,3,0,0.0000,0.0000,0,0,0.0000,0.0000,0.0000,0.0000,0.0000,0.0000
2KGIIBZ6DGIH,Diaper & Potty Training,BOAELWNUEF5B,PLA_Campaign-2026-04-18-Langot,Boy,3,0,0.0000,0.0000,0,0,0.0000,0.0000,0.0000,0.0000,0.0000,0.0000
2KGIIBZ6DGIH,Diaper & Potty Training,BOAELWNUEF5B,PLA_Campaign-2026-04-18-Langot,langota kids for small,3,0,0.0000,0.0000,0,0,0.0000,0.0000,0.0000,0.0000,0.0000,0.0000
2KGIIBZ6DGIH,Diaper & Potty Training,BOAELWNUEF5B,PLA_Campaign-2026-04-18-Langot,langots for baby girl,3,0,0.0000,0.0000,0,0,0.0000,0.0000,0.0000,0.0000,0.0000,0.0000
2KGIIBZ6DGIH,Diaper & Potty Training,BOAELWNUEF5B,PLA_Campaign-2026-04-18-Langot,cotton langot cloth,3,0,0.0000,0.0000,0,0,0.0000,0.0000,0.0000,0.0000,0.0000,0.0000
2KGIIBZ6DGIH,Diaper & Potty Training,BOAELWNUEF5B,PLA_Campaign-2026-04-18-Langot,baby boy 2 year old,3,0,0.0000,0.0000,0,0,0.0000,0.0000,0.0000,0.0000,0.0000,0.0000
2KGIIBZ6DGIH,Diaper & Potty Training,BOAELWNUEF5B,PLA_Campaign-2026-04-18-Langot,Cotton langot for 6 to 12 months baby,3,0,0.0000,0.0000,0,0,0.0000,0.0000,0.0000,0.0000,0.0000,0.0000
2KGIIBZ6DGIH,Diaper & Potty Training,BOAELWNUEF5B,PLA_Campaign-2026-04-18-Langot,langoti for new born baby,3,0,0.0000,0.0000,0,0,0.0000,0.0000,0.0000,0.0000,0.0000,0.0000
2KGIIBZ6DGIH,Diaper & Potty Training,BOAELWNUEF5B,PLA_Campaign-2026-04-18-Langot,washable diapers waterproof new born baby,3,0,0.0000,0.0000,0,0,0.0000,0.0000,0.0000,0.0000,0.0000,0.0000
2KGIIBZ6DGIH,Diaper & Potty Training,BOAELWNUEF5B,PLA_Campaign-2026-04-18-Langot,Cloth new born,3,0,0.0000,0.0000,0,0,0.0000,0.0000,0.0000,0.0000,0.0000,0.0000
2KGIIBZ6DGIH,Diaper & Potty Training,BOAELWNUEF5B,PLA_Campaign-2026-04-18-Langot,velcro langot for 2 years baby,3,0,0.0000,0.0000,0,0,0.0000,0.0000,0.0000,0.0000,0.0000,0.0000
2KGIIBZ6DGIH,Diaper & Potty Training,BOAELWNUEF5B,PLA_Campaign-2026-04-18-Langot,boy lagota,3,0,0.0000,0.0000,0,0,0.0000,0.0000,0.0000,0.0000,0.0000,0.0000
2KGIIBZ6DGIH,Diaper & Potty Training,BOAELWNUEF5B,PLA_Campaign-2026-04-18-Langot,dryfeel langot for baby,3,0,0.0000,0.0000,0,0,0.0000,0.0000,0.0000,0.0000,0.0000,0.0000
2KGIIBZ6DGIH,Diaper & Potty Training,BOAELWNUEF5B,PLA_Campaign-2026-04-18-Langot,langot for boy,3,0,0.0000,0.0000,0,0,0.0000,0.0000,0.0000,0.0000,0.0000,0.0000
2KGIIBZ6DGIH,Diaper & Potty Training,BOAELWNUEF5B,PLA_Campaign-2026-04-18-Langot,walas cloth diapers nappy fancy,3,0,0.0000,0.0000,0,0,0.0000,0.0000,0.0000,0.0000,0.0000,0.0000
2KGIIBZ6DGIH,Diaper & Potty Training,BOAELWNUEF5B,PLA_Campaign-2026-04-18-Langot,cotton baby nappies,3,0,0.0000,0.0000,0,0,0.0000,0.0000,0.0000,0.0000,0.0000,0.0000
2KGIIBZ6DGIH,Diaper & Potty Training,BOAELWNUEF5B,PLA_Campaign-2026-04-18-Langot,baby nappy padded,3,1,1.4300,33.3333,0,0,0.0000,0.0000,0.0000,0.0000,0.0000,1.4300
2KGIIBZ6DGIH,Diaper & Potty Training,BOAELWNUEF5B,PLA_Campaign-2026-04-18-Langot,little boo nappy for newborn,3,0,0.0000,0.0000,0,0,0.0000,0.0000,0.0000,0.0000,0.0000,0.0000
2KGIIBZ6DGIH,Diaper & Potty Training,BOAELWNUEF5B,PLA_Campaign-2026-04-18-Langot,4 month baby langot,3,0,0.0000,0.0000,0,0,0.0000,0.0000,0.0000,0.0000,0.0000,0.0000
2KGIIBZ6DGIH,Diaper & Potty Training,BOAELWNUEF5B,PLA_Campaign-2026-04-18-Langot,New born baby cloth diaper,3,0,0.0000,0.0000,0,0,0.0000,0.0000,0.0000,0.0000,0.0000,0.0000
2KGIIBZ6DGIH,Diaper & Potty Training,BOAELWNUEF5B,PLA_Campaign-2026-04-18-Langot,Newborn baby nappies langot,3,0,0.0000,0.0000,0,0,0.0000,0.0000,0.0000,0.0000,0.0000,0.0000
2KGIIBZ6DGIH,Diaper & Potty Training,BOAELWNUEF5B,PLA_Campaign-2026-04-18-Langot,new born baby cloth diapers cotton,3,0,0.0000,0.0000,0,0,0.0000,0.0000,0.0000,0.0000,0.0000,0.0000
2KGIIBZ6DGIH,Diaper & Potty Training,BOAELWNUEF5B,PLA_Campaign-2026-04-18-Langot,new born baby diapers 0 size cotton,3,0,0.0000,0.0000,0,0,0.0000,0.0000,0.0000,0.0000,0.0000,0.0000
2KGIIBZ6DGIH,Diaper & Potty Training,BOAELWNUEF5B,PLA_Campaign-2026-04-18-Langot,Kids need langot,3,0,0.0000,0.0000,0,0,0.0000,0.0000,0.0000,0.0000,0.0000,0.0000
2KGIIBZ6DGIH,Diaper & Potty Training,BOAELWNUEF5B,PLA_Campaign-2026-04-18-Langot,Swimming waterproof diaper,3,0,0.0000,0.0000,0,0,0.0000,0.0000,0.0000,0.0000,0.0000,0.0000
2KGIIBZ6DGIH,Diaper & Potty Training,BOAELWNUEF5B,PLA_Campaign-2026-04-18-Langot,baby girl langot 2 years,3,2,1.4300,66.6667,0,0,0.0000,0.0000,0.0000,0.0000,0.0000,2.8600
2KGIIBZ6DGIH,Diaper & Potty Training,BOAELWNUEF5B,PLA_Campaign-2026-04-18-Langot,muslin clothes nappy pack 4,2,0,0.0000,0.0000,0,0,0.0000,0.0000,0.0000,0.0000,0.0000,0.0000
2KGIIBZ6DGIH,Diaper & Potty Training,BOAELWNUEF5B,PLA_Campaign-2026-04-18-Langot,Boys langot,2,0,0.0000,0.0000,0,0,0.0000,0.0000,0.0000,0.0000,0.0000,0.0000
2KGIIBZ6DGIH,Diaper & Potty Training,BOAELWNUEF5B,PLA_Campaign-2026-04-18-Langot,Red colour langot,2,0,0.0000,0.0000,0,0,0.0000,0.0000,0.0000,0.0000,0.0000,0.0000
2KGIIBZ6DGIH,Diaper & Potty Training,BOAELWNUEF5B,PLA_Campaign-2026-04-18-Langot,Nappy for baby,2,1,1.4300,50.0000,0,0,0.0000,0.0000,0.0000,0.0000,0.0000,1.4300
2KGIIBZ6DGIH,Diaper & Potty Training,BOAELWNUEF5B,PLA_Campaign-2026-04-18-Langot,baby cloth diapers new born,2,0,0.0000,0.0000,0,0,0.0000,0.0000,0.0000,0.0000,0.0000,0.0000
2KGIIBZ6DGIH,Diaper & Potty Training,BOAELWNUEF5B,PLA_Campaign-2026-04-18-Langot,3 year old,2,0,0.0000,0.0000,0,0,0.0000,0.0000,0.0000,0.0000,0.0000,0.0000
2KGIIBZ6DGIH,Diaper & Potty Training,BOAELWNUEF5B,PLA_Campaign-2026-04-18-Langot,baby diaper shirt waterproof,2,0,0.0000,0.0000,0,0,0.0000,0.0000,0.0000,0.0000,0.0000,0.0000
2KGIIBZ6DGIH,Diaper & Potty Training,BOAELWNUEF5B,PLA_Campaign-2026-04-18-Langot,born baby langot cotton new,2,0,0.0000,0.0000,0,0,0.0000,0.0000,0.0000,0.0000,0.0000,0.0000
2KGIIBZ6DGIH,Diaper & Potty Training,BOAELWNUEF5B,PLA_Campaign-2026-04-18-Langot,homnix langot 5 10,2,1,1.4300,50.0000,0,0,0.0000,0.0000,0.0000,0.0000,0.0000,1.4300
2KGIIBZ6DGIH,Diaper & Potty Training,BOAELWNUEF5B,PLA_Campaign-2026-04-18-Langot,baby small,2,0,0.0000,0.0000,0,0,0.0000,0.0000,0.0000,0.0000,0.0000,0.0000
2KGIIBZ6DGIH,Diaper & Potty Training,BOAELWNUEF5B,PLA_Campaign-2026-04-18-Langot,nappy white cloth,2,0,0.0000,0.0000,0,0,0.0000,0.0000,0.0000,0.0000,0.0000,0.0000
2KGIIBZ6DGIH,Diaper & Potty Training,BOAELWNUEF5B,PLA_Campaign-2026-04-18-Langot,Baby nappies,2,0,0.0000,0.0000,0,0,0.0000,0.0000,0.0000,0.0000,0.0000,0.0000
2KGIIBZ6DGIH,Diaper & Potty Training,BOAELWNUEF5B,PLA_Campaign-2026-04-18-Langot,Padded nappy,2,0,0.0000,0.0000,0,0,0.0000,0.0000,0.0000,0.0000,0.0000,0.0000
2KGIIBZ6DGIH,Diaper & Potty Training,BOAELWNUEF5B,PLA_Campaign-2026-04-18-Langot,langot for newborn baby boy,2,0,0.0000,0.0000,0,0,0.0000,0.0000,0.0000,0.0000,0.0000,0.0000
2KGIIBZ6DGIH,Diaper & Potty Training,BOAELWNUEF5B,PLA_Campaign-2026-04-18-Langot,Born baby langot,2,1,1.4300,50.0000,0,0,0.0000,0.0000,0.0000,0.0000,0.0000,1.4300
2KGIIBZ6DGIH,Diaper & Potty Training,BOAELWNUEF5B,PLA_Campaign-2026-04-18-Langot,baby langot pure waterproof,2,0,0.0000,0.0000,0,0,0.0000,0.0000,0.0000,0.0000,0.0000,0.0000
2KGIIBZ6DGIH,Diaper & Potty Training,BOAELWNUEF5B,PLA_Campaign-2026-04-18-Langot,double layer nappy cotton,2,0,0.0000,0.0000,0,0,0.0000,0.0000,0.0000,0.0000,0.0000,0.0000
2KGIIBZ6DGIH,Diaper & Potty Training,BOAELWNUEF5B,PLA_Campaign-2026-04-18-Langot,cotton diapers,2,0,0.0000,0.0000,0,0,0.0000,0.0000,0.0000,0.0000,0.0000,0.0000
2KGIIBZ6DGIH,Diaper & Potty Training,BOAELWNUEF5B,PLA_Campaign-2026-04-18-Langot,langot diapers,2,0,0.0000,0.0000,0,0,0.0000,0.0000,0.0000,0.0000,0.0000,0.0000
2KGIIBZ6DGIH,Diaper & Potty Training,BOAELWNUEF5B,PLA_Campaign-2026-04-18-Langot,cloth water size zero book 2,2,0,0.0000,0.0000,0,0,0.0000,0.0000,0.0000,0.0000,0.0000,0.0000
2KGIIBZ6DGIH,Diaper & Potty Training,BOAELWNUEF5B,PLA_Campaign-2026-04-18-Langot,cloth diaper langot,2,0,0.0000,0.0000,0,0,0.0000,0.0000,0.0000,0.0000,0.0000,0.0000
2KGIIBZ6DGIH,Diaper & Potty Training,BOAELWNUEF5B,PLA_Campaign-2026-04-18-Langot,new born baby white cotton,2,0,0.0000,0.0000,0,0,0.0000,0.0000,0.0000,0.0000,0.0000,0.0000
2KGIIBZ6DGIH,Diaper & Potty Training,BOAELWNUEF5B,PLA_Campaign-2026-04-18-Langot,baby langot muslin cloth,2,1,1.4300,50.0000,0,0,0.0000,0.0000,0.0000,0.0000,0.0000,1.4300
2KGIIBZ6DGIH,Diaper & Potty Training,BOAELWNUEF5B,PLA_Campaign-2026-04-18-Langot,napkin,2,0,0.0000,0.0000,0,0,0.0000,0.0000,0.0000,0.0000,0.0000,0.0000
2KGIIBZ6DGIH,Diaper & Potty Training,BOAELWNUEF5B,PLA_Campaign-2026-04-18-Langot,langot for baby having cotton layer,2,0,0.0000,0.0000,0,0,0.0000,0.0000,0.0000,0.0000,0.0000,0.0000
2KGIIBZ6DGIH,Diaper & Potty Training,BOAELWNUEF5B,PLA_Campaign-2026-04-18-Langot,new born baby langoot,2,0,0.0000,0.0000,0,0,0.0000,0.0000,0.0000,0.0000,0.0000,0.0000
2KGIIBZ6DGIH,Diaper & Potty Training,BOAELWNUEF5B,PLA_Campaign-2026-04-18-Langot,diaper,2,0,0.0000,0.0000,0,0,0.0000,0.0000,0.0000,0.0000,0.0000,0.0000
2KGIIBZ6DGIH,Diaper & Potty Training,BOAELWNUEF5B,PLA_Campaign-2026-04-18-Langot,Newborn baby cloth fancy,2,0,0.0000,0.0000,0,0,0.0000,0.0000,0.0000,0.0000,0.0000,0.0000
2KGIIBZ6DGIH,Diaper & Potty Training,BOAELWNUEF5B,PLA_Campaign-2026-04-18-Langot,Newborn baby X series,2,0,0.0000,0.0000,0,0,0.0000,0.0000,0.0000,0.0000,0.0000,0.0000
2KGIIBZ6DGIH,Diaper & Potty Training,BOAELWNUEF5B,PLA_Campaign-2026-04-18-Langot,Dry cloth baby,2,0,0.0000,0.0000,0,0,0.0000,0.0000,0.0000,0.0000,0.0000,0.0000
2KGIIBZ6DGIH,Diaper & Potty Training,BOAELWNUEF5B,PLA_Campaign-2026-04-18-Langot,baby boy cotton diaper,2,0,0.0000,0.0000,0,0,0.0000,0.0000,0.0000,0.0000,0.0000,0.0000
2KGIIBZ6DGIH,Diaper & Potty Training,BOAELWNUEF5B,PLA_Campaign-2026-04-18-Langot,Newborn baby boy,2,0,0.0000,0.0000,0,0,0.0000,0.0000,0.0000,0.0000,0.0000,0.0000
2KGIIBZ6DGIH,Diaper & Potty Training,BOAELWNUEF5B,PLA_Campaign-2026-04-18-Langot,zero size langot kids baby,2,0,0.0000,0.0000,0,0,0.0000,0.0000,0.0000,0.0000,0.0000,0.0000
2KGIIBZ6DGIH,Diaper & Potty Training,BOAELWNUEF5B,PLA_Campaign-2026-04-18-Langot,padded langot for infant,2,0,0.0000,0.0000,0,0,0.0000,0.0000,0.0000,0.0000,0.0000,0.0000
2KGIIBZ6DGIH,Diaper & Potty Training,BOAELWNUEF5B,PLA_Campaign-2026-04-18-Langot,baby cloth pack 5,2,0,0.0000,0.0000,0,0,0.0000,0.0000,0.0000,0.0000,0.0000,0.0000
2KGIIBZ6DGIH,Diaper & Potty Training,BOAELWNUEF5B,PLA_Campaign-2026-04-18-Langot,yellow diaper,2,0,0.0000,0.0000,0,0,0.0000,0.0000,0.0000,0.0000,0.0000,0.0000
2KGIIBZ6DGIH,Diaper & Potty Training,BOAELWNUEF5B,PLA_Campaign-2026-04-18-Langot,newborn cotton langot,2,0,0.0000,0.0000,0,0,0.0000,0.0000,0.0000,0.0000,0.0000,0.0000
2KGIIBZ6DGIH,Diaper & Potty Training,BOAELWNUEF5B,PLA_Campaign-2026-04-18-Langot,muslin cloth langot for baby boy,2,1,1.4300,50.0000,0,0,0.0000,0.0000,0.0000,0.0000,0.0000,1.4300
2KGIIBZ6DGIH,Diaper & Potty Training,BOAELWNUEF5B,PLA_Campaign-2026-04-18-Langot,langot elastic,2,0,0.0000,0.0000,0,0,0.0000,0.0000,0.0000,0.0000,0.0000,0.0000
2KGIIBZ6DGIH,Diaper & Potty Training,BOAELWNUEF5B,PLA_Campaign-2026-04-18-Langot,Langot trial kit dry feel langots,2,0,0.0000,0.0000,0,0,0.0000,0.0000,0.0000,0.0000,0.0000,0.0000
2KGIIBZ6DGIH,Diaper & Potty Training,BOAELWNUEF5B,PLA_Campaign-2026-04-18-Langot,cloth diaper for newborn double layer,2,0,0.0000,0.0000,0,0,0.0000,0.0000,0.0000,0.0000,0.0000,0.0000
2KGIIBZ6DGIH,Diaper & Potty Training,BOAELWNUEF5B,PLA_Campaign-2026-04-18-Langot,New baby cotton langoti baby hug langoti,2,0,0.0000,0.0000,0,0,0.0000,0.0000,0.0000,0.0000,0.0000,0.0000
2KGIIBZ6DGIH,Diaper & Potty Training,BOAELWNUEF5B,PLA_Campaign-2026-04-18-Langot,new born nappies,2,0,0.0000,0.0000,0,0,0.0000,0.0000,0.0000,0.0000,0.0000,0.0000
2KGIIBZ6DGIH,Diaper & Potty Training,BOAELWNUEF5B,PLA_Campaign-2026-04-18-Langot,new born baby diapers cotton cloth 0 size,2,0,0.0000,0.0000,0,0,0.0000,0.0000,0.0000,0.0000,0.0000,0.0000
2KGIIBZ6DGIH,Diaper & Potty Training,BOAELWNUEF5B,PLA_Campaign-2026-04-18-Langot,boys kg cloth,2,0,0.0000,0.0000,0,0,0.0000,0.0000,0.0000,0.0000,0.0000,0.0000
2KGIIBZ6DGIH,Diaper & Potty Training,BOAELWNUEF5B,PLA_Campaign-2026-04-18-Langot,jhula cloth,2,0,0.0000,0.0000,0,0,0.0000,0.0000,0.0000,0.0000,0.0000,0.0000
2KGIIBZ6DGIH,Diaper & Potty Training,BOAELWNUEF5B,PLA_Campaign-2026-04-18-Langot,superbottoms dry feel langot pack,2,0,0.0000,0.0000,0,0,0.0000,0.0000,0.0000,0.0000,0.0000,0.0000
2KGIIBZ6DGIH,Diaper & Potty Training,BOAELWNUEF5B,PLA_Campaign-2026-04-18-Langot,cloth for boy,2,0,0.0000,0.0000,0,0,0.0000,0.0000,0.0000,0.0000,0.0000,0.0000
2KGIIBZ6DGIH,Diaper & Potty Training,BOAELWNUEF5B,PLA_Campaign-2026-04-18-Langot,nappy cloth,2,0,0.0000,0.0000,0,0,0.0000,0.0000,0.0000,0.0000,0.0000,0.0000
2KGIIBZ6DGIH,Diaper & Potty Training,BOAELWNUEF5B,PLA_Campaign-2026-04-18-Langot,cloth diapers for baby combo,2,1,1.4300,50.0000,0,0,0.0000,0.0000,0.0000,0.0000,0.0000,1.4300
2KGIIBZ6DGIH,Diaper & Potty Training,BOAELWNUEF5B,PLA_Campaign-2026-04-18-Langot,sponge langot,2,0,0.0000,0.0000,0,0,0.0000,0.0000,0.0000,0.0000,0.0000,0.0000
2KGIIBZ6DGIH,Diaper & Potty Training,BOAELWNUEF5B,PLA_Campaign-2026-04-18-Langot,newborn boys baby items,2,0,0.0000,0.0000,0,0,0.0000,0.0000,0.0000,0.0000,0.0000,0.0000
2KGIIBZ6DGIH,Diaper & Potty Training,BOAELWNUEF5B,PLA_Campaign-2026-04-18-Langot,Nappy for new born,2,0,0.0000,0.0000,0,0,0.0000,0.0000,0.0000,0.0000,0.0000,0.0000
2KGIIBZ6DGIH,Diaper & Potty Training,BOAELWNUEF5B,PLA_Campaign-2026-04-18-Langot,new born waterproof langot,2,0,0.0000,0.0000,0,0,0.0000,0.0000,0.0000,0.0000,0.0000,0.0000
2KGIIBZ6DGIH,Diaper & Potty Training,BOAELWNUEF5B,PLA_Campaign-2026-04-18-Langot,Padded langots,2,0,0.0000,0.0000,0,0,0.0000,0.0000,0.0000,0.0000,0.0000,0.0000
2KGIIBZ6DGIH,Diaper & Potty Training,BOAELWNUEF5B,PLA_Campaign-2026-04-18-Langot,new born cotton clothes combo langoti,2,0,0.0000,0.0000,0,0,0.0000,0.0000,0.0000,0.0000,0.0000,0.0000
2KGIIBZ6DGIH,Diaper & Potty Training,BOAELWNUEF5B,PLA_Campaign-2026-04-18-Langot,langot with elastic for baby,2,0,0.0000,0.0000,0,0,0.0000,0.0000,0.0000,0.0000,0.0000,0.0000
2KGIIBZ6DGIH,Diaper & Potty Training,BOAELWNUEF5B,PLA_Campaign-2026-04-18-Langot,washable langot,2,0,0.0000,0.0000,0,0,0.0000,0.0000,0.0000,0.0000,0.0000,0.0000
2KGIIBZ6DGIH,Diaper & Potty Training,BOAELWNUEF5B,PLA_Campaign-2026-04-18-Langot,zero size kids baby booties soft,2,0,0.0000,0.0000,0,0,0.0000,0.0000,0.0000,0.0000,0.0000,0.0000
2KGIIBZ6DGIH,Diaper & Potty Training,BOAELWNUEF5B,PLA_Campaign-2026-04-18-Langot,padded nappy tovosat,2,0,0.0000,0.0000,0,0,0.0000,0.0000,0.0000,0.0000,0.0000,0.0000
2KGIIBZ6DGIH,Diaper & Potty Training,BOAELWNUEF5B,PLA_Campaign-2026-04-18-Langot,cotton diaper for baby without nappy,2,0,0.0000,0.0000,0,0,0.0000,0.0000,0.0000,0.0000,0.0000,0.0000
2KGIIBZ6DGIH,Diaper & Potty Training,BOAELWNUEF5B,PLA_Campaign-2026-04-18-Langot,elastic cloth,2,0,0.0000,0.0000,0,0,0.0000,0.0000,0.0000,0.0000,0.0000,0.0000
2KGIIBZ6DGIH,Diaper & Potty Training,BOAELWNUEF5B,PLA_Campaign-2026-04-18-Langot,baby girl water proof nappy large size,2,0,0.0000,0.0000,0,0,0.0000,0.0000,0.0000,0.0000,0.0000,0.0000
2KGIIBZ6DGIH,Diaper & Potty Training,BOAELWNUEF5B,PLA_Campaign-2026-04-18-Langot,new born baby nappy water proof,2,0,0.0000,0.0000,0,0,0.0000,0.0000,0.0000,0.0000,0.0000,0.0000
2KGIIBZ6DGIH,Diaper & Potty Training,BOAELWNUEF5B,PLA_Campaign-2026-04-18-Langot,Muslin cotton langot,2,0,0.0000,0.0000,0,0,0.0000,0.0000,0.0000,0.0000,0.0000,0.0000
2KGIIBZ6DGIH,Diaper & Potty Training,BOAELWNUEF5B,PLA_Campaign-2026-04-18-Langot,Cartoon printed cotton langot,2,0,0.0000,0.0000,0,0,0.0000,0.0000,0.0000,0.0000,0.0000,0.0000
2KGIIBZ6DGIH,Diaper & Potty Training,BOAELWNUEF5B,PLA_Campaign-2026-04-18-Langot,newborn baby item summer cotton combo,2,0,0.0000,0.0000,0,0,0.0000,0.0000,0.0000,0.0000,0.0000,0.0000
2KGIIBZ6DGIH,Diaper & Potty Training,BOAELWNUEF5B,PLA_Campaign-2026-04-18-Langot,baby cloth nappy,2,0,0.0000,0.0000,0,0,0.0000,0.0000,0.0000,0.0000,0.0000,0.0000
2KGIIBZ6DGIH,Diaper & Potty Training,BOAELWNUEF5B,PLA_Campaign-2026-04-18-Langot,Large langot for baby,2,0,0.0000,0.0000,0,0,0.0000,0.0000,0.0000,0.0000,0.0000,0.0000
2KGIIBZ6DGIH,Diaper & Potty Training,BOAELWNUEF5B,PLA_Campaign-2026-04-18-Langot,0 size boy langot,2,0,0.0000,0.0000,0,0,0.0000,0.0000,0.0000,0.0000,0.0000,0.0000
2KGIIBZ6DGIH,Diaper & Potty Training,BOAELWNUEF5B,PLA_Campaign-2026-04-18-Langot,cotton langot for baby 3 6 month,2,0,0.0000,0.0000,0,0,0.0000,0.0000,0.0000,0.0000,0.0000,0.0000
2KGIIBZ6DGIH,Diaper & Potty Training,BOAELWNUEF5B,PLA_Campaign-2026-04-18-Langot,newborn baby gift pack for girls,2,0,0.0000,0.0000,0,0,0.0000,0.0000,0.0000,0.0000,0.0000,0.0000
2KGIIBZ6DGIH,Diaper & Potty Training,BOAELWNUEF5B,PLA_Campaign-2026-04-18-Langot,diaper pad for baby,2,0,0.0000,0.0000,0,0,0.0000,0.0000,0.0000,0.0000,0.0000,0.0000
2KGIIBZ6DGIH,Diaper & Potty Training,BOAELWNUEF5B,PLA_Campaign-2026-04-18-Langot,organic langot padded,2,1,1.4300,50.0000,0,0,0.0000,0.0000,0.0000,0.0000,0.0000,1.4300
2KGIIBZ6DGIH,Diaper & Potty Training,BOAELWNUEF5B,PLA_Campaign-2026-04-18-Langot,Best dryfeel langot boy,2,0,0.0000,0.0000,0,0,0.0000,0.0000,0.0000,0.0000,0.0000,0.0000
2KGIIBZ6DGIH,Diaper & Potty Training,BOAELWNUEF5B,PLA_Campaign-2026-04-18-Langot,new born diaper cloth,2,0,0.0000,0.0000,0,0,0.0000,0.0000,0.0000,0.0000,0.0000,0.0000
2KGIIBZ6DGIH,Diaper & Potty Training,BOAELWNUEF5B,PLA_Campaign-2026-04-18-Langot,plain langot for kids,2,0,0.0000,0.0000,0,0,0.0000,0.0000,0.0000,0.0000,0.0000,0.0000
2KGIIBZ6DGIH,Diaper & Potty Training,BOAELWNUEF5B,PLA_Campaign-2026-04-18-Langot,cotton langot for newborn combo,2,0,0.0000,0.0000,0,0,0.0000,0.0000,0.0000,0.0000,0.0000,0.0000
2KGIIBZ6DGIH,Diaper & Potty Training,BOAELWNUEF5B,PLA_Campaign-2026-04-18-Langot,langot for newborn 0 to 3 months,2,0,0.0000,0.0000,0,0,0.0000,0.0000,0.0000,0.0000,0.0000,0.0000
2KGIIBZ6DGIH,Diaper & Potty Training,BOAELWNUEF5B,PLA_Campaign-2026-04-18-Langot,new born baby langots,2,0,0.0000,0.0000,0,0,0.0000,0.0000,0.0000,0.0000,0.0000,0.0000
2KGIIBZ6DGIH,Diaper & Potty Training,BOAELWNUEF5B,PLA_Campaign-2026-04-18-Langot,baby mittens and langot,2,0,0.0000,0.0000,0,0,0.0000,0.0000,0.0000,0.0000,0.0000,0.0000
2KGIIBZ6DGIH,Diaper & Potty Training,BOAELWNUEF5B,PLA_Campaign-2026-04-18-Langot,Baby langot washing,2,0,0.0000,0.0000,0,0,0.0000,0.0000,0.0000,0.0000,0.0000,0.0000
2KGIIBZ6DGIH,Diaper & Potty Training,BOAELWNUEF5B,PLA_Campaign-2026-04-18-Langot,cotton langot 4.5 month baby girl,2,0,0.0000,0.0000,0,0,0.0000,0.0000,0.0000,0.0000,0.0000,0.0000
2KGIIBZ6DGIH,Diaper & Potty Training,BOAELWNUEF5B,PLA_Campaign-2026-04-18-Langot,Smart baby 0 month cloth,2,0,0.0000,0.0000,0,0,0.0000,0.0000,0.0000,0.0000,0.0000,0.0000
2KGIIBZ6DGIH,Diaper & Potty Training,BOAELWNUEF5B,PLA_Campaign-2026-04-18-Langot,white small,2,0,0.0000,0.0000,0,0,0.0000,0.0000,0.0000,0.0000,0.0000,0.0000
2KGIIBZ6DGIH,Diaper & Potty Training,BOAELWNUEF5B,PLA_Campaign-2026-04-18-Langot,baby cotton longot,2,0,0.0000,0.0000,0,0,0.0000,0.0000,0.0000,0.0000,0.0000,0.0000
2KGIIBZ6DGIH,Diaper & Potty Training,BOAELWNUEF5B,PLA_Campaign-2026-04-18-Langot,white,2,1,1.4300,50.0000,0,0,0.0000,0.0000,0.0000,0.0000,0.0000,1.4300
2KGIIBZ6DGIH,Diaper & Potty Training,BOAELWNUEF5B,PLA_Campaign-2026-04-18-Langot,brown baby cloth dry new,2,0,0.0000,0.0000,0,0,0.0000,0.0000,0.0000,0.0000,0.0000,0.0000
2KGIIBZ6DGIH,Diaper & Potty Training,BOAELWNUEF5B,PLA_Campaign-2026-04-18-Langot,langot for 1 year kids,2,0,0.0000,0.0000,0,0,0.0000,0.0000,0.0000,0.0000,0.0000,0.0000
2KGIIBZ6DGIH,Diaper & Potty Training,BOAELWNUEF5B,PLA_Campaign-2026-04-18-Langot,baby langoti cotton for age 18 month girl,2,0,0.0000,0.0000,0,0,0.0000,0.0000,0.0000,0.0000,0.0000,0.0000
2KGIIBZ6DGIH,Diaper & Potty Training,BOAELWNUEF5B,PLA_Campaign-2026-04-18-Langot,new born baby cleaning cloth,2,0,0.0000,0.0000,0,0,0.0000,0.0000,0.0000,0.0000,0.0000,0.0000
2KGIIBZ6DGIH,Diaper & Potty Training,BOAELWNUEF5B,PLA_Campaign-2026-04-18-Langot,langot 0 month,2,0,0.0000,0.0000,0,0,0.0000,0.0000,0.0000,0.0000,0.0000,0.0000
2KGIIBZ6DGIH,Diaper & Potty Training,BOAELWNUEF5B,PLA_Campaign-2026-04-18-Langot,clothes diaper pack of 2,2,1,1.4300,50.0000,0,0,0.0000,0.0000,0.0000,0.0000,0.0000,1.4300
2KGIIBZ6DGIH,Diaper & Potty Training,BOAELWNUEF5B,PLA_Campaign-2026-04-18-Langot,langot for baby boy cotton kids combo,2,0,0.0000,0.0000,0,0,0.0000,0.0000,0.0000,0.0000,0.0000,0.0000
2KGIIBZ6DGIH,Diaper & Potty Training,BOAELWNUEF5B,PLA_Campaign-2026-04-18-Langot,cotton padded diaper,2,0,0.0000,0.0000,0,0,0.0000,0.0000,0.0000,0.0000,0.0000,0.0000
2KGIIBZ6DGIH,Diaper & Potty Training,BOAELWNUEF5B,PLA_Campaign-2026-04-18-Langot,baby langot branded,2,0,0.0000,0.0000,0,0,0.0000,0.0000,0.0000,0.0000,0.0000,0.0000
2KGIIBZ6DGIH,Diaper & Potty Training,BOAELWNUEF5B,PLA_Campaign-2026-04-18-Langot,dry cloth,2,0,0.0000,0.0000,0,0,0.0000,0.0000,0.0000,0.0000,0.0000,0.0000
2KGIIBZ6DGIH,Diaper & Potty Training,BOAELWNUEF5B,PLA_Campaign-2026-04-18-Langot,newborn baby cotton padded napkin,2,0,0.0000,0.0000,0,0,0.0000,0.0000,0.0000,0.0000,0.0000,0.0000
2KGIIBZ6DGIH,Diaper & Potty Training,BOAELWNUEF5B,PLA_Campaign-2026-04-18-Langot,Newborn baby cloth for,2,0,0.0000,0.0000,0,0,0.0000,0.0000,0.0000,0.0000,0.0000,0.0000
2KGIIBZ6DGIH,Diaper & Potty Training,BOAELWNUEF5B,PLA_Campaign-2026-04-18-Langot,baby hug cloth,2,0,0.0000,0.0000,0,0,0.0000,0.0000,0.0000,0.0000,0.0000,0.0000
2KGIIBZ6DGIH,Diaper & Potty Training,BOAELWNUEF5B,PLA_Campaign-2026-04-18-Langot,newborn,2,0,0.0000,0.0000,0,0,0.0000,0.0000,0.0000,0.0000,0.0000,0.0000
2KGIIBZ6DGIH,Diaper & Potty Training,BOAELWNUEF5B,PLA_Campaign-2026-04-18-Langot,5 month baby langot,2,0,0.0000,0.0000,0,0,0.0000,0.0000,0.0000,0.0000,0.0000,0.0000
2KGIIBZ6DGIH,Diaper & Potty Training,BOAELWNUEF5B,PLA_Campaign-2026-04-18-Langot,Reusable nappy with plastic cover,2,0,0.0000,0.0000,0,0,0.0000,0.0000,0.0000,0.0000,0.0000,0.0000
2KGIIBZ6DGIH,Diaper & Potty Training,BOAELWNUEF5B,PLA_Campaign-2026-04-18-Langot,Baby langot cotton,2,1,1.4300,50.0000,0,0,0.0000,0.0000,0.0000,0.0000,0.0000,1.4300
2KGIIBZ6DGIH,Diaper & Potty Training,BOAELWNUEF5B,PLA_Campaign-2026-04-18-Langot,White cloth new born baby,2,0,0.0000,0.0000,0,0,0.0000,0.0000,0.0000,0.0000,0.0000,0.0000
2KGIIBZ6DGIH,Diaper & Potty Training,BOAELWNUEF5B,PLA_Campaign-2026-04-18-Langot,boy,2,0,0.0000,0.0000,0,0,0.0000,0.0000,0.0000,0.0000,0.0000,0.0000
2KGIIBZ6DGIH,Diaper & Potty Training,BOAELWNUEF5B,PLA_Campaign-2026-04-18-Langot,new born langots,2,1,1.4300,50.0000,0,0,0.0000,0.0000,0.0000,0.0000,0.0000,1.4300
2KGIIBZ6DGIH,Diaper & Potty Training,BOAELWNUEF5B,PLA_Campaign-2026-04-18-Langot,Nappys,2,0,0.0000,0.0000,0,0,0.0000,0.0000,0.0000,0.0000,0.0000,0.0000
2KGIIBZ6DGIH,Diaper & Potty Training,BOAELWNUEF5B,PLA_Campaign-2026-04-18-Langot,Dry cotton pad New born,2,1,1.4300,50.0000,0,0,0.0000,0.0000,0.0000,0.0000,0.0000,1.4300
2KGIIBZ6DGIH,Diaper & Potty Training,BOAELWNUEF5B,PLA_Campaign-2026-04-18-Langot,waterproof nappy for newborn baby girl,2,0,0.0000,0.0000,0,0,0.0000,0.0000,0.0000,0.0000,0.0000,0.0000
2KGIIBZ6DGIH,Diaper & Potty Training,BOAELWNUEF5B,PLA_Campaign-2026-04-18-Langot,cotton padded nappies,2,0,0.0000,0.0000,0,0,0.0000,0.0000,0.0000,0.0000,0.0000,0.0000
2KGIIBZ6DGIH,Diaper & Potty Training,BOAELWNUEF5B,PLA_Campaign-2026-04-18-Langot,elastic for girls,2,0,0.0000,0.0000,0,0,0.0000,0.0000,0.0000,0.0000,0.0000,0.0000
2KGIIBZ6DGIH,Diaper & Potty Training,BOAELWNUEF5B,PLA_Campaign-2026-04-18-Langot,lagawata,2,0,0.0000,0.0000,0,0,0.0000,0.0000,0.0000,0.0000,0.0000,0.0000
2KGIIBZ6DGIH,Diaper & Potty Training,BOAELWNUEF5B,PLA_Campaign-2026-04-18-Langot,baby langhot,2,0,0.0000,0.0000,0,0,0.0000,0.0000,0.0000,0.0000,0.0000,0.0000
2KGIIBZ6DGIH,Diaper & Potty Training,BOAELWNUEF5B,PLA_Campaign-2026-04-18-Langot,Baby lagot,2,0,0.0000,0.0000,0,0,0.0000,0.0000,0.0000,0.0000,0.0000,0.0000
2KGIIBZ6DGIH,Diaper & Potty Training,BOAELWNUEF5B,PLA_Campaign-2026-04-18-Langot,white layers,2,0,0.0000,0.0000,0,0,0.0000,0.0000,0.0000,0.0000,0.0000,0.0000
2KGIIBZ6DGIH,Diaper & Potty Training,BOAELWNUEF5B,PLA_Campaign-2026-04-18-Langot,hokista baby nappy,2,0,0.0000,0.0000,0,0,0.0000,0.0000,0.0000,0.0000,0.0000,0.0000
2KGIIBZ6DGIH,Diaper & Potty Training,BOAELWNUEF5B,PLA_Campaign-2026-04-18-Langot,new born,2,1,1.4300,50.0000,0,0,0.0000,0.0000,0.0000,0.0000,0.0000,1.4300
2KGIIBZ6DGIH,Diaper & Potty Training,BOAELWNUEF5B,PLA_Campaign-2026-04-18-Langot,new born baby cloth shoes for combo,2,0,0.0000,0.0000,0,0,0.0000,0.0000,0.0000,0.0000,0.0000,0.0000
2KGIIBZ6DGIH,Diaper & Potty Training,BOAELWNUEF5B,PLA_Campaign-2026-04-18-Langot,new langot born baby cloth nappy,2,0,0.0000,0.0000,0,0,0.0000,0.0000,0.0000,0.0000,0.0000,0.0000
2KGIIBZ6DGIH,Diaper & Potty Training,BOAELWNUEF5B,PLA_Campaign-2026-04-18-Langot,New born baby girl nappy,2,0,0.0000,0.0000,0,0,0.0000,0.0000,0.0000,0.0000,0.0000,0.0000
2KGIIBZ6DGIH,Diaper & Potty Training,BOAELWNUEF5B,PLA_Campaign-2026-04-18-Langot,Cloth nappies new born,2,0,0.0000,0.0000,0,0,0.0000,0.0000,0.0000,0.0000,0.0000,0.0000
2KGIIBZ6DGIH,Diaper & Potty Training,BOAELWNUEF5B,PLA_Campaign-2026-04-18-Langot,baby underwear cloth diaper pack combo 6,2,0,0.0000,0.0000,0,0,0.0000,0.0000,0.0000,0.0000,0.0000,0.0000
2KGIIBZ6DGIH,Diaper & Potty Training,BOAELWNUEF5B,PLA_Campaign-2026-04-18-Langot,cotton nappy plain white,2,0,0.0000,0.0000,0,0,0.0000,0.0000,0.0000,0.0000,0.0000,0.0000
2KGIIBZ6DGIH,Diaper & Potty Training,BOAELWNUEF5B,PLA_Campaign-2026-04-18-Langot,new born langot padded,2,0,0.0000,0.0000,0,0,0.0000,0.0000,0.0000,0.0000,0.0000,0.0000
2KGIIBZ6DGIH,Diaper & Potty Training,BOAELWNUEF5B,PLA_Campaign-2026-04-18-Langot,Dry feel langots pack of 5,2,1,1.4300,50.0000,0,0,0.0000,0.0000,0.0000,0.0000,0.0000,1.4300
2KGIIBZ6DGIH,Diaper & Potty Training,BOAELWNUEF5B,PLA_Campaign-2026-04-18-Langot,Langot 8 year kid boy,2,0,0.0000,0.0000,0,0,0.0000,0.0000,0.0000,0.0000,0.0000,0.0000
2KGIIBZ6DGIH,Diaper & Potty Training,BOAELWNUEF5B,PLA_Campaign-2026-04-18-Langot,New born baby lactogrow,2,0,0.0000,0.0000,0,0,0.0000,0.0000,0.0000,0.0000,0.0000,0.0000
2KGIIBZ6DGIH,Diaper & Potty Training,BOAELWNUEF5B,PLA_Campaign-2026-04-18-Langot,babyhug nappies small size,2,0,0.0000,0.0000,0,0,0.0000,0.0000,0.0000,0.0000,0.0000,0.0000
2KGIIBZ6DGIH,Diaper & Potty Training,BOAELWNUEF5B,PLA_Campaign-2026-04-18-Langot,baby dry feel langot diaper,2,0,0.0000,0.0000,0,0,0.0000,0.0000,0.0000,0.0000,0.0000,0.0000
2KGIIBZ6DGIH,Diaper & Potty Training,BOAELWNUEF5B,PLA_Campaign-2026-04-18-Langot,langots for baby,2,0,0.0000,0.0000,0,0,0.0000,0.0000,0.0000,0.0000,0.0000,0.0000
2KGIIBZ6DGIH,Diaper & Potty Training,BOAELWNUEF5B,PLA_Campaign-2026-04-18-Langot,2 layer nappi,2,0,0.0000,0.0000,0,0,0.0000,0.0000,0.0000,0.0000,0.0000,0.0000
2KGIIBZ6DGIH,Diaper & Potty Training,BOAELWNUEF5B,PLA_Campaign-2026-04-18-Langot,new born baby COTTON CLOTH,2,0,0.0000,0.0000,0,0,0.0000,0.0000,0.0000,0.0000,0.0000,0.0000
2KGIIBZ6DGIH,Diaper & Potty Training,BOAELWNUEF5B,PLA_Campaign-2026-04-18-Langot,baby girl dress,2,0,0.0000,0.0000,0,0,0.0000,0.0000,0.0000,0.0000,0.0000,0.0000
2KGIIBZ6DGIH,Diaper & Potty Training,BOAELWNUEF5B,PLA_Campaign-2026-04-18-Langot,Reusable langot,2,0,0.0000,0.0000,0,0,0.0000,0.0000,0.0000,0.0000,0.0000,0.0000
2KGIIBZ6DGIH,Diaper & Potty Training,BOAELWNUEF5B,PLA_Campaign-2026-04-18-Langot,new langoti born baby nappy,2,0,0.0000,0.0000,0,0,0.0000,0.0000,0.0000,0.0000,0.0000,0.0000
2KGIIBZ6DGIH,Diaper & Potty Training,BOAELWNUEF5B,PLA_Campaign-2026-04-18-Langot,padded langot for 1 year baby,2,0,0.0000,0.0000,0,0,0.0000,0.0000,0.0000,0.0000,0.0000,0.0000
2KGIIBZ6DGIH,Diaper & Potty Training,BOAELWNUEF5B,PLA_Campaign-2026-04-18-Langot,langot for baby girl 3 month,2,0,0.0000,0.0000,0,0,0.0000,0.0000,0.0000,0.0000,0.0000,0.0000
2KGIIBZ6DGIH,Diaper & Potty Training,BOAELWNUEF5B,PLA_Campaign-2026-04-18-Langot,butterfly diaper,2,0,0.0000,0.0000,0,0,0.0000,0.0000,0.0000,0.0000,0.0000,0.0000
2KGIIBZ6DGIH,Diaper & Potty Training,BOAELWNUEF5B,PLA_Campaign-2026-04-18-Langot,New born baby cotton langot,2,0,0.0000,0.0000,0,0,0.0000,0.0000,0.0000,0.0000,0.0000,0.0000
2KGIIBZ6DGIH,Diaper & Potty Training,BOAELWNUEF5B,PLA_Campaign-2026-04-18-Langot,new born baby langot set cotton waterproof,2,0,0.0000,0.0000,0,0,0.0000,0.0000,0.0000,0.0000,0.0000,0.0000
2KGIIBZ6DGIH,Diaper & Potty Training,BOAELWNUEF5B,PLA_Campaign-2026-04-18-Langot,langot to 6,2,0,0.0000,0.0000,0,0,0.0000,0.0000,0.0000,0.0000,0.0000,0.0000
2KGIIBZ6DGIH,Diaper & Potty Training,BOAELWNUEF5B,PLA_Campaign-2026-04-18-Langot,Baby boy langot cotton,2,0,0.0000,0.0000,0,0,0.0000,0.0000,0.0000,0.0000,0.0000,0.0000
2KGIIBZ6DGIH,Diaper & Potty Training,BOAELWNUEF5B,PLA_Campaign-2026-04-18-Langot,new born baby cloth diapers washable white,2,0,0.0000,0.0000,0,0,0.0000,0.0000,0.0000,0.0000,0.0000,0.0000
2KGIIBZ6DGIH,Diaper & Potty Training,BOAELWNUEF5B,PLA_Campaign-2026-04-18-Langot,white cloth new born baby boy,2,0,0.0000,0.0000,0,0,0.0000,0.0000,0.0000,0.0000,0.0000,0.0000
2KGIIBZ6DGIH,Diaper & Potty Training,BOAELWNUEF5B,PLA_Campaign-2026-04-18-Langot,Dry fill langot,2,0,0.0000,0.0000,0,0,0.0000,0.0000,0.0000,0.0000,0.0000,0.0000
2KGIIBZ6DGIH,Diaper & Potty Training,BOAELWNUEF5B,PLA_Campaign-2026-04-18-Langot,White baby langots in cotton,2,0,0.0000,0.0000,0,0,0.0000,0.0000,0.0000,0.0000,0.0000,0.0000
2KGIIBZ6DGIH,Diaper & Potty Training,BOAELWNUEF5B,PLA_Campaign-2026-04-18-Langot,baby girl baby,2,0,0.0000,0.0000,0,0,0.0000,0.0000,0.0000,0.0000,0.0000,0.0000
2KGIIBZ6DGIH,Diaper & Potty Training,BOAELWNUEF5B,PLA_Campaign-2026-04-18-Langot,pure cotton langot,2,0,0.0000,0.0000,0,0,0.0000,0.0000,0.0000,0.0000,0.0000,0.0000
2KGIIBZ6DGIH,Diaper & Potty Training,BOAELWNUEF5B,PLA_Campaign-2026-04-18-Langot,new born cotton langots,2,0,0.0000,0.0000,0,0,0.0000,0.0000,0.0000,0.0000,0.0000,0.0000
2KGIIBZ6DGIH,Diaper & Potty Training,BOAELWNUEF5B,PLA_Campaign-2026-04-18-Langot,Dry feel langot for baby,2,0,0.0000,0.0000,0,0,0.0000,0.0000,0.0000,0.0000,0.0000,0.0000
2KGIIBZ6DGIH,Diaper & Potty Training,BOAELWNUEF5B,PLA_Campaign-2026-04-18-Langot,baby cloth diapers size extra small nappy,2,0,0.0000,0.0000,0,0,0.0000,0.0000,0.0000,0.0000,0.0000,0.0000
2KGIIBZ6DGIH,Diaper & Potty Training,BOAELWNUEF5B,PLA_Campaign-2026-04-18-Langot,langoti pads for baby newborn nappy kids,2,0,0.0000,0.0000,0,0,0.0000,0.0000,0.0000,0.0000,0.0000,0.0000
2KGIIBZ6DGIH,Diaper & Potty Training,BOAELWNUEF5B,PLA_Campaign-2026-04-18-Langot,cotton langot new born baby product best,2,0,0.0000,0.0000,0,0,0.0000,0.0000,0.0000,0.0000,0.0000,0.0000
2KGIIBZ6DGIH,Diaper & Potty Training,BOAELWNUEF5B,PLA_Campaign-2026-04-18-Langot,xales nappy,2,0,0.0000,0.0000,0,0,0.0000,0.0000,0.0000,0.0000,0.0000,0.0000
2KGIIBZ6DGIH,Diaper & Potty Training,BOAELWNUEF5B,PLA_Campaign-2026-04-18-Langot,baby girl diaper,2,0,0.0000,0.0000,0,0,0.0000,0.0000,0.0000,0.0000,0.0000,0.0000
2KGIIBZ6DGIH,Diaper & Potty Training,BOAELWNUEF5B,PLA_Campaign-2026-04-18-Langot,tieing cloth for newborn baby,2,0,0.0000,0.0000,0,0,0.0000,0.0000,0.0000,0.0000,0.0000,0.0000
2KGIIBZ6DGIH,Diaper & Potty Training,BOAELWNUEF5B,PLA_Campaign-2026-04-18-Langot,paded cloth langots,2,0,0.0000,0.0000,0,0,0.0000,0.0000,0.0000,0.0000,0.0000,0.0000
2KGIIBZ6DGIH,Diaper & Potty Training,BOAELWNUEF5B,PLA_Campaign-2026-04-18-Langot,baby cotton for 2yrs baby,2,1,1.4300,50.0000,0,0,0.0000,0.0000,0.0000,0.0000,0.0000,1.4300
2KGIIBZ6DGIH,Diaper & Potty Training,BOAELWNUEF5B,PLA_Campaign-2026-04-18-Langot,cloth diapers for baby superbottom,2,0,0.0000,0.0000,0,0,0.0000,0.0000,0.0000,0.0000,0.0000,0.0000
2KGIIBZ6DGIH,Diaper & Potty Training,BOAELWNUEF5B,PLA_Campaign-2026-04-18-Langot,kids need premium langot for baby,2,1,1.4300,50.0000,0,0,0.0000,0.0000,0.0000,0.0000,0.0000,1.4300
2KGIIBZ6DGIH,Diaper & Potty Training,BOAELWNUEF5B,PLA_Campaign-2026-04-18-Langot,cloth diapers nappy pads low price,2,0,0.0000,0.0000,0,0,0.0000,0.0000,0.0000,0.0000,0.0000,0.0000
2KGIIBZ6DGIH,Diaper & Potty Training,BOAELWNUEF5B,PLA_Campaign-2026-04-18-Langot,hagish bon baby new,2,1,1.4300,50.0000,0,0,0.0000,0.0000,0.0000,0.0000,0.0000,1.4300
2KGIIBZ6DGIH,Diaper & Potty Training,BOAELWNUEF5B,PLA_Campaign-2026-04-18-Langot,cloth diaper for new born baby,2,0,0.0000,0.0000,0,0,0.0000,0.0000,0.0000,0.0000,0.0000,0.0000
2KGIIBZ6DGIH,Diaper & Potty Training,BOAELWNUEF5B,PLA_Campaign-2026-04-18-Langot,u shape langot for new born,2,0,0.0000,0.0000,0,0,0.0000,0.0000,0.0000,0.0000,0.0000,0.0000
2KGIIBZ6DGIH,Diaper & Potty Training,BOAELWNUEF5B,PLA_Campaign-2026-04-18-Langot,Baby waterproof leak proof cloth diaper,2,0,0.0000,0.0000,0,0,0.0000,0.0000,0.0000,0.0000,0.0000,0.0000
2KGIIBZ6DGIH,Diaper & Potty Training,BOAELWNUEF5B,PLA_Campaign-2026-04-18-Langot,super bottom padded,2,0,0.0000,0.0000,0,0,0.0000,0.0000,0.0000,0.0000,0.0000,0.0000
2KGIIBZ6DGIH,Diaper & Potty Training,BOAELWNUEF5B,PLA_Campaign-2026-04-18-Langot,babies waterproof langoot,2,0,0.0000,0.0000,0,0,0.0000,0.0000,0.0000,0.0000,0.0000,0.0000
2KGIIBZ6DGIH,Diaper & Potty Training,BOAELWNUEF5B,PLA_Campaign-2026-04-18-Langot,white cotton cloth baby,2,0,0.0000,0.0000,0,0,0.0000,0.0000,0.0000,0.0000,0.0000,0.0000
2KGIIBZ6DGIH,Diaper & Potty Training,BOAELWNUEF5B,PLA_Campaign-2026-04-18-Langot,cotton nappy for newborn pad inside,2,0,0.0000,0.0000,0,0,0.0000,0.0000,0.0000,0.0000,0.0000,0.0000
2KGIIBZ6DGIH,Diaper & Potty Training,BOAELWNUEF5B,PLA_Campaign-2026-04-18-Langot,new born baby nepy,2,0,0.0000,0.0000,0,0,0.0000,0.0000,0.0000,0.0000,0.0000,0.0000
2KGIIBZ6DGIH,Diaper & Potty Training,BOAELWNUEF5B,PLA_Campaign-2026-04-18-Langot,Nappi,2,0,0.0000,0.0000,0,0,0.0000,0.0000,0.0000,0.0000,0.0000,0.0000
2KGIIBZ6DGIH,Diaper & Potty Training,BOAELWNUEF5B,PLA_Campaign-2026-04-18-Langot,Cloth for newborn baby,2,0,0.0000,0.0000,0,0,0.0000,0.0000,0.0000,0.0000,0.0000,0.0000
2KGIIBZ6DGIH,Diaper & Potty Training,BOAELWNUEF5B,PLA_Campaign-2026-04-18-Langot,Newborn baby boy things,2,0,0.0000,0.0000,0,0,0.0000,0.0000,0.0000,0.0000,0.0000,0.0000
2KGIIBZ6DGIH,Diaper & Potty Training,BOAELWNUEF5B,PLA_Campaign-2026-04-18-Langot,padded langot for new born baby boy,2,0,0.0000,0.0000,0,0,0.0000,0.0000,0.0000,0.0000,0.0000,0.0000
2KGIIBZ6DGIH,Diaper & Potty Training,BOAELWNUEF5B,PLA_Campaign-2026-04-18-Langot,cotton langot for baby double layer,2,0,0.0000,0.0000,0,0,0.0000,0.0000,0.0000,0.0000,0.0000,0.0000
2KGIIBZ6DGIH,Diaper & Potty Training,BOAELWNUEF5B,PLA_Campaign-2026-04-18-Langot,New born babys cloth,2,0,0.0000,0.0000,0,0,0.0000,0.0000,0.0000,0.0000,0.0000,0.0000
2KGIIBZ6DGIH,Diaper & Potty Training,BOAELWNUEF5B,PLA_Campaign-2026-04-18-Langot,water proof nappy for new born baby,2,0,0.0000,0.0000,0,0,0.0000,0.0000,0.0000,0.0000,0.0000,0.0000
2KGIIBZ6DGIH,Diaper & Potty Training,BOAELWNUEF5B,PLA_Campaign-2026-04-18-Langot,Cotton padded langots,2,0,0.0000,0.0000,0,0,0.0000,0.0000,0.0000,0.0000,0.0000,0.0000
2KGIIBZ6DGIH,Diaper & Potty Training,BOAELWNUEF5B,PLA_Campaign-2026-04-18-Langot,Large padded langot baby,2,0,0.0000,0.0000,0,0,0.0000,0.0000,0.0000,0.0000,0.0000,0.0000
2KGIIBZ6DGIH,Diaper & Potty Training,BOAELWNUEF5B,PLA_Campaign-2026-04-18-Langot,baby boys longot 5month pure cotton,2,0,0.0000,0.0000,0,0,0.0000,0.0000,0.0000,0.0000,0.0000,0.0000
2KGIIBZ6DGIH,Diaper & Potty Training,BOAELWNUEF5B,PLA_Campaign-2026-04-18-Langot,newborn langot home,2,0,0.0000,0.0000,0,0,0.0000,0.0000,0.0000,0.0000,0.0000,0.0000
2KGIIBZ6DGIH,Diaper & Potty Training,BOAELWNUEF5B,PLA_Campaign-2026-04-18-Langot,cloth,2,0,0.0000,0.0000,0,0,0.0000,0.0000,0.0000,0.0000,0.0000,0.0000
2KGIIBZ6DGIH,Diaper & Potty Training,BOAELWNUEF5B,PLA_Campaign-2026-04-18-Langot,baby langot waterproof double layer,2,0,0.0000,0.0000,0,0,0.0000,0.0000,0.0000,0.0000,0.0000,0.0000
2KGIIBZ6DGIH,Diaper & Potty Training,BOAELWNUEF5B,PLA_Campaign-2026-04-18-Langot,one year padded langot combo,2,0,0.0000,0.0000,0,0,0.0000,0.0000,0.0000,0.0000,0.0000,0.0000
2KGIIBZ6DGIH,Diaper & Potty Training,BOAELWNUEF5B,PLA_Campaign-2026-04-18-Langot,napkin for baby 1 year combo cotton,2,0,0.0000,0.0000,0,0,0.0000,0.0000,0.0000,0.0000,0.0000,0.0000
2KGIIBZ6DGIH,Diaper & Potty Training,BOAELWNUEF5B,PLA_Campaign-2026-04-18-Langot,diaper clothes,2,0,0.0000,0.0000,0,0,0.0000,0.0000,0.0000,0.0000,0.0000,0.0000
2KGIIBZ6DGIH,Diaper & Potty Training,BOAELWNUEF5B,PLA_Campaign-2026-04-18-Langot,Newborn bottom white diaper cloth,2,0,0.0000,0.0000,0,0,0.0000,0.0000,0.0000,0.0000,0.0000,0.0000
2KGIIBZ6DGIH,Diaper & Potty Training,BOAELWNUEF5B,PLA_Campaign-2026-04-18-Langot,cloth langot for newborn,2,0,0.0000,0.0000,0,0,0.0000,0.0000,0.0000,0.0000,0.0000,0.0000
2KGIIBZ6DGIH,Diaper & Potty Training,BOAELWNUEF5B,PLA_Campaign-2026-04-18-Langot,baby boy langoti15 month baby langot,2,1,1.4300,50.0000,0,0,0.0000,0.0000,0.0000,0.0000,0.0000,1.4300
2KGIIBZ6DGIH,Diaper & Potty Training,BOAELWNUEF5B,PLA_Campaign-2026-04-18-Langot,Dry feel nappy,2,0,0.0000,0.0000,0,0,0.0000,0.0000,0.0000,0.0000,0.0000,0.0000
2KGIIBZ6DGIH,Diaper & Potty Training,BOAELWNUEF5B,PLA_Campaign-2026-04-18-Langot,silky cloth langot,2,0,0.0000,0.0000,0,0,0.0000,0.0000,0.0000,0.0000,0.0000,0.0000
2KGIIBZ6DGIH,Diaper & Potty Training,BOAELWNUEF5B,PLA_Campaign-2026-04-18-Langot,diaper free langot,2,0,0.0000,0.0000,0,0,0.0000,0.0000,0.0000,0.0000,0.0000,0.0000
2KGIIBZ6DGIH,Diaper & Potty Training,BOAELWNUEF5B,PLA_Campaign-2026-04-18-Langot,6 months baby langot,1,0,0.0000,0.0000,0,0,0.0000,0.0000,0.0000,0.0000,0.0000,0.0000
2KGIIBZ6DGIH,Diaper & Potty Training,BOAELWNUEF5B,PLA_Campaign-2026-04-18-Langot,Cotton Nappies,1,0,0.0000,0.0000,0,0,0.0000,0.0000,0.0000,0.0000,0.0000,0.0000
2KGIIBZ6DGIH,Diaper & Potty Training,BOAELWNUEF5B,PLA_Campaign-2026-04-18-Langot,girl,1,0,0.0000,0.0000,0,0,0.0000,0.0000,0.0000,0.0000,0.0000,0.0000
2KGIIBZ6DGIH,Diaper & Potty Training,BOAELWNUEF5B,PLA_Campaign-2026-04-18-Langot,langoties,1,0,0.0000,0.0000,0,0,0.0000,0.0000,0.0000,0.0000,0.0000,0.0000
2KGIIBZ6DGIH,Diaper & Potty Training,BOAELWNUEF5B,PLA_Campaign-2026-04-18-Langot,Printed langot for baby boy cotton,1,0,0.0000,0.0000,0,0,0.0000,0.0000,0.0000,0.0000,0.0000,0.0000
2KGIIBZ6DGIH,Diaper & Potty Training,BOAELWNUEF5B,PLA_Campaign-2026-04-18-Langot,baby 30 days,1,0,0.0000,0.0000,0,0,0.0000,0.0000,0.0000,0.0000,0.0000,0.0000
2KGIIBZ6DGIH,Diaper & Potty Training,BOAELWNUEF5B,PLA_Campaign-2026-04-18-Langot,cotton langota kids,1,0,0.0000,0.0000,0,0,0.0000,0.0000,0.0000,0.0000,0.0000,0.0000
2KGIIBZ6DGIH,Diaper & Potty Training,BOAELWNUEF5B,PLA_Campaign-2026-04-18-Langot,2 month baby waterproof diaper,1,0,0.0000,0.0000,0,0,0.0000,0.0000,0.0000,0.0000,0.0000,0.0000
2KGIIBZ6DGIH,Diaper & Potty Training,BOAELWNUEF5B,PLA_Campaign-2026-04-18-Langot,Baby cotton langoti,1,0,0.0000,0.0000,0,0,0.0000,0.0000,0.0000,0.0000,0.0000,0.0000
2KGIIBZ6DGIH,Diaper & Potty Training,BOAELWNUEF5B,PLA_Campaign-2026-04-18-Langot,New born baby cloth set,1,0,0.0000,0.0000,0,0,0.0000,0.0000,0.0000,0.0000,0.0000,0.0000
2KGIIBZ6DGIH,Diaper & Potty Training,BOAELWNUEF5B,PLA_Campaign-2026-04-18-Langot,baby cotton nappy reusable combo,1,0,0.0000,0.0000,0,0,0.0000,0.0000,0.0000,0.0000,0.0000,0.0000
2KGIIBZ6DGIH,Diaper & Potty Training,BOAELWNUEF5B,PLA_Campaign-2026-04-18-Langot,waterproof small,1,0,0.0000,0.0000,0,0,0.0000,0.0000,0.0000,0.0000,0.0000,0.0000
2KGIIBZ6DGIH,Diaper & Potty Training,BOAELWNUEF5B,PLA_Campaign-2026-04-18-Langot,newborn baby cotton holder,1,0,0.0000,0.0000,0,0,0.0000,0.0000,0.0000,0.0000,0.0000,0.0000
2KGIIBZ6DGIH,Diaper & Potty Training,BOAELWNUEF5B,PLA_Campaign-2026-04-18-Langot,5 6 months baby cotton langots,1,0,0.0000,0.0000,0,0,0.0000,0.0000,0.0000,0.0000,0.0000,0.0000
2KGIIBZ6DGIH,Diaper & Potty Training,BOAELWNUEF5B,PLA_Campaign-2026-04-18-Langot,Baby langota,1,0,0.0000,0.0000,0,0,0.0000,0.0000,0.0000,0.0000,0.0000,0.0000
2KGIIBZ6DGIH,Diaper & Potty Training,BOAELWNUEF5B,PLA_Campaign-2026-04-18-Langot,by lifestyle newborn,1,0,0.0000,0.0000,0,0,0.0000,0.0000,0.0000,0.0000,0.0000,0.0000
2KGIIBZ6DGIH,Diaper & Potty Training,BOAELWNUEF5B,PLA_Campaign-2026-04-18-Langot,new born baby langot set leak proof,1,0,0.0000,0.0000,0,0,0.0000,0.0000,0.0000,0.0000,0.0000,0.0000
2KGIIBZ6DGIH,Diaper & Potty Training,BOAELWNUEF5B,PLA_Campaign-2026-04-18-Langot,new born baby langot and dress,1,0,0.0000,0.0000,0,0,0.0000,0.0000,0.0000,0.0000,0.0000,0.0000
2KGIIBZ6DGIH,Diaper & Potty Training,BOAELWNUEF5B,PLA_Campaign-2026-04-18-Langot,langot longot,1,0,0.0000,0.0000,0,0,0.0000,0.0000,0.0000,0.0000,0.0000,0.0000
2KGIIBZ6DGIH,Diaper & Potty Training,BOAELWNUEF5B,PLA_Campaign-2026-04-18-Langot,New born baby langots,1,0,0.0000,0.0000,0,0,0.0000,0.0000,0.0000,0.0000,0.0000,0.0000
2KGIIBZ6DGIH,Diaper & Potty Training,BOAELWNUEF5B,PLA_Campaign-2026-04-18-Langot,Waterproof teen waterproof team waterproof 10,1,0,0.0000,0.0000,0,0,0.0000,0.0000,0.0000,0.0000,0.0000,0.0000
2KGIIBZ6DGIH,Diaper & Potty Training,BOAELWNUEF5B,PLA_Campaign-2026-04-18-Langot,12 13 years kids langot,1,0,0.0000,0.0000,0,0,0.0000,0.0000,0.0000,0.0000,0.0000,0.0000
2KGIIBZ6DGIH,Diaper & Potty Training,BOAELWNUEF5B,PLA_Campaign-2026-04-18-Langot,langot for 1 month baby,1,0,0.0000,0.0000,0,0,0.0000,0.0000,0.0000,0.0000,0.0000,0.0000
2KGIIBZ6DGIH,Diaper & Potty Training,BOAELWNUEF5B,PLA_Campaign-2026-04-18-Langot,baby girl cotton langota 4 month,1,0,0.0000,0.0000,0,0,0.0000,0.0000,0.0000,0.0000,0.0000,0.0000
2KGIIBZ6DGIH,Diaper & Potty Training,BOAELWNUEF5B,PLA_Campaign-2026-04-18-Langot,water proof diapers,1,0,0.0000,0.0000,0,0,0.0000,0.0000,0.0000,0.0000,0.0000,0.0000
2KGIIBZ6DGIH,Diaper & Potty Training,BOAELWNUEF5B,PLA_Campaign-2026-04-18-Langot,lagoti,1,0,0.0000,0.0000,0,0,0.0000,0.0000,0.0000,0.0000,0.0000,0.0000
2KGIIBZ6DGIH,Diaper & Potty Training,BOAELWNUEF5B,PLA_Campaign-2026-04-18-Langot,langot desposibel seller,1,0,0.0000,0.0000,0,0,0.0000,0.0000,0.0000,0.0000,0.0000,0.0000
2KGIIBZ6DGIH,Diaper & Potty Training,BOAELWNUEF5B,PLA_Campaign-2026-04-18-Langot,langot for 16 years boy,1,0,0.0000,0.0000,0,0,0.0000,0.0000,0.0000,0.0000,0.0000,0.0000
2KGIIBZ6DGIH,Diaper & Potty Training,BOAELWNUEF5B,PLA_Campaign-2026-04-18-Langot,baby nappy pure cotton for 6 months size,1,0,0.0000,0.0000,0,0,0.0000,0.0000,0.0000,0.0000,0.0000,0.0000
2KGIIBZ6DGIH,Diaper & Potty Training,BOAELWNUEF5B,PLA_Campaign-2026-04-18-Langot,Langoti napkin,1,0,0.0000,0.0000,0,0,0.0000,0.0000,0.0000,0.0000,0.0000,0.0000
2KGIIBZ6DGIH,Diaper & Potty Training,BOAELWNUEF5B,PLA_Campaign-2026-04-18-Langot,newborn baby things,1,0,0.0000,0.0000,0,0,0.0000,0.0000,0.0000,0.0000,0.0000,0.0000
2KGIIBZ6DGIH,Diaper & Potty Training,BOAELWNUEF5B,PLA_Campaign-2026-04-18-Langot,white just born inside andside diaper langot new,1,0,0.0000,0.0000,0,0,0.0000,0.0000,0.0000,0.0000,0.0000,0.0000
2KGIIBZ6DGIH,Diaper & Potty Training,BOAELWNUEF5B,PLA_Campaign-2026-04-18-Langot,Baby jabla+nappy 6 12month,1,0,0.0000,0.0000,0,0,0.0000,0.0000,0.0000,0.0000,0.0000,0.0000
2KGIIBZ6DGIH,Diaper & Potty Training,BOAELWNUEF5B,PLA_Campaign-2026-04-18-Langot,padded langot waterproof,1,1,1.4300,100.0000,1,0,100.0000,0.0000,178.0000,0.0000,124.4755,1.4300
2KGIIBZ6DGIH,Diaper & Potty Training,BOAELWNUEF5B,PLA_Campaign-2026-04-18-Langot,newborn baby langot pack of 12,1,0,0.0000,0.0000,0,0,0.0000,0.0000,0.0000,0.0000,0.0000,0.0000
2KGIIBZ6DGIH,Diaper & Potty Training,BOAELWNUEF5B,PLA_Campaign-2026-04-18-Langot,super bottom dry free langot,1,0,0.0000,0.0000,0,0,0.0000,0.0000,0.0000,0.0000,0.0000,0.0000
2KGIIBZ6DGIH,Diaper & Potty Training,BOAELWNUEF5B,PLA_Campaign-2026-04-18-Langot,baby waterproof cloth,1,0,0.0000,0.0000,0,0,0.0000,0.0000,0.0000,0.0000,0.0000,0.0000
2KGIIBZ6DGIH,Diaper & Potty Training,BOAELWNUEF5B,PLA_Campaign-2026-04-18-Langot,cloth diapers nappy,1,0,0.0000,0.0000,0,0,0.0000,0.0000,0.0000,0.0000,0.0000,0.0000
2KGIIBZ6DGIH,Diaper & Potty Training,BOAELWNUEF5B,PLA_Campaign-2026-04-18-Langot,Newborn cloth red colour with button,1,0,0.0000,0.0000,0,0,0.0000,0.0000,0.0000,0.0000,0.0000,0.0000
2KGIIBZ6DGIH,Diaper & Potty Training,BOAELWNUEF5B,PLA_Campaign-2026-04-18-Langot,langot for baby with strap,1,0,0.0000,0.0000,0,0,0.0000,0.0000,0.0000,0.0000,0.0000,0.0000
2KGIIBZ6DGIH,Diaper & Potty Training,BOAELWNUEF5B,PLA_Campaign-2026-04-18-Langot,white dress for new born baby,1,0,0.0000,0.0000,0,0,0.0000,0.0000,0.0000,0.0000,0.0000,0.0000
2KGIIBZ6DGIH,Diaper & Potty Training,BOAELWNUEF5B,PLA_Campaign-2026-04-18-Langot,cotton cloth newborn baby set,1,0,0.0000,0.0000,0,0,0.0000,0.0000,0.0000,0.0000,0.0000,0.0000
2KGIIBZ6DGIH,Diaper & Potty Training,BOAELWNUEF5B,PLA_Campaign-2026-04-18-Langot,Newborn flight baby,1,0,0.0000,0.0000,0,0,0.0000,0.0000,0.0000,0.0000,0.0000,0.0000
2KGIIBZ6DGIH,Diaper & Potty Training,BOAELWNUEF5B,PLA_Campaign-2026-04-18-Langot,Cotton nappies for newborn,1,0,0.0000,0.0000,0,0,0.0000,0.0000,0.0000,0.0000,0.0000,0.0000
2KGIIBZ6DGIH,Diaper & Potty Training,BOAELWNUEF5B,PLA_Campaign-2026-04-18-Langot,nappy for newborn double layer,1,0,0.0000,0.0000,0,0,0.0000,0.0000,0.0000,0.0000,0.0000,0.0000
2KGIIBZ6DGIH,Diaper & Potty Training,BOAELWNUEF5B,PLA_Campaign-2026-04-18-Langot,newborn baby things combo,1,0,0.0000,0.0000,0,0,0.0000,0.0000,0.0000,0.0000,0.0000,0.0000
2KGIIBZ6DGIH,Diaper & Potty Training,BOAELWNUEF5B,PLA_Campaign-2026-04-18-Langot,Cotton baby nappies,1,0,0.0000,0.0000,0,0,0.0000,0.0000,0.0000,0.0000,0.0000,0.0000
2KGIIBZ6DGIH,Diaper & Potty Training,BOAELWNUEF5B,PLA_Campaign-2026-04-18-Langot,made langoti,1,0,0.0000,0.0000,0,0,0.0000,0.0000,0.0000,0.0000,0.0000,0.0000
2KGIIBZ6DGIH,Diaper & Potty Training,BOAELWNUEF5B,PLA_Campaign-2026-04-18-Langot,layer langot,1,0,0.0000,0.0000,0,0,0.0000,0.0000,0.0000,0.0000,0.0000,0.0000
2KGIIBZ6DGIH,Diaper & Potty Training,BOAELWNUEF5B,PLA_Campaign-2026-04-18-Langot,Newborn baby girl cloth,1,0,0.0000,0.0000,0,0,0.0000,0.0000,0.0000,0.0000,0.0000,0.0000
2KGIIBZ6DGIH,Diaper & Potty Training,BOAELWNUEF5B,PLA_Campaign-2026-04-18-Langot,pahelwan,1,0,0.0000,0.0000,0,0,0.0000,0.0000,0.0000,0.0000,0.0000,0.0000
2KGIIBZ6DGIH,Diaper & Potty Training,BOAELWNUEF5B,PLA_Campaign-2026-04-18-Langot,newborn things,1,0,0.0000,0.0000,0,0,0.0000,0.0000,0.0000,0.0000,0.0000,0.0000
2KGIIBZ6DGIH,Diaper & Potty Training,BOAELWNUEF5B,PLA_Campaign-2026-04-18-Langot,Simple langot for baby,1,0,0.0000,0.0000,0,0,0.0000,0.0000,0.0000,0.0000,0.0000,0.0000
2KGIIBZ6DGIH,Diaper & Potty Training,BOAELWNUEF5B,PLA_Campaign-2026-04-18-Langot,Leak proof langots,1,0,0.0000,0.0000,0,0,0.0000,0.0000,0.0000,0.0000,0.0000,0.0000
2KGIIBZ6DGIH,Diaper & Potty Training,BOAELWNUEF5B,PLA_Campaign-2026-04-18-Langot,2 months baby langot,1,0,0.0000,0.0000,0,0,0.0000,0.0000,0.0000,0.0000,0.0000,0.0000
2KGIIBZ6DGIH,Diaper & Potty Training,BOAELWNUEF5B,PLA_Campaign-2026-04-18-Langot,first touch infant wear,1,0,0.0000,0.0000,0,0,0.0000,0.0000,0.0000,0.0000,0.0000,0.0000
2KGIIBZ6DGIH,Diaper & Potty Training,BOAELWNUEF5B,PLA_Campaign-2026-04-18-Langot,4 month baby langoti,1,0,0.0000,0.0000,0,0,0.0000,0.0000,0.0000,0.0000,0.0000,0.0000
2KGIIBZ6DGIH,Diaper & Potty Training,BOAELWNUEF5B,PLA_Campaign-2026-04-18-Langot,born baby dresses,1,0,0.0000,0.0000,0,0,0.0000,0.0000,0.0000,0.0000,0.0000,0.0000
2KGIIBZ6DGIH,Diaper & Potty Training,BOAELWNUEF5B,PLA_Campaign-2026-04-18-Langot,langot new born,1,0,0.0000,0.0000,0,0,0.0000,0.0000,0.0000,0.0000,0.0000,0.0000
2KGIIBZ6DGIH,Diaper & Potty Training,BOAELWNUEF5B,PLA_Campaign-2026-04-18-Langot,ninja for 1 month,1,0,0.0000,0.0000,0,0,0.0000,0.0000,0.0000,0.0000,0.0000,0.0000
2KGIIBZ6DGIH,Diaper & Potty Training,BOAELWNUEF5B,PLA_Campaign-2026-04-18-Langot,newborn baby clothes white colour new,1,0,0.0000,0.0000,0,0,0.0000,0.0000,0.0000,0.0000,0.0000,0.0000
2KGIIBZ6DGIH,Diaper & Potty Training,BOAELWNUEF5B,PLA_Campaign-2026-04-18-Langot,baby cotton diaper 1 month,1,0,0.0000,0.0000,0,0,0.0000,0.0000,0.0000,0.0000,0.0000,0.0000
2KGIIBZ6DGIH,Diaper & Potty Training,BOAELWNUEF5B,PLA_Campaign-2026-04-18-Langot,reusable diaper langot,1,0,0.0000,0.0000,0,0,0.0000,0.0000,0.0000,0.0000,0.0000,0.0000
2KGIIBZ6DGIH,Diaper & Potty Training,BOAELWNUEF5B,PLA_Campaign-2026-04-18-Langot,born baby clothes,1,0,0.0000,0.0000,0,0,0.0000,0.0000,0.0000,0.0000,0.0000,0.0000
2KGIIBZ6DGIH,Diaper & Potty Training,BOAELWNUEF5B,PLA_Campaign-2026-04-18-Langot,washable diaper bloomer,1,0,0.0000,0.0000,0,0,0.0000,0.0000,0.0000,0.0000,0.0000,0.0000
2KGIIBZ6DGIH,Diaper & Potty Training,BOAELWNUEF5B,PLA_Campaign-2026-04-18-Langot,re use diaper pad,1,0,0.0000,0.0000,0,0,0.0000,0.0000,0.0000,0.0000,0.0000,0.0000
2KGIIBZ6DGIH,Diaper & Potty Training,BOAELWNUEF5B,PLA_Campaign-2026-04-18-Langot,baby langoti tape,1,0,0.0000,0.0000,0,0,0.0000,0.0000,0.0000,0.0000,0.0000,0.0000
2KGIIBZ6DGIH,Diaper & Potty Training,BOAELWNUEF5B,PLA_Campaign-2026-04-18-Langot,New born baby longot,1,0,0.0000,0.0000,0,0,0.0000,0.0000,0.0000,0.0000,0.0000,0.0000
2KGIIBZ6DGIH,Diaper & Potty Training,BOAELWNUEF5B,PLA_Campaign-2026-04-18-Langot,nappy heavy,1,0,0.0000,0.0000,0,0,0.0000,0.0000,0.0000,0.0000,0.0000,0.0000
2KGIIBZ6DGIH,Diaper & Potty Training,BOAELWNUEF5B,PLA_Campaign-2026-04-18-Langot,langot kids girls,1,0,0.0000,0.0000,0,0,0.0000,0.0000,0.0000,0.0000,0.0000,0.0000
2KGIIBZ6DGIH,Diaper & Potty Training,BOAELWNUEF5B,PLA_Campaign-2026-04-18-Langot,1 year baby langot 6 to 12 months,1,0,0.0000,0.0000,0,0,0.0000,0.0000,0.0000,0.0000,0.0000,0.0000
2KGIIBZ6DGIH,Diaper & Potty Training,BOAELWNUEF5B,PLA_Campaign-2026-04-18-Langot,cotton diaper for baby multicolor,1,0,0.0000,0.0000,0,0,0.0000,0.0000,0.0000,0.0000,0.0000,0.0000
2KGIIBZ6DGIH,Diaper & Potty Training,BOAELWNUEF5B,PLA_Campaign-2026-04-18-Langot,ped vada bon baby,1,0,0.0000,0.0000,0,0,0.0000,0.0000,0.0000,0.0000,0.0000,0.0000
2KGIIBZ6DGIH,Diaper & Potty Training,BOAELWNUEF5B,PLA_Campaign-2026-04-18-Langot,langot big size,1,0,0.0000,0.0000,0,0,0.0000,0.0000,0.0000,0.0000,0.0000,0.0000
2KGIIBZ6DGIH,Diaper & Potty Training,BOAELWNUEF5B,PLA_Campaign-2026-04-18-Langot,Cloth nappies for baby,1,1,1.4300,100.0000,0,0,0.0000,0.0000,0.0000,0.0000,0.0000,1.4300
2KGIIBZ6DGIH,Diaper & Potty Training,BOAELWNUEF5B,PLA_Campaign-2026-04-18-Langot,pure cotton white cloth material newborn baby,1,0,0.0000,0.0000,0,0,0.0000,0.0000,0.0000,0.0000,0.0000,0.0000
2KGIIBZ6DGIH,Diaper & Potty Training,BOAELWNUEF5B,PLA_Campaign-2026-04-18-Langot,new born baby langot set,1,0,0.0000,0.0000,0,0,0.0000,0.0000,0.0000,0.0000,0.0000,0.0000
2KGIIBZ6DGIH,Diaper & Potty Training,BOAELWNUEF5B,PLA_Campaign-2026-04-18-Langot,baby langot with extra cotton padded,1,0,0.0000,0.0000,0,0,0.0000,0.0000,0.0000,0.0000,0.0000,0.0000
2KGIIBZ6DGIH,Diaper & Potty Training,BOAELWNUEF5B,PLA_Campaign-2026-04-18-Langot,baniyan cloth,1,0,0.0000,0.0000,0,0,0.0000,0.0000,0.0000,0.0000,0.0000,0.0000
2KGIIBZ6DGIH,Diaper & Potty Training,BOAELWNUEF5B,PLA_Campaign-2026-04-18-Langot,Baby cotton white new born,1,0,0.0000,0.0000,0,0,0.0000,0.0000,0.0000,0.0000,0.0000,0.0000
2KGIIBZ6DGIH,Diaper & Potty Training,BOAELWNUEF5B,PLA_Campaign-2026-04-18-Langot,baby langoti new,1,0,0.0000,0.0000,0,0,0.0000,0.0000,0.0000,0.0000,0.0000,0.0000
2KGIIBZ6DGIH,Diaper & Potty Training,BOAELWNUEF5B,PLA_Campaign-2026-04-18-Langot,swimming pool diaper,1,0,0.0000,0.0000,0,0,0.0000,0.0000,0.0000,0.0000,0.0000,0.0000
2KGIIBZ6DGIH,Diaper & Potty Training,BOAELWNUEF5B,PLA_Campaign-2026-04-18-Langot,white cotton cloth for newborn b6,1,0,0.0000,0.0000,0,0,0.0000,0.0000,0.0000,0.0000,0.0000,0.0000
2KGIIBZ6DGIH,Diaper & Potty Training,BOAELWNUEF5B,PLA_Campaign-2026-04-18-Langot,Cloth nappies,1,0,0.0000,0.0000,0,0,0.0000,0.0000,0.0000,0.0000,0.0000,0.0000
2KGIIBZ6DGIH,Diaper & Potty Training,BOAELWNUEF5B,PLA_Campaign-2026-04-18-Langot,Cotton langot velcro,1,0,0.0000,0.0000,0,0,0.0000,0.0000,0.0000,0.0000,0.0000,0.0000
2KGIIBZ6DGIH,Diaper & Potty Training,BOAELWNUEF5B,PLA_Campaign-2026-04-18-Langot,langot best,1,0,0.0000,0.0000,0,0,0.0000,0.0000,0.0000,0.0000,0.0000,0.0000
2KGIIBZ6DGIH,Diaper & Potty Training,BOAELWNUEF5B,PLA_Campaign-2026-04-18-Langot,new born bottom wear pure cotton diaper langot,1,0,0.0000,0.0000,0,0,0.0000,0.0000,0.0000,0.0000,0.0000,0.0000
2KGIIBZ6DGIH,Diaper & Potty Training,BOAELWNUEF5B,PLA_Campaign-2026-04-18-Langot,Nappy cloth for new born,1,0,0.0000,0.0000,0,0,0.0000,0.0000,0.0000,0.0000,0.0000,0.0000
2KGIIBZ6DGIH,Diaper & Potty Training,BOAELWNUEF5B,PLA_Campaign-2026-04-18-Langot,set for parrot,1,0,0.0000,0.0000,0,0,0.0000,0.0000,0.0000,0.0000,0.0000,0.0000
2KGIIBZ6DGIH,Diaper & Potty Training,BOAELWNUEF5B,PLA_Campaign-2026-04-18-Langot,toddler baby under cloth,1,0,0.0000,0.0000,0,0,0.0000,0.0000,0.0000,0.0000,0.0000,0.0000
2KGIIBZ6DGIH,Diaper & Potty Training,BOAELWNUEF5B,PLA_Campaign-2026-04-18-Langot,baby cloth diaper cotton medium,1,0,0.0000,0.0000,0,0,0.0000,0.0000,0.0000,0.0000,0.0000,0.0000
2KGIIBZ6DGIH,Diaper & Potty Training,BOAELWNUEF5B,PLA_Campaign-2026-04-18-Langot,newborn baby cotton pad langot combo,1,0,0.0000,0.0000,0,0,0.0000,0.0000,0.0000,0.0000,0.0000,0.0000
2KGIIBZ6DGIH,Diaper & Potty Training,BOAELWNUEF5B,PLA_Campaign-2026-04-18-Langot,new born baby cloth diaper cotton,1,0,0.0000,0.0000,0,0,0.0000,0.0000,0.0000,0.0000,0.0000,0.0000
2KGIIBZ6DGIH,Diaper & Potty Training,BOAELWNUEF5B,PLA_Campaign-2026-04-18-Langot,Rubber cloth for baby,1,0,0.0000,0.0000,0,0,0.0000,0.0000,0.0000,0.0000,0.0000,0.0000
2KGIIBZ6DGIH,Diaper & Potty Training,BOAELWNUEF5B,PLA_Campaign-2026-04-18-Langot,dry free langot in cotton baby,1,1,1.4300,100.0000,0,0,0.0000,0.0000,0.0000,0.0000,0.0000,1.4300
2KGIIBZ6DGIH,Diaper & Potty Training,BOAELWNUEF5B,PLA_Campaign-2026-04-18-Langot,Little nappy diapers,1,0,0.0000,0.0000,0,0,0.0000,0.0000,0.0000,0.0000,0.0000,0.0000
2KGIIBZ6DGIH,Diaper & Potty Training,BOAELWNUEF5B,PLA_Campaign-2026-04-18-Langot,child boy langot,1,1,1.4300,100.0000,0,0,0.0000,0.0000,0.0000,0.0000,0.0000,1.4300
2KGIIBZ6DGIH,Diaper & Potty Training,BOAELWNUEF5B,PLA_Campaign-2026-04-18-Langot,baby boy,1,0,0.0000,0.0000,0,0,0.0000,0.0000,0.0000,0.0000,0.0000,0.0000
2KGIIBZ6DGIH,Diaper & Potty Training,BOAELWNUEF5B,PLA_Campaign-2026-04-18-Langot,langot for baby 0 to 3 months,1,0,0.0000,0.0000,0,0,0.0000,0.0000,0.0000,0.0000,0.0000,0.0000
2KGIIBZ6DGIH,Diaper & Potty Training,BOAELWNUEF5B,PLA_Campaign-2026-04-18-Langot,super bottom baby langot tiny,1,0,0.0000,0.0000,0,0,0.0000,0.0000,0.0000,0.0000,0.0000,0.0000
2KGIIBZ6DGIH,Diaper & Potty Training,BOAELWNUEF5B,PLA_Campaign-2026-04-18-Langot,new born baby cloth nappies,1,0,0.0000,0.0000,0,0,0.0000,0.0000,0.0000,0.0000,0.0000,0.0000
2KGIIBZ6DGIH,Diaper & Potty Training,BOAELWNUEF5B,PLA_Campaign-2026-04-18-Langot,Nappy pads,1,0,0.0000,0.0000,0,0,0.0000,0.0000,0.0000,0.0000,0.0000,0.0000
2KGIIBZ6DGIH,Diaper & Potty Training,BOAELWNUEF5B,PLA_Campaign-2026-04-18-Langot,baby girl nappy,1,0,0.0000,0.0000,0,0,0.0000,0.0000,0.0000,0.0000,0.0000,0.0000
2KGIIBZ6DGIH,Diaper & Potty Training,BOAELWNUEF5B,PLA_Campaign-2026-04-18-Langot,Small size langot,1,0,0.0000,0.0000,0,0,0.0000,0.0000,0.0000,0.0000,0.0000,0.0000
2KGIIBZ6DGIH,Diaper & Potty Training,BOAELWNUEF5B,PLA_Campaign-2026-04-18-Langot,roymand cloth laing,1,0,0.0000,0.0000,0,0,0.0000,0.0000,0.0000,0.0000,0.0000,0.0000
2KGIIBZ6DGIH,Diaper & Potty Training,BOAELWNUEF5B,PLA_Campaign-2026-04-18-Langot,waterproof ghost,1,0,0.0000,0.0000,0,0,0.0000,0.0000,0.0000,0.0000,0.0000,0.0000
2KGIIBZ6DGIH,Diaper & Potty Training,BOAELWNUEF5B,PLA_Campaign-2026-04-18-Langot,Langot big,1,1,1.4300,100.0000,0,0,0.0000,0.0000,0.0000,0.0000,0.0000,1.4300
2KGIIBZ6DGIH,Diaper & Potty Training,BOAELWNUEF5B,PLA_Campaign-2026-04-18-Langot,waterproof nappies with elastic,1,0,0.0000,0.0000,0,0,0.0000,0.0000,0.0000,0.0000,0.0000,0.0000
2KGIIBZ6DGIH,Diaper & Potty Training,BOAELWNUEF5B,PLA_Campaign-2026-04-18-Langot,soft cotton nappy old age women,1,0,0.0000,0.0000,0,0,0.0000,0.0000,0.0000,0.0000,0.0000,0.0000
2KGIIBZ6DGIH,Diaper & Potty Training,BOAELWNUEF5B,PLA_Campaign-2026-04-18-Langot,new born baby langot set cotton combo full,1,0,0.0000,0.0000,0,0,0.0000,0.0000,0.0000,0.0000,0.0000,0.0000
2KGIIBZ6DGIH,Diaper & Potty Training,BOAELWNUEF5B,PLA_Campaign-2026-04-18-Langot,cloth color,1,0,0.0000,0.0000,0,0,0.0000,0.0000,0.0000,0.0000,0.0000,0.0000
2KGIIBZ6DGIH,Diaper & Potty Training,BOAELWNUEF5B,PLA_Campaign-2026-04-18-Langot,Langot for new born,1,0,0.0000,0.0000,0,0,0.0000,0.0000,0.0000,0.0000,0.0000,0.0000
2KGIIBZ6DGIH,Diaper & Potty Training,BOAELWNUEF5B,PLA_Campaign-2026-04-18-Langot,cloth diaper for 5 year boy,1,0,0.0000,0.0000,0,0,0.0000,0.0000,0.0000,0.0000,0.0000,0.0000
2KGIIBZ6DGIH,Diaper & Potty Training,BOAELWNUEF5B,PLA_Campaign-2026-04-18-Langot,langot for new born,1,0,0.0000,0.0000,0,0,0.0000,0.0000,0.0000,0.0000,0.0000,0.0000
2KGIIBZ6DGIH,Diaper & Potty Training,BOAELWNUEF5B,PLA_Campaign-2026-04-18-Langot,baby super waterproof,1,0,0.0000,0.0000,0,0,0.0000,0.0000,0.0000,0.0000,0.0000,0.0000
2KGIIBZ6DGIH,Diaper & Potty Training,BOAELWNUEF5B,PLA_Campaign-2026-04-18-Langot,baby boy set langot cotton,1,0,0.0000,0.0000,0,0,0.0000,0.0000,0.0000,0.0000,0.0000,0.0000
2KGIIBZ6DGIH,Diaper & Potty Training,BOAELWNUEF5B,PLA_Campaign-2026-04-18-Langot,use and langot nappy,1,0,0.0000,0.0000,0,0,0.0000,0.0000,0.0000,0.0000,0.0000,0.0000
2KGIIBZ6DGIH,Diaper & Potty Training,BOAELWNUEF5B,PLA_Campaign-2026-04-18-Langot,Baby diaper cloth,1,0,0.0000,0.0000,0,0,0.0000,0.0000,0.0000,0.0000,0.0000,0.0000
2KGIIBZ6DGIH,Diaper & Potty Training,BOAELWNUEF5B,PLA_Campaign-2026-04-18-Langot,Babyhug washable cotton langot,1,0,0.0000,0.0000,0,0,0.0000,0.0000,0.0000,0.0000,0.0000,0.0000
2KGIIBZ6DGIH,Diaper & Potty Training,BOAELWNUEF5B,PLA_Campaign-2026-04-18-Langot,dry feel langots pack of 5,1,1,1.4300,100.0000,0,0,0.0000,0.0000,0.0000,0.0000,0.0000,1.4300
2KGIIBZ6DGIH,Diaper & Potty Training,BOAELWNUEF5B,PLA_Campaign-2026-04-18-Langot,langoti for kids,1,0,0.0000,0.0000,0,0,0.0000,0.0000,0.0000,0.0000,0.0000,0.0000
2KGIIBZ6DGIH,Diaper & Potty Training,BOAELWNUEF5B,PLA_Campaign-2026-04-18-Langot,baby langoti cotton padded,1,0,0.0000,0.0000,0,0,0.0000,0.0000,0.0000,0.0000,0.0000,0.0000
2KGIIBZ6DGIH,Diaper & Potty Training,BOAELWNUEF5B,PLA_Campaign-2026-04-18-Langot,zero size baby langot,1,0,0.0000,0.0000,0,0,0.0000,0.0000,0.0000,0.0000,0.0000,0.0000
2KGIIBZ6DGIH,Diaper & Potty Training,BOAELWNUEF5B,PLA_Campaign-2026-04-18-Langot,Langot for boy baby,1,0,0.0000,0.0000,0,0,0.0000,0.0000,0.0000,0.0000,0.0000,0.0000
2KGIIBZ6DGIH,Diaper & Potty Training,BOAELWNUEF5B,PLA_Campaign-2026-04-18-Langot,Dark colour langot,1,0,0.0000,0.0000,0,0,0.0000,0.0000,0.0000,0.0000,0.0000,0.0000
2KGIIBZ6DGIH,Diaper & Potty Training,BOAELWNUEF5B,PLA_Campaign-2026-04-18-Langot,Baby langotas,1,0,0.0000,0.0000,0,0,0.0000,0.0000,0.0000,0.0000,0.0000,0.0000
2KGIIBZ6DGIH,Diaper & Potty Training,BOAELWNUEF5B,PLA_Campaign-2026-04-18-Langot,dry free langot new born,1,0,0.0000,0.0000,0,0,0.0000,0.0000,0.0000,0.0000,0.0000,0.0000
2KGIIBZ6DGIH,Diaper & Potty Training,BOAELWNUEF5B,PLA_Campaign-2026-04-18-Langot,napkin diaper,1,0,0.0000,0.0000,0,0,0.0000,0.0000,0.0000,0.0000,0.0000,0.0000
2KGIIBZ6DGIH,Diaper & Potty Training,BOAELWNUEF5B,PLA_Campaign-2026-04-18-Langot,cotton langot for newborn kids,1,0,0.0000,0.0000,0,0,0.0000,0.0000,0.0000,0.0000,0.0000,0.0000
2KGIIBZ6DGIH,Diaper & Potty Training,BOAELWNUEF5B,PLA_Campaign-2026-04-18-Langot,nappy combo,1,0,0.0000,0.0000,0,0,0.0000,0.0000,0.0000,0.0000,0.0000,0.0000
2KGIIBZ6DGIH,Diaper & Potty Training,BOAELWNUEF5B,PLA_Campaign-2026-04-18-Langot,cloth diaper for 4 year girl,1,0,0.0000,0.0000,0,0,0.0000,0.0000,0.0000,0.0000,0.0000,0.0000
2KGIIBZ6DGIH,Diaper & Potty Training,BOAELWNUEF5B,PLA_Campaign-2026-04-18-Langot,baby cloth diaper 0 size,1,0,0.0000,0.0000,0,0,0.0000,0.0000,0.0000,0.0000,0.0000,0.0000
2KGIIBZ6DGIH,Diaper & Potty Training,BOAELWNUEF5B,PLA_Campaign-2026-04-18-Langot,new born baby boy nappy dress pure cotton,1,0,0.0000,0.0000,0,0,0.0000,0.0000,0.0000,0.0000,0.0000,0.0000
2KGIIBZ6DGIH,Diaper & Potty Training,BOAELWNUEF5B,PLA_Campaign-2026-04-18-Langot,Baby cloth one plus,1,0,0.0000,0.0000,0,0,0.0000,0.0000,0.0000,0.0000,0.0000,0.0000
2KGIIBZ6DGIH,Diaper & Potty Training,BOAELWNUEF5B,PLA_Campaign-2026-04-18-Langot,new born 1st cloth,1,0,0.0000,0.0000,0,0,0.0000,0.0000,0.0000,0.0000,0.0000,0.0000
2KGIIBZ6DGIH,Diaper & Potty Training,BOAELWNUEF5B,PLA_Campaign-2026-04-18-Langot,new born baby langot clothes,1,0,0.0000,0.0000,0,0,0.0000,0.0000,0.0000,0.0000,0.0000,0.0000
2KGIIBZ6DGIH,Diaper & Potty Training,BOAELWNUEF5B,PLA_Campaign-2026-04-18-Langot,langot for 1 year babies,1,0,0.0000,0.0000,0,0,0.0000,0.0000,0.0000,0.0000,0.0000,0.0000
2KGIIBZ6DGIH,Diaper & Potty Training,BOAELWNUEF5B,PLA_Campaign-2026-04-18-Langot,Combo new born langot,1,0,0.0000,0.0000,0,0,0.0000,0.0000,0.0000,0.0000,0.0000,0.0000
2KGIIBZ6DGIH,Diaper & Potty Training,BOAELWNUEF5B,PLA_Campaign-2026-04-18-Langot,plastic nappy,1,0,0.0000,0.0000,0,0,0.0000,0.0000,0.0000,0.0000,0.0000,0.0000
2KGIIBZ6DGIH,Diaper & Potty Training,BOAELWNUEF5B,PLA_Campaign-2026-04-18-Langot,White muslin cloth for newborn baby,1,0,0.0000,0.0000,0,0,0.0000,0.0000,0.0000,0.0000,0.0000,0.0000
2KGIIBZ6DGIH,Diaper & Potty Training,BOAELWNUEF5B,PLA_Campaign-2026-04-18-Langot,2 month baby girl langot,1,0,0.0000,0.0000,0,0,0.0000,0.0000,0.0000,0.0000,0.0000,0.0000
2KGIIBZ6DGIH,Diaper & Potty Training,BOAELWNUEF5B,PLA_Campaign-2026-04-18-Langot,langot boys,1,0,0.0000,0.0000,0,0,0.0000,0.0000,0.0000,0.0000,0.0000,0.0000
2KGIIBZ6DGIH,Diaper & Potty Training,BOAELWNUEF5B,PLA_Campaign-2026-04-18-Langot,washable padded langots newborn,1,0,0.0000,0.0000,0,0,0.0000,0.0000,0.0000,0.0000,0.0000,0.0000
2KGIIBZ6DGIH,Diaper & Potty Training,BOAELWNUEF5B,PLA_Campaign-2026-04-18-Langot,Plastic nappy,1,0,0.0000,0.0000,0,0,0.0000,0.0000,0.0000,0.0000,0.0000,0.0000
2KGIIBZ6DGIH,Diaper & Potty Training,BOAELWNUEF5B,PLA_Campaign-2026-04-18-Langot,newborn baby food set,1,0,0.0000,0.0000,0,0,0.0000,0.0000,0.0000,0.0000,0.0000,0.0000
2KGIIBZ6DGIH,Diaper & Potty Training,BOAELWNUEF5B,PLA_Campaign-2026-04-18-Langot,waterproof diaper for 4 years girls,1,0,0.0000,0.0000,0,0,0.0000,0.0000,0.0000,0.0000,0.0000,0.0000
2KGIIBZ6DGIH,Diaper & Potty Training,BOAELWNUEF5B,PLA_Campaign-2026-04-18-Langot,water proof reusable langots,1,0,0.0000,0.0000,0,0,0.0000,0.0000,0.0000,0.0000,0.0000,0.0000
2KGIIBZ6DGIH,Diaper & Potty Training,BOAELWNUEF5B,PLA_Campaign-2026-04-18-Langot,chaddis in baby,1,0,0.0000,0.0000,0,0,0.0000,0.0000,0.0000,0.0000,0.0000,0.0000
2KGIIBZ6DGIH,Diaper & Potty Training,BOAELWNUEF5B,PLA_Campaign-2026-04-18-Langot,Dryfeel langot for 6 12 months baby,1,0,0.0000,0.0000,0,0,0.0000,0.0000,0.0000,0.0000,0.0000,0.0000
2KGIIBZ6DGIH,Diaper & Potty Training,BOAELWNUEF5B,PLA_Campaign-2026-04-18-Langot,baby cloth diaper like langot,1,0,0.0000,0.0000,0,0,0.0000,0.0000,0.0000,0.0000,0.0000,0.0000
2KGIIBZ6DGIH,Diaper & Potty Training,BOAELWNUEF5B,PLA_Campaign-2026-04-18-Langot,super bottom cloth diaper for newborn baby,1,0,0.0000,0.0000,0,0,0.0000,0.0000,0.0000,0.0000,0.0000,0.0000
2KGIIBZ6DGIH,Diaper & Potty Training,BOAELWNUEF5B,PLA_Campaign-2026-04-18-Langot,jingle kids cloth diapers for girls nappy,1,0,0.0000,0.0000,0,0,0.0000,0.0000,0.0000,0.0000,0.0000,0.0000
2KGIIBZ6DGIH,Diaper & Potty Training,BOAELWNUEF5B,PLA_Campaign-2026-04-18-Langot,baby turkey white,1,0,0.0000,0.0000,0,0,0.0000,0.0000,0.0000,0.0000,0.0000,0.0000
2KGIIBZ6DGIH,Diaper & Potty Training,BOAELWNUEF5B,PLA_Campaign-2026-04-18-Langot,Newborn cloth diaper,1,0,0.0000,0.0000,0,0,0.0000,0.0000,0.0000,0.0000,0.0000,0.0000
2KGIIBZ6DGIH,Diaper & Potty Training,BOAELWNUEF5B,PLA_Campaign-2026-04-18-Langot,langot for baby boy waterproof,1,0,0.0000,0.0000,0,0,0.0000,0.0000,0.0000,0.0000,0.0000,0.0000
2KGIIBZ6DGIH,Diaper & Potty Training,BOAELWNUEF5B,PLA_Campaign-2026-04-18-Langot,one size newborn cotton,1,0,0.0000,0.0000,0,0,0.0000,0.0000,0.0000,0.0000,0.0000,0.0000
2KGIIBZ6DGIH,Diaper & Potty Training,BOAELWNUEF5B,PLA_Campaign-2026-04-18-Langot,need langot for designs,1,0,0.0000,0.0000,0,0,0.0000,0.0000,0.0000,0.0000,0.0000,0.0000
2KGIIBZ6DGIH,Diaper & Potty Training,BOAELWNUEF5B,PLA_Campaign-2026-04-18-Langot,langot for new born baby girl,1,0,0.0000,0.0000,0,0,0.0000,0.0000,0.0000,0.0000,0.0000,0.0000
2KGIIBZ6DGIH,Diaper & Potty Training,BOAELWNUEF5B,PLA_Campaign-2026-04-18-Langot,New born pure cotton langot,1,0,0.0000,0.0000,0,0,0.0000,0.0000,0.0000,0.0000,0.0000,0.0000
2KGIIBZ6DGIH,Diaper & Potty Training,BOAELWNUEF5B,PLA_Campaign-2026-04-18-Langot,2 month baby langot,1,0,0.0000,0.0000,0,0,0.0000,0.0000,0.0000,0.0000,0.0000,0.0000
2KGIIBZ6DGIH,Diaper & Potty Training,BOAELWNUEF5B,PLA_Campaign-2026-04-18-Langot,cotton langot for 1 year baby,1,0,0.0000,0.0000,0,0,0.0000,0.0000,0.0000,0.0000,0.0000,0.0000
2KGIIBZ6DGIH,Diaper & Potty Training,BOAELWNUEF5B,PLA_Campaign-2026-04-18-Langot,new born baby home cloth,1,0,0.0000,0.0000,0,0,0.0000,0.0000,0.0000,0.0000,0.0000,0.0000
2KGIIBZ6DGIH,Diaper & Potty Training,BOAELWNUEF5B,PLA_Campaign-2026-04-18-Langot,High quality cotton langot for newborn baby,1,0,0.0000,0.0000,0,0,0.0000,0.0000,0.0000,0.0000,0.0000,0.0000
2KGIIBZ6DGIH,Diaper & Potty Training,BOAELWNUEF5B,PLA_Campaign-2026-04-18-Langot,kids 2 years langot,1,1,1.4300,100.0000,0,0,0.0000,0.0000,0.0000,0.0000,0.0000,1.4300
2KGIIBZ6DGIH,Diaper & Potty Training,BOAELWNUEF5B,PLA_Campaign-2026-04-18-Langot,mee mee,1,0,0.0000,0.0000,0,0,0.0000,0.0000,0.0000,0.0000,0.0000,0.0000
2KGIIBZ6DGIH,Diaper & Potty Training,BOAELWNUEF5B,PLA_Campaign-2026-04-18-Langot,Padded cotton nappies,1,0,0.0000,0.0000,0,0,0.0000,0.0000,0.0000,0.0000,0.0000,0.0000
2KGIIBZ6DGIH,Diaper & Potty Training,BOAELWNUEF5B,PLA_Campaign-2026-04-18-Langot,Waterproof baby nappies,1,0,0.0000,0.0000,0,0,0.0000,0.0000,0.0000,0.0000,0.0000,0.0000
2KGIIBZ6DGIH,Diaper & Potty Training,BOAELWNUEF5B,PLA_Campaign-2026-04-18-Langot,baby dry feel large size,1,0,0.0000,0.0000,0,0,0.0000,0.0000,0.0000,0.0000,0.0000,0.0000
2KGIIBZ6DGIH,Diaper & Potty Training,BOAELWNUEF5B,PLA_Campaign-2026-04-18-Langot,muslin clothes for baby langot,1,0,0.0000,0.0000,0,0,0.0000,0.0000,0.0000,0.0000,0.0000,0.0000
2KGIIBZ6DGIH,Diaper & Potty Training,BOAELWNUEF5B,PLA_Campaign-2026-04-18-Langot,kids langota,1,0,0.0000,0.0000,0,0,0.0000,0.0000,0.0000,0.0000,0.0000,0.0000
2KGIIBZ6DGIH,Diaper & Potty Training,BOAELWNUEF5B,PLA_Campaign-2026-04-18-Langot,Disposable langot,1,0,0.0000,0.0000,0,0,0.0000,0.0000,0.0000,0.0000,0.0000,0.0000
2KGIIBZ6DGIH,Diaper & Potty Training,BOAELWNUEF5B,PLA_Campaign-2026-04-18-Langot,new born baby summer set,1,0,0.0000,0.0000,0,0,0.0000,0.0000,0.0000,0.0000,0.0000,0.0000
2KGIIBZ6DGIH,Diaper & Potty Training,BOAELWNUEF5B,PLA_Campaign-2026-04-18-Langot,Cotton cloth for baby,1,0,0.0000,0.0000,0,0,0.0000,0.0000,0.0000,0.0000,0.0000,0.0000
2KGIIBZ6DGIH,Diaper & Potty Training,BOAELWNUEF5B,PLA_Campaign-2026-04-18-Langot,extra pad for langot,1,0,0.0000,0.0000,0,0,0.0000,0.0000,0.0000,0.0000,0.0000,0.0000
2KGIIBZ6DGIH,Diaper & Potty Training,BOAELWNUEF5B,PLA_Campaign-2026-04-18-Langot,Waterproof for girls,1,0,0.0000,0.0000,0,0,0.0000,0.0000,0.0000,0.0000,0.0000,0.0000
2KGIIBZ6DGIH,Diaper & Potty Training,BOAELWNUEF5B,PLA_Campaign-2026-04-18-Langot,Pads for new born baby,1,0,0.0000,0.0000,0,0,0.0000,0.0000,0.0000,0.0000,0.0000,0.0000
2KGIIBZ6DGIH,Diaper & Potty Training,BOAELWNUEF5B,PLA_Campaign-2026-04-18-Langot,bunny nappy,1,0,0.0000,0.0000,0,0,0.0000,0.0000,0.0000,0.0000,0.0000,0.0000
2KGIIBZ6DGIH,Diaper & Potty Training,BOAELWNUEF5B,PLA_Campaign-2026-04-18-Langot,waterproof diaper for 2yrs,1,0,0.0000,0.0000,0,0,0.0000,0.0000,0.0000,0.0000,0.0000,0.0000
2KGIIBZ6DGIH,Diaper & Potty Training,BOAELWNUEF5B,PLA_Campaign-2026-04-18-Langot,swimming cloth for new born,1,0,0.0000,0.0000,0,0,0.0000,0.0000,0.0000,0.0000,0.0000,0.0000
2KGIIBZ6DGIH,Diaper & Potty Training,BOAELWNUEF5B,PLA_Campaign-2026-04-18-Langot,dress langot for baby,1,0,0.0000,0.0000,0,0,0.0000,0.0000,0.0000,0.0000,0.0000,0.0000
2KGIIBZ6DGIH,Diaper & Potty Training,BOAELWNUEF5B,PLA_Campaign-2026-04-18-Langot,daies,1,0,0.0000,0.0000,0,0,0.0000,0.0000,0.0000,0.0000,0.0000,0.0000
2KGIIBZ6DGIH,Diaper & Potty Training,BOAELWNUEF5B,PLA_Campaign-2026-04-18-Langot,langoti for small kids,1,0,0.0000,0.0000,0,0,0.0000,0.0000,0.0000,0.0000,0.0000,0.0000
2KGIIBZ6DGIH,Diaper & Potty Training,BOAELWNUEF5B,PLA_Campaign-2026-04-18-Langot,baby nappy pure cotton new born,1,0,0.0000,0.0000,0,0,0.0000,0.0000,0.0000,0.0000,0.0000,0.0000
2KGIIBZ6DGIH,Diaper & Potty Training,BOAELWNUEF5B,PLA_Campaign-2026-04-18-Langot,langota cotton me kids,1,0,0.0000,0.0000,0,0,0.0000,0.0000,0.0000,0.0000,0.0000,0.0000
2KGIIBZ6DGIH,Diaper & Potty Training,BOAELWNUEF5B,PLA_Campaign-2026-04-18-Langot,cotton langot waterproof,1,0,0.0000,0.0000,0,0,0.0000,0.0000,0.0000,0.0000,0.0000,0.0000
2KGIIBZ6DGIH,Diaper & Potty Training,BOAELWNUEF5B,PLA_Campaign-2026-04-18-Langot,cotton clothes langot for baby,1,0,0.0000,0.0000,0,0,0.0000,0.0000,0.0000,0.0000,0.0000,0.0000
2KGIIBZ6DGIH,Diaper & Potty Training,BOAELWNUEF5B,PLA_Campaign-2026-04-18-Langot,liltoes,1,0,0.0000,0.0000,0,0,0.0000,0.0000,0.0000,0.0000,0.0000,0.0000
2KGIIBZ6DGIH,Diaper & Potty Training,BOAELWNUEF5B,PLA_Campaign-2026-04-18-Langot,Baby nappy,1,0,0.0000,0.0000,0,0,0.0000,0.0000,0.0000,0.0000,0.0000,0.0000
2KGIIBZ6DGIH,Diaper & Potty Training,BOAELWNUEF5B,PLA_Campaign-2026-04-18-Langot,baby head 8 year,1,0,0.0000,0.0000,0,0,0.0000,0.0000,0.0000,0.0000,0.0000,0.0000
2KGIIBZ6DGIH,Diaper & Potty Training,BOAELWNUEF5B,PLA_Campaign-2026-04-18-Langot,cotton diaper for girl 2 - 3 years,1,0,0.0000,0.0000,0,0,0.0000,0.0000,0.0000,0.0000,0.0000,0.0000
2KGIIBZ6DGIH,Diaper & Potty Training,BOAELWNUEF5B,PLA_Campaign-2026-04-18-Langot,new born baby diapers cotton langot,1,0,0.0000,0.0000,0,0,0.0000,0.0000,0.0000,0.0000,0.0000,0.0000
2KGIIBZ6DGIH,Diaper & Potty Training,BOAELWNUEF5B,PLA_Campaign-2026-04-18-Langot,nappy set,1,0,0.0000,0.0000,0,0,0.0000,0.0000,0.0000,0.0000,0.0000,0.0000
2KGIIBZ6DGIH,Diaper & Potty Training,BOAELWNUEF5B,PLA_Campaign-2026-04-18-Langot,newborn babies gadget,1,0,0.0000,0.0000,0,0,0.0000,0.0000,0.0000,0.0000,0.0000,0.0000
2KGIIBZ6DGIH,Diaper & Potty Training,BOAELWNUEF5B,PLA_Campaign-2026-04-18-Langot,useful diaper,1,0,0.0000,0.0000,0,0,0.0000,0.0000,0.0000,0.0000,0.0000,0.0000
2KGIIBZ6DGIH,Diaper & Potty Training,BOAELWNUEF5B,PLA_Campaign-2026-04-18-Langot,Baby elastic waterproof nappy,1,0,0.0000,0.0000,0,0,0.0000,0.0000,0.0000,0.0000,0.0000,0.0000
2KGIIBZ6DGIH,Diaper & Potty Training,BOAELWNUEF5B,PLA_Campaign-2026-04-18-Langot,dry feel langot for hot summer,1,0,0.0000,0.0000,0,0,0.0000,0.0000,0.0000,0.0000,0.0000,0.0000
2KGIIBZ6DGIH,Diaper & Potty Training,BOAELWNUEF5B,PLA_Campaign-2026-04-18-Langot,size new born cloth,1,0,0.0000,0.0000,0,0,0.0000,0.0000,0.0000,0.0000,0.0000,0.0000
2KGIIBZ6DGIH,Diaper & Potty Training,BOAELWNUEF5B,PLA_Campaign-2026-04-18-Langot,baby nappy for newborn,1,0,0.0000,0.0000,0,0,0.0000,0.0000,0.0000,0.0000,0.0000,0.0000
2KGIIBZ6DGIH,Diaper & Potty Training,BOAELWNUEF5B,PLA_Campaign-2026-04-18-Langot,baby looks waterproof nappy liners,1,0,0.0000,0.0000,0,0,0.0000,0.0000,0.0000,0.0000,0.0000,0.0000
2KGIIBZ6DGIH,Diaper & Potty Training,BOAELWNUEF5B,PLA_Campaign-2026-04-18-Langot,baby hag water,1,0,0.0000,0.0000,0,0,0.0000,0.0000,0.0000,0.0000,0.0000,0.0000
2KGIIBZ6DGIH,Diaper & Potty Training,BOAELWNUEF5B,PLA_Campaign-2026-04-18-Langot,White cloth baby,1,0,0.0000,0.0000,0,0,0.0000,0.0000,0.0000,0.0000,0.0000,0.0000
2KGIIBZ6DGIH,Diaper & Potty Training,BOAELWNUEF5B,PLA_Campaign-2026-04-18-Langot,cloth diapers for baby white,1,0,0.0000,0.0000,0,0,0.0000,0.0000,0.0000,0.0000,0.0000,0.0000
2KGIIBZ6DGIH,Diaper & Potty Training,BOAELWNUEF5B,PLA_Campaign-2026-04-18-Langot,baba ramdev,1,0,0.0000,0.0000,0,0,0.0000,0.0000,0.0000,0.0000,0.0000,0.0000
2KGIIBZ6DGIH,Diaper & Potty Training,BOAELWNUEF5B,PLA_Campaign-2026-04-18-Langot,waterproof baby boy,1,0,0.0000,0.0000,0,0,0.0000,0.0000,0.0000,0.0000,0.0000,0.0000
2KGIIBZ6DGIH,Diaper & Potty Training,BOAELWNUEF5B,PLA_Campaign-2026-04-18-Langot,Langot b,1,0,0.0000,0.0000,0,0,0.0000,0.0000,0.0000,0.0000,0.0000,0.0000
2KGIIBZ6DGIH,Diaper & Potty Training,BOAELWNUEF5B,PLA_Campaign-2026-04-18-Langot,baby langot small,1,0,0.0000,0.0000,0,0,0.0000,0.0000,0.0000,0.0000,0.0000,0.0000
2KGIIBZ6DGIH,Diaper & Potty Training,BOAELWNUEF5B,PLA_Campaign-2026-04-18-Langot,langot extra pad,1,0,0.0000,0.0000,0,0,0.0000,0.0000,0.0000,0.0000,0.0000,0.0000
2KGIIBZ6DGIH,Diaper & Potty Training,BOAELWNUEF5B,PLA_Campaign-2026-04-18-Langot,3 month baby cloth diaper,1,0,0.0000,0.0000,0,0,0.0000,0.0000,0.0000,0.0000,0.0000,0.0000
2KGIIBZ6DGIH,Diaper & Potty Training,BOAELWNUEF5B,PLA_Campaign-2026-04-18-Langot,velcro langot for baby,1,0,0.0000,0.0000,0,0,0.0000,0.0000,0.0000,0.0000,0.0000,0.0000
2KGIIBZ6DGIH,Diaper & Potty Training,BOAELWNUEF5B,PLA_Campaign-2026-04-18-Langot,3 month baby langot,1,0,0.0000,0.0000,0,0,0.0000,0.0000,0.0000,0.0000,0.0000,0.0000
2KGIIBZ6DGIH,Diaper & Potty Training,BOAELWNUEF5B,PLA_Campaign-2026-04-18-Langot,sleep cloth diapers for baby nappy small,1,0,0.0000,0.0000,0,0,0.0000,0.0000,0.0000,0.0000,0.0000,0.0000
2KGIIBZ6DGIH,Diaper & Potty Training,BOAELWNUEF5B,PLA_Campaign-2026-04-18-Langot,Baby langot 0 3 month,1,0,0.0000,0.0000,0,0,0.0000,0.0000,0.0000,0.0000,0.0000,0.0000
2KGIIBZ6DGIH,Diaper & Potty Training,BOAELWNUEF5B,PLA_Campaign-2026-04-18-Langot,super basic langot,1,0,0.0000,0.0000,0,0,0.0000,0.0000,0.0000,0.0000,0.0000,0.0000
2KGIIBZ6DGIH,Diaper & Potty Training,BOAELWNUEF5B,PLA_Campaign-2026-04-18-Langot,Baby langot cotton 0 6 month,1,0,0.0000,0.0000,0,0,0.0000,0.0000,0.0000,0.0000,0.0000,0.0000
2KGIIBZ6DGIH,Diaper & Potty Training,BOAELWNUEF5B,PLA_Campaign-2026-04-18-Langot,Feeding nappy,1,0,0.0000,0.0000,0,0,0.0000,0.0000,0.0000,0.0000,0.0000,0.0000
2KGIIBZ6DGIH,Diaper & Potty Training,BOAELWNUEF5B,PLA_Campaign-2026-04-18-Langot,superbottom langot,1,0,0.0000,0.0000,0,0,0.0000,0.0000,0.0000,0.0000,0.0000,0.0000
2KGIIBZ6DGIH,Diaper & Potty Training,BOAELWNUEF5B,PLA_Campaign-2026-04-18-Langot,Bamboo cloth for new born,1,0,0.0000,0.0000,0,0,0.0000,0.0000,0.0000,0.0000,0.0000,0.0000
2KGIIBZ6DGIH,Diaper & Potty Training,BOAELWNUEF5B,PLA_Campaign-2026-04-18-Langot,0 2 kids langot,1,0,0.0000,0.0000,0,0,0.0000,0.0000,0.0000,0.0000,0.0000,0.0000
2KGIIBZ6DGIH,Diaper & Potty Training,BOAELWNUEF5B,PLA_Campaign-2026-04-18-Langot,Newborn baby all things,1,0,0.0000,0.0000,0,0,0.0000,0.0000,0.0000,0.0000,0.0000,0.0000
2KGIIBZ6DGIH,Diaper & Potty Training,BOAELWNUEF5B,PLA_Campaign-2026-04-18-Langot,langot with baby dress,1,0,0.0000,0.0000,0,0,0.0000,0.0000,0.0000,0.0000,0.0000,0.0000
2KGIIBZ6DGIH,Diaper & Potty Training,BOAELWNUEF5B,PLA_Campaign-2026-04-18-Langot,super bottom baby langot diaper combo,1,0,0.0000,0.0000,0,0,0.0000,0.0000,0.0000,0.0000,0.0000,0.0000
2KGIIBZ6DGIH,Diaper & Potty Training,BOAELWNUEF5B,PLA_Campaign-2026-04-18-Langot,new born langot pure cotton,1,0,0.0000,0.0000,0,0,0.0000,0.0000,0.0000,0.0000,0.0000,0.0000
2KGIIBZ6DGIH,Diaper & Potty Training,BOAELWNUEF5B,PLA_Campaign-2026-04-18-Langot,White Nappy combo babies,1,0,0.0000,0.0000,0,0,0.0000,0.0000,0.0000,0.0000,0.0000,0.0000
2KGIIBZ6DGIH,Diaper & Potty Training,BOAELWNUEF5B,PLA_Campaign-2026-04-18-Langot,Favorite dry cotton,1,0,0.0000,0.0000,0,0,0.0000,0.0000,0.0000,0.0000,0.0000,0.0000
2KGIIBZ6DGIH,Diaper & Potty Training,BOAELWNUEF5B,PLA_Campaign-2026-04-18-Langot,Muslin langots,1,0,0.0000,0.0000,0,0,0.0000,0.0000,0.0000,0.0000,0.0000,0.0000
2KGIIBZ6DGIH,Diaper & Potty Training,BOAELWNUEF5B,PLA_Campaign-2026-04-18-Langot,langot design,1,0,0.0000,0.0000,0,0,0.0000,0.0000,0.0000,0.0000,0.0000,0.0000
2KGIIBZ6DGIH,Diaper & Potty Training,BOAELWNUEF5B,PLA_Campaign-2026-04-18-Langot,shoesdry feel langots pack of 3 newborn baby,1,0,0.0000,0.0000,0,0,0.0000,0.0000,0.0000,0.0000,0.0000,0.0000
2KGIIBZ6DGIH,Diaper & Potty Training,BOAELWNUEF5B,PLA_Campaign-2026-04-18-Langot,baby waterproof,1,0,0.0000,0.0000,0,0,0.0000,0.0000,0.0000,0.0000,0.0000,0.0000
2KGIIBZ6DGIH,Diaper & Potty Training,BOAELWNUEF5B,PLA_Campaign-2026-04-18-Langot,kitchen trolley layer red and white colour,1,0,0.0000,0.0000,0,0,0.0000,0.0000,0.0000,0.0000,0.0000,0.0000
2KGIIBZ6DGIH,Diaper & Potty Training,BOAELWNUEF5B,PLA_Campaign-2026-04-18-Langot,babymoon nappy large,1,0,0.0000,0.0000,0,0,0.0000,0.0000,0.0000,0.0000,0.0000,0.0000
2KGIIBZ6DGIH,Diaper & Potty Training,BOAELWNUEF5B,PLA_Campaign-2026-04-18-Langot,langot for baby triple,1,0,0.0000,0.0000,0,0,0.0000,0.0000,0.0000,0.0000,0.0000,0.0000
2KGIIBZ6DGIH,Diaper & Potty Training,BOAELWNUEF5B,PLA_Campaign-2026-04-18-Langot,new born baby cloth diaper can wash,1,0,0.0000,0.0000,0,0,0.0000,0.0000,0.0000,0.0000,0.0000,0.0000
2KGIIBZ6DGIH,Diaper & Potty Training,BOAELWNUEF5B,PLA_Campaign-2026-04-18-Langot,cotton langot for newborn waterproof,1,0,0.0000,0.0000,0,0,0.0000,0.0000,0.0000,0.0000,0.0000,0.0000
2KGIIBZ6DGIH,Diaper & Potty Training,BOAELWNUEF5B,PLA_Campaign-2026-04-18-Langot,New born,1,0,0.0000,0.0000,0,0,0.0000,0.0000,0.0000,0.0000,0.0000,0.0000
2KGIIBZ6DGIH,Diaper & Potty Training,BOAELWNUEF5B,PLA_Campaign-2026-04-18-Langot,Cotton baby diaper,1,0,0.0000,0.0000,0,0,0.0000,0.0000,0.0000,0.0000,0.0000,0.0000
2KGIIBZ6DGIH,Diaper & Potty Training,BOAELWNUEF5B,PLA_Campaign-2026-04-18-Langot,super bottom dry free langot for baby boy,1,0,0.0000,0.0000,0,0,0.0000,0.0000,0.0000,0.0000,0.0000,0.0000
2KGIIBZ6DGIH,Diaper & Potty Training,BOAELWNUEF5B,PLA_Campaign-2026-04-18-Langot,Under 200 boys,1,0,0.0000,0.0000,0,0,0.0000,0.0000,0.0000,0.0000,0.0000,0.0000
2KGIIBZ6DGIH,Diaper & Potty Training,BOAELWNUEF5B,PLA_Campaign-2026-04-18-Langot,boy kid,1,0,0.0000,0.0000,0,0,0.0000,0.0000,0.0000,0.0000,0.0000,0.0000
2KGIIBZ6DGIH,Diaper & Potty Training,BOAELWNUEF5B,PLA_Campaign-2026-04-18-Langot,Newborn baby cotton cloth,1,0,0.0000,0.0000,0,0,0.0000,0.0000,0.0000,0.0000,0.0000,0.0000
2KGIIBZ6DGIH,Diaper & Potty Training,BOAELWNUEF5B,PLA_Campaign-2026-04-18-Langot,size baby logo cloth rope,1,0,0.0000,0.0000,0,0,0.0000,0.0000,0.0000,0.0000,0.0000,0.0000
2KGIIBZ6DGIH,Diaper & Potty Training,BOAELWNUEF5B,PLA_Campaign-2026-04-18-Langot,langot for 2 month baby,1,0,0.0000,0.0000,0,0,0.0000,0.0000,0.0000,0.0000,0.0000,0.0000
2KGIIBZ6DGIH,Diaper & Potty Training,BOAELWNUEF5B,PLA_Campaign-2026-04-18-Langot,super bottom langot big size diaper,1,0,0.0000,0.0000,0,0,0.0000,0.0000,0.0000,0.0000,0.0000,0.0000
2KGIIBZ6DGIH,Diaper & Potty Training,BOAELWNUEF5B,PLA_Campaign-2026-04-18-Langot,waterproof pads,1,0,0.0000,0.0000,0,0,0.0000,0.0000,0.0000,0.0000,0.0000,0.0000
2KGIIBZ6DGIH,Diaper & Potty Training,BOAELWNUEF5B,PLA_Campaign-2026-04-18-Langot,super bottoms langot pack of 12 combo,1,0,0.0000,0.0000,0,0,0.0000,0.0000,0.0000,0.0000,0.0000,0.0000
2KGIIBZ6DGIH,Diaper & Potty Training,BOAELWNUEF5B,PLA_Campaign-2026-04-18-Langot,waterproof cloth for baby,1,1,1.4300,100.0000,0,0,0.0000,0.0000,0.0000,0.0000,0.0000,1.4300
2KGIIBZ6DGIH,Diaper & Potty Training,BOAELWNUEF5B,PLA_Campaign-2026-04-18-Langot,langot price,1,0,0.0000,0.0000,0,0,0.0000,0.0000,0.0000,0.0000,0.0000,0.0000
2KGIIBZ6DGIH,Diaper & Potty Training,BOAELWNUEF5B,PLA_Campaign-2026-04-18-Langot,baby langot 0 size,1,0,0.0000,0.0000,0,0,0.0000,0.0000,0.0000,0.0000,0.0000,0.0000
2KGIIBZ6DGIH,Diaper & Potty Training,BOAELWNUEF5B,PLA_Campaign-2026-04-18-Langot,baby dry langot,1,0,0.0000,0.0000,0,0,0.0000,0.0000,0.0000,0.0000,0.0000,0.0000
2KGIIBZ6DGIH,Diaper & Potty Training,BOAELWNUEF5B,PLA_Campaign-2026-04-18-Langot,red cloth yellow,1,0,0.0000,0.0000,0,0,0.0000,0.0000,0.0000,0.0000,0.0000,0.0000
2KGIIBZ6DGIH,Diaper & Potty Training,BOAELWNUEF5B,PLA_Campaign-2026-04-18-Langot,baby langot washable,1,0,0.0000,0.0000,0,0,0.0000,0.0000,0.0000,0.0000,0.0000,0.0000
2KGIIBZ6DGIH,Diaper & Potty Training,BOAELWNUEF5B,PLA_Campaign-2026-04-18-Langot,langot of 4 month baby,1,0,0.0000,0.0000,0,0,0.0000,0.0000,0.0000,0.0000,0.0000,0.0000
2KGIIBZ6DGIH,Diaper & Potty Training,BOAELWNUEF5B,PLA_Campaign-2026-04-18-Langot,langots for 7 kg,1,0,0.0000,0.0000,0,0,0.0000,0.0000,0.0000,0.0000,0.0000,0.0000
2KGIIBZ6DGIH,Diaper & Potty Training,BOAELWNUEF5B,PLA_Campaign-2026-04-18-Langot,cotton cloth new born,1,0,0.0000,0.0000,0,0,0.0000,0.0000,0.0000,0.0000,0.0000,0.0000
2KGIIBZ6DGIH,Diaper & Potty Training,BOAELWNUEF5B,PLA_Campaign-2026-04-18-Langot,White baby turkey,1,0,0.0000,0.0000,0,0,0.0000,0.0000,0.0000,0.0000,0.0000,0.0000
2KGIIBZ6DGIH,Diaper & Potty Training,BOAELWNUEF5B,PLA_Campaign-2026-04-18-Langot,cotton pads for baby,1,0,0.0000,0.0000,0,0,0.0000,0.0000,0.0000,0.0000,0.0000,0.0000
2KGIIBZ6DGIH,Diaper & Potty Training,BOAELWNUEF5B,PLA_Campaign-2026-04-18-Langot,cloth diaper for newborn with padded,1,0,0.0000,0.0000,0,0,0.0000,0.0000,0.0000,0.0000,0.0000,0.0000
2KGIIBZ6DGIH,Diaper & Potty Training,BOAELWNUEF5B,PLA_Campaign-2026-04-18-Langot,Baby triangle langot cotton,1,0,0.0000,0.0000,0,0,0.0000,0.0000,0.0000,0.0000,0.0000,0.0000
2KGIIBZ6DGIH,Diaper & Potty Training,BOAELWNUEF5B,PLA_Campaign-2026-04-18-Langot,langots for 3 year kids,1,0,0.0000,0.0000,0,0,0.0000,0.0000,0.0000,0.0000,0.0000,0.0000
2KGIIBZ6DGIH,Diaper & Potty Training,BOAELWNUEF5B,PLA_Campaign-2026-04-18-Langot,cloth diapers for baby pack of 3,1,0,0.0000,0.0000,0,0,0.0000,0.0000,0.0000,0.0000,0.0000,0.0000
2KGIIBZ6DGIH,Diaper & Potty Training,BOAELWNUEF5B,PLA_Campaign-2026-04-18-Langot,Swimming diapers,1,0,0.0000,0.0000,0,0,0.0000,0.0000,0.0000,0.0000,0.0000,0.0000
2KGIIBZ6DGIH,Diaper & Potty Training,BOAELWNUEF5B,PLA_Campaign-2026-04-18-Langot,small baby cloth,1,0,0.0000,0.0000,0,0,0.0000,0.0000,0.0000,0.0000,0.0000,0.0000
2KGIIBZ6DGIH,Diaper & Potty Training,BOAELWNUEF5B,PLA_Campaign-2026-04-18-Langot,newborn clothes langot,1,0,0.0000,0.0000,0,0,0.0000,0.0000,0.0000,0.0000,0.0000,0.0000
2KGIIBZ6DGIH,Diaper & Potty Training,BOAELWNUEF5B,PLA_Campaign-2026-04-18-Langot,Small cloth diapers for newborn,1,0,0.0000,0.0000,0,0,0.0000,0.0000,0.0000,0.0000,0.0000,0.0000
2KGIIBZ6DGIH,Diaper & Potty Training,BOAELWNUEF5B,PLA_Campaign-2026-04-18-Langot,babies,1,0,0.0000,0.0000,0,0,0.0000,0.0000,0.0000,0.0000,0.0000,0.0000
2KGIIBZ6DGIH,Diaper & Potty Training,BOAELWNUEF5B,PLA_Campaign-2026-04-18-Langot,omnix,1,0,0.0000,0.0000,0,0,0.0000,0.0000,0.0000,0.0000,0.0000,0.0000
2KGIIBZ6DGIH,Diaper & Potty Training,BOAELWNUEF5B,PLA_Campaign-2026-04-18-Langot,new born baby clothes with langot,1,0,0.0000,0.0000,0,0,0.0000,0.0000,0.0000,0.0000,0.0000,0.0000
2KGIIBZ6DGIH,Diaper & Potty Training,BOAELWNUEF5B,PLA_Campaign-2026-04-18-Langot,new born uno cloth diaper,1,0,0.0000,0.0000,0,0,0.0000,0.0000,0.0000,0.0000,0.0000,0.0000
2KGIIBZ6DGIH,Diaper & Potty Training,BOAELWNUEF5B,PLA_Campaign-2026-04-18-Langot,new born baby cloth babyhug,1,0,0.0000,0.0000,0,0,0.0000,0.0000,0.0000,0.0000,0.0000,0.0000
2KGIIBZ6DGIH,Diaper & Potty Training,BOAELWNUEF5B,PLA_Campaign-2026-04-18-Langot,girls under rs 181,1,0,0.0000,0.0000,0,0,0.0000,0.0000,0.0000,0.0000,0.0000,0.0000
2KGIIBZ6DGIH,Diaper & Potty Training,BOAELWNUEF5B,PLA_Campaign-2026-04-18-Langot,Langot new,1,0,0.0000,0.0000,0,0,0.0000,0.0000,0.0000,0.0000,0.0000,0.0000
2KGIIBZ6DGIH,Diaper & Potty Training,BOAELWNUEF5B,PLA_Campaign-2026-04-18-Langot,langot for baby good quality,1,0,0.0000,0.0000,0,0,0.0000,0.0000,0.0000,0.0000,0.0000,0.0000
2KGIIBZ6DGIH,Diaper & Potty Training,BOAELWNUEF5B,PLA_Campaign-2026-04-18-Langot,Lagerbapaanes,1,0,0.0000,0.0000,0,0,0.0000,0.0000,0.0000,0.0000,0.0000,0.0000
2KGIIBZ6DGIH,Diaper & Potty Training,BOAELWNUEF5B,PLA_Campaign-2026-04-18-Langot,no leakage langot,1,0,0.0000,0.0000,0,0,0.0000,0.0000,0.0000,0.0000,0.0000,0.0000
2KGIIBZ6DGIH,Diaper & Potty Training,BOAELWNUEF5B,PLA_Campaign-2026-04-18-Langot,baby waterproof cotton,1,0,0.0000,0.0000,0,0,0.0000,0.0000,0.0000,0.0000,0.0000,0.0000
2KGIIBZ6DGIH,Diaper & Potty Training,BOAELWNUEF5B,PLA_Campaign-2026-04-18-Langot,baby langoti cotton big size,1,0,0.0000,0.0000,0,0,0.0000,0.0000,0.0000,0.0000,0.0000,0.0000
2KGIIBZ6DGIH,Diaper & Potty Training,BOAELWNUEF5B,PLA_Campaign-2026-04-18-Langot,white cloth for baby,1,0,0.0000,0.0000,0,0,0.0000,0.0000,0.0000,0.0000,0.0000,0.0000
2KGIIBZ6DGIH,Diaper & Potty Training,BOAELWNUEF5B,PLA_Campaign-2026-04-18-Langot,Waterproof panty for 3 month baby cotton,1,0,0.0000,0.0000,0,0,0.0000,0.0000,0.0000,0.0000,0.0000,0.0000
2KGIIBZ6DGIH,Diaper & Potty Training,BOAELWNUEF5B,PLA_Campaign-2026-04-18-Langot,thick for baby girl,1,0,0.0000,0.0000,0,0,0.0000,0.0000,0.0000,0.0000,0.0000,0.0000
2KGIIBZ6DGIH,Diaper & Potty Training,BOAELWNUEF5B,PLA_Campaign-2026-04-18-Langot,kids,1,0,0.0000,0.0000,0,0,0.0000,0.0000,0.0000,0.0000,0.0000,0.0000
2KGIIBZ6DGIH,Diaper & Potty Training,BOAELWNUEF5B,PLA_Campaign-2026-04-18-Langot,Baby cloth pads,1,0,0.0000,0.0000,0,0,0.0000,0.0000,0.0000,0.0000,0.0000,0.0000
2KGIIBZ6DGIH,Diaper & Potty Training,BOAELWNUEF5B,PLA_Campaign-2026-04-18-Langot,baby cloth langot newborn,1,0,0.0000,0.0000,0,0,0.0000,0.0000,0.0000,0.0000,0.0000,0.0000
2KGIIBZ6DGIH,Diaper & Potty Training,BOAELWNUEF5B,PLA_Campaign-2026-04-18-Langot,langota baddi,1,0,0.0000,0.0000,0,0,0.0000,0.0000,0.0000,0.0000,0.0000,0.0000
2KGIIBZ6DGIH,Diaper & Potty Training,BOAELWNUEF5B,PLA_Campaign-2026-04-18-Langot,baby langoti cotton 3 year,1,0,0.0000,0.0000,0,0,0.0000,0.0000,0.0000,0.0000,0.0000,0.0000
2KGIIBZ6DGIH,Diaper & Potty Training,BOAELWNUEF5B,PLA_Campaign-2026-04-18-Langot,baby napkin waterproof soft,1,0,0.0000,0.0000,0,0,0.0000,0.0000,0.0000,0.0000,0.0000,0.0000
2KGIIBZ6DGIH,Diaper & Potty Training,BOAELWNUEF5B,PLA_Campaign-2026-04-18-Langot,baby nappy for boys,1,0,0.0000,0.0000,0,0,0.0000,0.0000,0.0000,0.0000,0.0000,0.0000
2KGIIBZ6DGIH,Diaper & Potty Training,BOAELWNUEF5B,PLA_Campaign-2026-04-18-Langot,Super dry langot,1,0,0.0000,0.0000,0,0,0.0000,0.0000,0.0000,0.0000,0.0000,0.0000
2KGIIBZ6DGIH,Diaper & Potty Training,BOAELWNUEF5B,PLA_Campaign-2026-04-18-Langot,reusable water proof langot,1,0,0.0000,0.0000,0,0,0.0000,0.0000,0.0000,0.0000,0.0000,0.0000
2KGIIBZ6DGIH,Diaper & Potty Training,BOAELWNUEF5B,PLA_Campaign-2026-04-18-Langot,Cozy care langot,1,0,0.0000,0.0000,0,0,0.0000,0.0000,0.0000,0.0000,0.0000,0.0000
2KGIIBZ6DGIH,Diaper & Potty Training,BOAELWNUEF5B,PLA_Campaign-2026-04-18-Langot,waterproof clothes for 6 months baby,1,0,0.0000,0.0000,0,0,0.0000,0.0000,0.0000,0.0000,0.0000,0.0000
2KGIIBZ6DGIH,Diaper & Potty Training,BOAELWNUEF5B,PLA_Campaign-2026-04-18-Langot,lalsada,1,0,0.0000,0.0000,0,0,0.0000,0.0000,0.0000,0.0000,0.0000,0.0000
2KGIIBZ6DGIH,Diaper & Potty Training,BOAELWNUEF5B,PLA_Campaign-2026-04-18-Langot,zero size langoti dress,1,0,0.0000,0.0000,0,0,0.0000,0.0000,0.0000,0.0000,0.0000,0.0000
2KGIIBZ6DGIH,Diaper & Potty Training,BOAELWNUEF5B,PLA_Campaign-2026-04-18-Langot,langoti for baby 0 to 3 month,1,0,0.0000,0.0000,0,0,0.0000,0.0000,0.0000,0.0000,0.0000,0.0000
2KGIIBZ6DGIH,Diaper & Potty Training,BOAELWNUEF5B,PLA_Campaign-2026-04-18-Langot,white cloth piece cotton,1,0,0.0000,0.0000,0,0,0.0000,0.0000,0.0000,0.0000,0.0000,0.0000
2KGIIBZ6DGIH,Diaper & Potty Training,BOAELWNUEF5B,PLA_Campaign-2026-04-18-Langot,new born baby girl langoti,1,0,0.0000,0.0000,0,0,0.0000,0.0000,0.0000,0.0000,0.0000,0.0000
2KGIIBZ6DGIH,Diaper & Potty Training,BOAELWNUEF5B,PLA_Campaign-2026-04-18-Langot,langot wala kapda pani size zero book 2 hindi,1,0,0.0000,0.0000,0,0,0.0000,0.0000,0.0000,0.0000,0.0000,0.0000
2KGIIBZ6DGIH,Diaper & Potty Training,BOAELWNUEF5B,PLA_Campaign-2026-04-18-Langot,waterproof diapers,1,0,0.0000,0.0000,0,0,0.0000,0.0000,0.0000,0.0000,0.0000,0.0000
2KGIIBZ6DGIH,Diaper & Potty Training,BOAELWNUEF5B,PLA_Campaign-2026-04-18-Langot,Super bottom cloth langots,1,0,0.0000,0.0000,0,0,0.0000,0.0000,0.0000,0.0000,0.0000,0.0000
2KGIIBZ6DGIH,Diaper & Potty Training,BOAELWNUEF5B,PLA_Campaign-2026-04-18-Langot,superbottoms new born langots,1,0,0.0000,0.0000,0,0,0.0000,0.0000,0.0000,0.0000,0.0000,0.0000
2KGIIBZ6DGIH,Diaper & Potty Training,BOAELWNUEF5B,PLA_Campaign-2026-04-18-Langot,kiddie,1,0,0.0000,0.0000,0,0,0.0000,0.0000,0.0000,0.0000,0.0000,0.0000
2KGIIBZ6DGIH,Diaper & Potty Training,BOAELWNUEF5B,PLA_Campaign-2026-04-18-Langot,hand belt waterproof,1,0,0.0000,0.0000,0,0,0.0000,0.0000,0.0000,0.0000,0.0000,0.0000
2KGIIBZ6DGIH,Diaper & Potty Training,BOAELWNUEF5B,PLA_Campaign-2026-04-18-Langot,new born baby diaper pure cotton,1,0,0.0000,0.0000,0,0,0.0000,0.0000,0.0000,0.0000,0.0000,0.0000
2KGIIBZ6DGIH,Diaper & Potty Training,BOAELWNUEF5B,PLA_Campaign-2026-04-18-Langot,Cotton langota,1,0,0.0000,0.0000,0,0,0.0000,0.0000,0.0000,0.0000,0.0000,0.0000
2KGIIBZ6DGIH,Diaper & Potty Training,BOAELWNUEF5B,PLA_Campaign-2026-04-18-Langot,Langot for baby cotton,1,0,0.0000,0.0000,0,0,0.0000,0.0000,0.0000,0.0000,0.0000,0.0000
2KGIIBZ6DGIH,Diaper & Potty Training,BOAELWNUEF5B,PLA_Campaign-2026-04-18-Langot,newborn baby nappy pant set,1,0,0.0000,0.0000,0,0,0.0000,0.0000,0.0000,0.0000,0.0000,0.0000
2KGIIBZ6DGIH,Diaper & Potty Training,BOAELWNUEF5B,PLA_Campaign-2026-04-18-Langot,Newborn baby muslin nappy,1,0,0.0000,0.0000,0,0,0.0000,0.0000,0.0000,0.0000,0.0000,0.0000
2KGIIBZ6DGIH,Diaper & Potty Training,BOAELWNUEF5B,PLA_Campaign-2026-04-18-Langot,langot kids for small,1,0,0.0000,0.0000,0,0,0.0000,0.0000,0.0000,0.0000,0.0000,0.0000
2KGIIBZ6DGIH,Diaper & Potty Training,BOAELWNUEF5B,PLA_Campaign-2026-04-18-Langot,white nappy,1,0,0.0000,0.0000,0,0,0.0000,0.0000,0.0000,0.0000,0.0000,0.0000
2KGIIBZ6DGIH,Diaper & Potty Training,BOAELWNUEF5B,PLA_Campaign-2026-04-18-Langot,use throw baby nappy,1,0,0.0000,0.0000,0,0,0.0000,0.0000,0.0000,0.0000,0.0000,0.0000
2KGIIBZ6DGIH,Diaper & Potty Training,BOAELWNUEF5B,PLA_Campaign-2026-04-18-Langot,Langot with plastic,1,1,1.4300,100.0000,0,0,0.0000,0.0000,0.0000,0.0000,0.0000,1.4300
2KGIIBZ6DGIH,Diaper & Potty Training,BOAELWNUEF5B,PLA_Campaign-2026-04-18-Langot,baby dinner cloth,1,0,0.0000,0.0000,0,0,0.0000,0.0000,0.0000,0.0000,0.0000,0.0000
2KGIIBZ6DGIH,Diaper & Potty Training,BOAELWNUEF5B,PLA_Campaign-2026-04-18-Langot,Baby cotton nappy,1,0,0.0000,0.0000,0,0,0.0000,0.0000,0.0000,0.0000,0.0000,0.0000
2KGIIBZ6DGIH,Diaper & Potty Training,BOAELWNUEF5B,PLA_Campaign-2026-04-18-Langot,diaper baby boy 3 month,1,0,0.0000,0.0000,0,0,0.0000,0.0000,0.0000,0.0000,0.0000,0.0000
2KGIIBZ6DGIH,Diaper & Potty Training,BOAELWNUEF5B,PLA_Campaign-2026-04-18-Langot,Baby cloth combo,1,0,0.0000,0.0000,0,0,0.0000,0.0000,0.0000,0.0000,0.0000,0.0000
2KGIIBZ6DGIH,Diaper & Potty Training,BOAELWNUEF5B,PLA_Campaign-2026-04-18-Langot,dry feel langots for comfortable babys,1,0,0.0000,0.0000,0,0,0.0000,0.0000,0.0000,0.0000,0.0000,0.0000
2KGIIBZ6DGIH,Diaper & Potty Training,BOAELWNUEF5B,PLA_Campaign-2026-04-18-Langot,Cotton langot for boys,1,0,0.0000,0.0000,0,0,0.0000,0.0000,0.0000,0.0000,0.0000,0.0000
2KGIIBZ6DGIH,Diaper & Potty Training,BOAELWNUEF5B,PLA_Campaign-2026-04-18-Langot,water proof diaper,1,0,0.0000,0.0000,0,0,0.0000,0.0000,0.0000,0.0000,0.0000,0.0000
2KGIIBZ6DGIH,Diaper & Potty Training,BOAELWNUEF5B,PLA_Campaign-2026-04-18-Langot,super dry bag,1,0,0.0000,0.0000,0,0,0.0000,0.0000,0.0000,0.0000,0.0000,0.0000
2KGIIBZ6DGIH,Diaper & Potty Training,BOAELWNUEF5B,PLA_Campaign-2026-04-18-Langot,Baby girl cotton langot,1,0,0.0000,0.0000,0,0,0.0000,0.0000,0.0000,0.0000,0.0000,0.0000
2KGIIBZ6DGIH,Diaper & Potty Training,BOAELWNUEF5B,PLA_Campaign-2026-04-18-Langot,Dry feel Langots,1,0,0.0000,0.0000,0,0,0.0000,0.0000,0.0000,0.0000,0.0000,0.0000
2KGIIBZ6DGIH,Diaper & Potty Training,BOAELWNUEF5B,PLA_Campaign-2026-04-18-Langot,Superbottom dry feel langot,1,0,0.0000,0.0000,0,0,0.0000,0.0000,0.0000,0.0000,0.0000,0.0000
2KGIIBZ6DGIH,Diaper & Potty Training,BOAELWNUEF5B,PLA_Campaign-2026-04-18-Langot,bed wetting cloth diapers,1,0,0.0000,0.0000,0,0,0.0000,0.0000,0.0000,0.0000,0.0000,0.0000
2KGIIBZ6DGIH,Diaper & Potty Training,BOAELWNUEF5B,PLA_Campaign-2026-04-18-Langot,cotton cloth square nappy,1,0,0.0000,0.0000,0,0,0.0000,0.0000,0.0000,0.0000,0.0000,0.0000
2KGIIBZ6DGIH,Diaper & Potty Training,BOAELWNUEF5B,PLA_Campaign-2026-04-18-Langot,underwear,1,0,0.0000,0.0000,0,0,0.0000,0.0000,0.0000,0.0000,0.0000,0.0000
2KGIIBZ6DGIH,Diaper & Potty Training,BOAELWNUEF5B,PLA_Campaign-2026-04-18-Langot,baby langot size kids big,1,0,0.0000,0.0000,0,0,0.0000,0.0000,0.0000,0.0000,0.0000,0.0000
2KGIIBZ6DGIH,Diaper & Potty Training,BOAELWNUEF5B,PLA_Campaign-2026-04-18-Langot,Baby nappies cotton,1,0,0.0000,0.0000,0,0,0.0000,0.0000,0.0000,0.0000,0.0000,0.0000
2KGIIBZ6DGIH,Diaper & Potty Training,BOAELWNUEF5B,PLA_Campaign-2026-04-18-Langot,Big size langot,1,1,1.4300,100.0000,0,0,0.0000,0.0000,0.0000,0.0000,0.0000,1.4300
2KGIIBZ6DGIH,Diaper & Potty Training,BOAELWNUEF5B,PLA_Campaign-2026-04-18-Langot,new born diaper cotton,1,0,0.0000,0.0000,0,0,0.0000,0.0000,0.0000,0.0000,0.0000,0.0000
2KGIIBZ6DGIH,Diaper & Potty Training,BOAELWNUEF5B,PLA_Campaign-2026-04-18-Langot,children langot small,1,0,0.0000,0.0000,0,0,0.0000,0.0000,0.0000,0.0000,0.0000,0.0000
2KGIIBZ6DGIH,Diaper & Potty Training,BOAELWNUEF5B,PLA_Campaign-2026-04-18-Langot,newborn baby clothes pure cotton with langot set,1,0,0.0000,0.0000,0,0,0.0000,0.0000,0.0000,0.0000,0.0000,0.0000
2KGIIBZ6DGIH,Diaper & Potty Training,BOAELWNUEF5B,PLA_Campaign-2026-04-18-Langot,baby feeding langot,1,0,0.0000,0.0000,0,0,0.0000,0.0000,0.0000,0.0000,0.0000,0.0000
2KGIIBZ6DGIH,Diaper & Potty Training,BOAELWNUEF5B,PLA_Campaign-2026-04-18-Langot,4 month baby langot cotton,1,0,0.0000,0.0000,0,0,0.0000,0.0000,0.0000,0.0000,0.0000,0.0000
2KGIIBZ6DGIH,Diaper & Potty Training,BOAELWNUEF5B,PLA_Campaign-2026-04-18-Langot,padded nappy for new born baby,1,0,0.0000,0.0000,0,0,0.0000,0.0000,0.0000,0.0000,0.0000,0.0000
2KGIIBZ6DGIH,Diaper & Potty Training,BOAELWNUEF5B,PLA_Campaign-2026-04-18-Langot,new born baby muslin langots,1,0,0.0000,0.0000,0,0,0.0000,0.0000,0.0000,0.0000,0.0000,0.0000
2KGIIBZ6DGIH,Diaper & Potty Training,BOAELWNUEF5B,PLA_Campaign-2026-04-18-Langot,langoti boy,1,0,0.0000,0.0000,0,0,0.0000,0.0000,0.0000,0.0000,0.0000,0.0000
2KGIIBZ6DGIH,Diaper & Potty Training,BOAELWNUEF5B,PLA_Campaign-2026-04-18-Langot,washable langot for 3 year baby,1,0,0.0000,0.0000,0,0,0.0000,0.0000,0.0000,0.0000,0.0000,0.0000
2KGIIBZ6DGIH,Diaper & Potty Training,BOAELWNUEF5B,PLA_Campaign-2026-04-18-Langot,2 month baby cloth diaper,1,0,0.0000,0.0000,0,0,0.0000,0.0000,0.0000,0.0000,0.0000,0.0000
2KGIIBZ6DGIH,Diaper & Potty Training,BOAELWNUEF5B,PLA_Campaign-2026-04-18-Langot,Diaper for baby boy,1,0,0.0000,0.0000,0,0,0.0000,0.0000,0.0000,0.0000,0.0000,0.0000
2KGIIBZ6DGIH,Diaper & Potty Training,BOAELWNUEF5B,PLA_Campaign-2026-04-18-Langot,langot for baby cotton new born,1,0,0.0000,0.0000,0,0,0.0000,0.0000,0.0000,0.0000,0.0000,0.0000
2KGIIBZ6DGIH,Diaper & Potty Training,BOAELWNUEF5B,PLA_Campaign-2026-04-18-Langot,best nappy cloth diapers,1,0,0.0000,0.0000,0,0,0.0000,0.0000,0.0000,0.0000,0.0000,0.0000
2KGIIBZ6DGIH,Diaper & Potty Training,BOAELWNUEF5B,PLA_Campaign-2026-04-18-Langot,leak proof baby nappy,1,0,0.0000,0.0000,0,0,0.0000,0.0000,0.0000,0.0000,0.0000,0.0000
2KGIIBZ6DGIH,Diaper & Potty Training,BOAELWNUEF5B,PLA_Campaign-2026-04-18-Langot,Cloth langot,1,0,0.0000,0.0000,0,0,0.0000,0.0000,0.0000,0.0000,0.0000,0.0000
2KGIIBZ6DGIH,Diaper & Potty Training,BOAELWNUEF5B,PLA_Campaign-2026-04-18-Langot,Cotton cloth baby,1,0,0.0000,0.0000,0,0,0.0000,0.0000,0.0000,0.0000,0.0000,0.0000
2KGIIBZ6DGIH,Diaper & Potty Training,BOAELWNUEF5B,PLA_Campaign-2026-04-18-Langot,new born white cloth,1,0,0.0000,0.0000,0,0,0.0000,0.0000,0.0000,0.0000,0.0000,0.0000
2KGIIBZ6DGIH,Diaper & Potty Training,BOAELWNUEF5B,PLA_Campaign-2026-04-18-Langot,diaper cotton,1,0,0.0000,0.0000,0,0,0.0000,0.0000,0.0000,0.0000,0.0000,0.0000
2KGIIBZ6DGIH,Diaper & Potty Training,BOAELWNUEF5B,PLA_Campaign-2026-04-18-Langot,bajring,1,0,0.0000,0.0000,0,0,0.0000,0.0000,0.0000,0.0000,0.0000,0.0000
2KGIIBZ6DGIH,Diaper & Potty Training,BOAELWNUEF5B,PLA_Campaign-2026-04-18-Langot,baby langoti cotton 2 piece 0 to 6 months,1,0,0.0000,0.0000,0,0,0.0000,0.0000,0.0000,0.0000,0.0000,0.0000
2KGIIBZ6DGIH,Diaper & Potty Training,BOAELWNUEF5B,PLA_Campaign-2026-04-18-Langot,gova babu cloth,1,0,0.0000,0.0000,0,0,0.0000,0.0000,0.0000,0.0000,0.0000,0.0000
2KGIIBZ6DGIH,Diaper & Potty Training,BOAELWNUEF5B,PLA_Campaign-2026-04-18-Langot,Baby langots padded,1,0,0.0000,0.0000,0,0,0.0000,0.0000,0.0000,0.0000,0.0000,0.0000
2KGIIBZ6DGIH,Diaper & Potty Training,BOAELWNUEF5B,PLA_Campaign-2026-04-18-Langot,langot infants,1,0,0.0000,0.0000,0,0,0.0000,0.0000,0.0000,0.0000,0.0000,0.0000
2KGIIBZ6DGIH,Diaper & Potty Training,BOAELWNUEF5B,PLA_Campaign-2026-04-18-Langot,Swim nappy,1,0,0.0000,0.0000,0,0,0.0000,0.0000,0.0000,0.0000,0.0000,0.0000
2KGIIBZ6DGIH,Diaper & Potty Training,BOAELWNUEF5B,PLA_Campaign-2026-04-18-Langot,mylo,1,0,0.0000,0.0000,0,0,0.0000,0.0000,0.0000,0.0000,0.0000,0.0000
2KGIIBZ6DGIH,Diaper & Potty Training,BOAELWNUEF5B,PLA_Campaign-2026-04-18-Langot,Reusable langot for baby,1,0,0.0000,0.0000,0,0,0.0000,0.0000,0.0000,0.0000,0.0000,0.0000
2KGIIBZ6DGIH,Diaper & Potty Training,BOAELWNUEF5B,PLA_Campaign-2026-04-18-Langot,Baby langots double layered,1,0,0.0000,0.0000,0,0,0.0000,0.0000,0.0000,0.0000,0.0000,0.0000
2KGIIBZ6DGIH,Diaper & Potty Training,BOAELWNUEF5B,PLA_Campaign-2026-04-18-Langot,muslin baby langot,1,0,0.0000,0.0000,0,0,0.0000,0.0000,0.0000,0.0000,0.0000,0.0000
2KGIIBZ6DGIH,Diaper & Potty Training,BOAELWNUEF5B,PLA_Campaign-2026-04-18-Langot,new born baby summer clothes,1,0,0.0000,0.0000,0,0,0.0000,0.0000,0.0000,0.0000,0.0000,0.0000
2KGIIBZ6DGIH,Diaper & Potty Training,BOAELWNUEF5B,PLA_Campaign-2026-04-18-Langot,Cappybear,1,0,0.0000,0.0000,0,0,0.0000,0.0000,0.0000,0.0000,0.0000,0.0000
2KGIIBZ6DGIH,Diaper & Potty Training,BOAELWNUEF5B,PLA_Campaign-2026-04-18-Langot,elastic cloth girls,1,0,0.0000,0.0000,0,0,0.0000,0.0000,0.0000,0.0000,0.0000,0.0000
2KGIIBZ6DGIH,Diaper & Potty Training,BOAELWNUEF5B,PLA_Campaign-2026-04-18-Langot,first trend nappy size medium,1,0,0.0000,0.0000,0,0,0.0000,0.0000,0.0000,0.0000,0.0000,0.0000
2KGIIBZ6DGIH,Diaper & Potty Training,BOAELWNUEF5B,PLA_Campaign-2026-04-18-Langot,Niferavel,1,0,0.0000,0.0000,0,0,0.0000,0.0000,0.0000,0.0000,0.0000,0.0000
2KGIIBZ6DGIH,Diaper & Potty Training,BOAELWNUEF5B,PLA_Campaign-2026-04-18-Langot,baby langot cap,1,0,0.0000,0.0000,0,0,0.0000,0.0000,0.0000,0.0000,0.0000,0.0000
2KGIIBZ6DGIH,Diaper & Potty Training,BOAELWNUEF5B,PLA_Campaign-2026-04-18-Langot,parrot baby feeding time,1,0,0.0000,0.0000,0,0,0.0000,0.0000,0.0000,0.0000,0.0000,0.0000
2KGIIBZ6DGIH,Diaper & Potty Training,BOAELWNUEF5B,PLA_Campaign-2026-04-18-Langot,nappy and diapers for newborn,1,0,0.0000,0.0000,0,0,0.0000,0.0000,0.0000,0.0000,0.0000,0.0000
2KGIIBZ6DGIH,Diaper & Potty Training,BOAELWNUEF5B,PLA_Campaign-2026-04-18-Langot,waterproof and boy big,1,0,0.0000,0.0000,0,0,0.0000,0.0000,0.0000,0.0000,0.0000,0.0000
2KGIIBZ6DGIH,Diaper & Potty Training,BOAELWNUEF5B,PLA_Campaign-2026-04-18-Langot,Dryfeel langot for baby,1,0,0.0000,0.0000,0,0,0.0000,0.0000,0.0000,0.0000,0.0000,0.0000
2KGIIBZ6DGIH,Diaper & Potty Training,BOAELWNUEF5B,PLA_Campaign-2026-04-18-Langot,cotton diaper for 1 year baby,1,0,0.0000,0.0000,0,0,0.0000,0.0000,0.0000,0.0000,0.0000,0.0000
2KGIIBZ6DGIH,Diaper & Potty Training,BOAELWNUEF5B,PLA_Campaign-2026-04-18-Langot,air conditioner water,1,0,0.0000,0.0000,0,0,0.0000,0.0000,0.0000,0.0000,0.0000,0.0000
2KGIIBZ6DGIH,Diaper & Potty Training,BOAELWNUEF5B,PLA_Campaign-2026-04-18-Langot,baby cloth langot 1 year,1,0,0.0000,0.0000,0,0,0.0000,0.0000,0.0000,0.0000,0.0000,0.0000
2KGIIBZ6DGIH,Diaper & Potty Training,BOAELWNUEF5B,PLA_Campaign-2026-04-18-Langot,8 months old girl,1,0,0.0000,0.0000,0,0,0.0000,0.0000,0.0000,0.0000,0.0000,0.0000
2KGIIBZ6DGIH,Diaper & Potty Training,BOAELWNUEF5B,PLA_Campaign-2026-04-18-Langot,brown baby waterproof new,1,0,0.0000,0.0000,0,0,0.0000,0.0000,0.0000,0.0000,0.0000,0.0000
2KGIIBZ6DGIH,Diaper & Potty Training,BOAELWNUEF5B,PLA_Campaign-2026-04-18-Langot,1 year baby cotton longot,1,0,0.0000,0.0000,0,0,0.0000,0.0000,0.0000,0.0000,0.0000,0.0000
2KGIIBZ6DGIH,Diaper & Potty Training,BOAELWNUEF5B,PLA_Campaign-2026-04-18-Langot,Born mouth cloth,1,0,0.0000,0.0000,0,0,0.0000,0.0000,0.0000,0.0000,0.0000,0.0000
2KGIIBZ6DGIH,Diaper & Potty Training,BOAELWNUEF5B,PLA_Campaign-2026-04-18-Langot,kids lagoti,1,0,0.0000,0.0000,0,0,0.0000,0.0000,0.0000,0.0000,0.0000,0.0000
2KGIIBZ6DGIH,Diaper & Potty Training,BOAELWNUEF5B,PLA_Campaign-2026-04-18-Langot,Langots waterproof,1,0,0.0000,0.0000,0,0,0.0000,0.0000,0.0000,0.0000,0.0000,0.0000
2KGIIBZ6DGIH,Diaper & Potty Training,BOAELWNUEF5B,PLA_Campaign-2026-04-18-Langot,kids waterproof diaper small,1,0,0.0000,0.0000,0,0,0.0000,0.0000,0.0000,0.0000,0.0000,0.0000
2KGIIBZ6DGIH,Diaper & Potty Training,BOAELWNUEF5B,PLA_Campaign-2026-04-18-Langot,nappy cloth diapers small,1,0,0.0000,0.0000,0,0,0.0000,0.0000,0.0000,0.0000,0.0000,0.0000
2KGIIBZ6DGIH,Diaper & Potty Training,BOAELWNUEF5B,PLA_Campaign-2026-04-18-Langot,LANGOT,1,0,0.0000,0.0000,0,0,0.0000,0.0000,0.0000,0.0000,0.0000,0.0000
2KGIIBZ6DGIH,Diaper & Potty Training,BOAELWNUEF5B,PLA_Campaign-2026-04-18-Langot,baby susu,1,0,0.0000,0.0000,0,0,0.0000,0.0000,0.0000,0.0000,0.0000,0.0000
2KGIIBZ6DGIH,Diaper & Potty Training,BOAELWNUEF5B,PLA_Campaign-2026-04-18-Langot,dryn,1,0,0.0000,0.0000,0,0,0.0000,0.0000,0.0000,0.0000,0.0000,0.0000
2KGIIBZ6DGIH,Diaper & Potty Training,BOAELWNUEF5B,PLA_Campaign-2026-04-18-Langot,cloth diapers for girls extra small nappy,1,0,0.0000,0.0000,0,0,0.0000,0.0000,0.0000,0.0000,0.0000,0.0000
2KGIIBZ6DGIH,Diaper & Potty Training,BOAELWNUEF5B,PLA_Campaign-2026-04-18-Langot,xl langot,1,0,0.0000,0.0000,0,0,0.0000,0.0000,0.0000,0.0000,0.0000,0.0000
2KGIIBZ6DGIH,Diaper & Potty Training,BOAELWNUEF5B,PLA_Campaign-2026-04-18-Langot,baby dry feel langots,1,1,1.4300,100.0000,0,0,0.0000,0.0000,0.0000,0.0000,0.0000,1.4300
2KGIIBZ6DGIH,Diaper & Potty Training,BOAELWNUEF5B,PLA_Campaign-2026-04-18-Langot,Langot for baby boy waterproof,1,0,0.0000,0.0000,0,0,0.0000,0.0000,0.0000,0.0000,0.0000,0.0000
2KGIIBZ6DGIH,Diaper & Potty Training,BOAELWNUEF5B,PLA_Campaign-2026-04-18-Langot,exercise diaper waterproof,1,0,0.0000,0.0000,0,0,0.0000,0.0000,0.0000,0.0000,0.0000,0.0000
2KGIIBZ6DGIH,Diaper & Potty Training,BOAELWNUEF5B,PLA_Campaign-2026-04-18-Langot,waterproof pad,1,0,0.0000,0.0000,0,0,0.0000,0.0000,0.0000,0.0000,0.0000,0.0000
2KGIIBZ6DGIH,Diaper & Potty Training,BOAELWNUEF5B,PLA_Campaign-2026-04-18-Langot,cloth water proof,1,0,0.0000,0.0000,0,0,0.0000,0.0000,0.0000,0.0000,0.0000,0.0000
2KGIIBZ6DGIH,Diaper & Potty Training,BOAELWNUEF5B,PLA_Campaign-2026-04-18-Langot,red langot,1,0,0.0000,0.0000,0,0,0.0000,0.0000,0.0000,0.0000,0.0000,0.0000
2KGIIBZ6DGIH,Diaper & Potty Training,BOAELWNUEF5B,PLA_Campaign-2026-04-18-Langot,body langot for baby,1,0,0.0000,0.0000,0,0,0.0000,0.0000,0.0000,0.0000,0.0000,0.0000
2KGIIBZ6DGIH,Diaper & Potty Training,BOAELWNUEF5B,PLA_Campaign-2026-04-18-Langot,Waterproof pack,1,0,0.0000,0.0000,0,0,0.0000,0.0000,0.0000,0.0000,0.0000,0.0000
2KGIIBZ6DGIH,Diaper & Potty Training,BOAELWNUEF5B,PLA_Campaign-2026-04-18-Langot,langot baby fast delivery kids,1,0,0.0000,0.0000,0,0,0.0000,0.0000,0.0000,0.0000,0.0000,0.0000
2KGIIBZ6DGIH,Diaper & Potty Training,BOAELWNUEF5B,PLA_Campaign-2026-04-18-Langot,water proof cloth for baby,1,0,0.0000,0.0000,0,0,0.0000,0.0000,0.0000,0.0000,0.0000,0.0000
2KGIIBZ6DGIH,Diaper & Potty Training,BOAELWNUEF5B,PLA_Campaign-2026-04-18-Langot,baby boy lagot,1,0,0.0000,0.0000,0,0,0.0000,0.0000,0.0000,0.0000,0.0000,0.0000
2KGIIBZ6DGIH,Diaper & Potty Training,BOAELWNUEF5B,PLA_Campaign-2026-04-18-Langot,training trending,1,0,0.0000,0.0000,0,0,0.0000,0.0000,0.0000,0.0000,0.0000,0.0000
2KGIIBZ6DGIH,Diaper & Potty Training,BOAELWNUEF5B,PLA_Campaign-2026-04-18-Langot,vparents nappy,1,0,0.0000,0.0000,0,0,0.0000,0.0000,0.0000,0.0000,0.0000,0.0000
2KGIIBZ6DGIH,Diaper & Potty Training,BOAELWNUEF5B,PLA_Campaign-2026-04-18-Langot,ist step for 1 year baby,1,0,0.0000,0.0000,0,0,0.0000,0.0000,0.0000,0.0000,0.0000,0.0000
2KGIIBZ6DGIH,Diaper & Potty Training,BOAELWNUEF5B,PLA_Campaign-2026-04-18-Langot,eye sex,1,0,0.0000,0.0000,0,0,0.0000,0.0000,0.0000,0.0000,0.0000,0.0000
2KGIIBZ6DGIH,Diaper & Potty Training,BOAELWNUEF5B,PLA_Campaign-2026-04-18-Langot,New born baby cotton cloth,1,0,0.0000,0.0000,0,0,0.0000,0.0000,0.0000,0.0000,0.0000,0.0000
2KGIIBZ6DGIH,Diaper & Potty Training,BOAELWNUEF5B,PLA_Campaign-2026-04-18-Langot,langot for 18 months baby,1,0,0.0000,0.0000,0,0,0.0000,0.0000,0.0000,0.0000,0.0000,0.0000
2KGIIBZ6DGIH,Diaper & Potty Training,BOAELWNUEF5B,PLA_Campaign-2026-04-18-Langot,Cotton muslin langot,1,0,0.0000,0.0000,0,0,0.0000,0.0000,0.0000,0.0000,0.0000,0.0000
2KGIIBZ6DGIH,Diaper & Potty Training,BOAELWNUEF5B,PLA_Campaign-2026-04-18-Langot,cotton booster for newborn baby in,1,0,0.0000,0.0000,0,0,0.0000,0.0000,0.0000,0.0000,0.0000,0.0000
2KGIIBZ6DGIH,Diaper & Potty Training,BOAELWNUEF5B,PLA_Campaign-2026-04-18-Langot,cloth langot padded,1,0,0.0000,0.0000,0,0,0.0000,0.0000,0.0000,0.0000,0.0000,0.0000
2KGIIBZ6DGIH,Diaper & Potty Training,BOAELWNUEF5B,PLA_Campaign-2026-04-18-Langot,L size langot,1,0,0.0000,0.0000,0,0,0.0000,0.0000,0.0000,0.0000,0.0000,0.0000
2KGIIBZ6DGIH,Diaper & Potty Training,BOAELWNUEF5B,PLA_Campaign-2026-04-18-Langot,ribbon baby nappy,1,0,0.0000,0.0000,0,0,0.0000,0.0000,0.0000,0.0000,0.0000,0.0000
2KGIIBZ6DGIH,Diaper & Potty Training,BOAELWNUEF5B,PLA_Campaign-2026-04-18-Langot,dry feel langots new born,1,0,0.0000,0.0000,0,0,0.0000,0.0000,0.0000,0.0000,0.0000,0.0000
2KGIIBZ6DGIH,Diaper & Potty Training,BOAELWNUEF5B,PLA_Campaign-2026-04-18-Langot,New born cloth nappies,1,0,0.0000,0.0000,0,0,0.0000,0.0000,0.0000,0.0000,0.0000,0.0000
2KGIIBZ6DGIH,Diaper & Potty Training,BOAELWNUEF5B,PLA_Campaign-2026-04-18-Langot,Cotton lagoti baby,1,0,0.0000,0.0000,0,0,0.0000,0.0000,0.0000,0.0000,0.0000,0.0000
2KGIIBZ6DGIH,Diaper & Potty Training,BOAELWNUEF5B,PLA_Campaign-2026-04-18-Langot,Clothes langots,1,0,0.0000,0.0000,0,0,0.0000,0.0000,0.0000,0.0000,0.0000,0.0000
2KGIIBZ6DGIH,Diaper & Potty Training,BOAELWNUEF5B,PLA_Campaign-2026-04-18-Langot,White cloth large white cloth,1,0,0.0000,0.0000,0,0,0.0000,0.0000,0.0000,0.0000,0.0000,0.0000
2KGIIBZ6DGIH,Diaper & Potty Training,BOAELWNUEF5B,PLA_Campaign-2026-04-18-Langot,6 months baby nappy waterproof,1,1,1.4300,100.0000,0,0,0.0000,0.0000,0.0000,0.0000,0.0000,1.4300
2KGIIBZ6DGIH,Diaper & Potty Training,BOAELWNUEF5B,PLA_Campaign-2026-04-18-Langot,pure cotton langoti,1,0,0.0000,0.0000,0,0,0.0000,0.0000,0.0000,0.0000,0.0000,0.0000
2KGIIBZ6DGIH,Diaper & Potty Training,BOAELWNUEF5B,PLA_Campaign-2026-04-18-Langot,Padded langot for infant,1,0,0.0000,0.0000,0,0,0.0000,0.0000,0.0000,0.0000,0.0000,0.0000
2KGIIBZ6DGIH,Diaper & Potty Training,BOAELWNUEF5B,PLA_Campaign-2026-04-18-Langot,langot newborn,1,0,0.0000,0.0000,0,0,0.0000,0.0000,0.0000,0.0000,0.0000,0.0000
2KGIIBZ6DGIH,Diaper & Potty Training,BOAELWNUEF5B,PLA_Campaign-2026-04-18-Langot,langot ok,1,0,0.0000,0.0000,0,0,0.0000,0.0000,0.0000,0.0000,0.0000,0.0000
2KGIIBZ6DGIH,Diaper & Potty Training,BOAELWNUEF5B,PLA_Campaign-2026-04-18-Langot,Born,1,0,0.0000,0.0000,0,0,0.0000,0.0000,0.0000,0.0000,0.0000,0.0000
2KGIIBZ6DGIH,Diaper & Potty Training,BOAELWNUEF5B,PLA_Campaign-2026-04-18-Langot,Padded nappies,1,0,0.0000,0.0000,0,0,0.0000,0.0000,0.0000,0.0000,0.0000,0.0000
2KGIIBZ6DGIH,Diaper & Potty Training,BOAELWNUEF5B,PLA_Campaign-2026-04-18-Langot,langot drying,1,0,0.0000,0.0000,0,0,0.0000,0.0000,0.0000,0.0000,0.0000,0.0000
2KGIIBZ6DGIH,Diaper & Potty Training,BOAELWNUEF5B,PLA_Campaign-2026-04-18-Langot,5 years boy cotton langoti,1,0,0.0000,0.0000,0,0,0.0000,0.0000,0.0000,0.0000,0.0000,0.0000
2KGIIBZ6DGIH,Diaper & Potty Training,BOAELWNUEF5B,PLA_Campaign-2026-04-18-Langot,baby langot pure cotton kids,1,0,0.0000,0.0000,0,0,0.0000,0.0000,0.0000,0.0000,0.0000,0.0000
2KGIIBZ6DGIH,Diaper & Potty Training,BOAELWNUEF5B,PLA_Campaign-2026-04-18-Langot,baby hug langot reusable,1,0,0.0000,0.0000,0,0,0.0000,0.0000,0.0000,0.0000,0.0000,0.0000
2KGIIBZ6DGIH,Diaper & Potty Training,BOAELWNUEF5B,PLA_Campaign-2026-04-18-Langot,best dry fill langot,1,1,1.4300,100.0000,0,0,0.0000,0.0000,0.0000,0.0000,0.0000,1.4300
2KGIIBZ6DGIH,Diaper & Potty Training,BOAELWNUEF5B,PLA_Campaign-2026-04-18-Langot,new born urine cloth,1,0,0.0000,0.0000,0,0,0.0000,0.0000,0.0000,0.0000,0.0000,0.0000
2KGIIBZ6DGIH,Diaper & Potty Training,BOAELWNUEF5B,PLA_Campaign-2026-04-18-Langot,langots babies 6 12 months,1,1,1.4300,100.0000,0,0,0.0000,0.0000,0.0000,0.0000,0.0000,1.4300
2KGIIBZ6DGIH,Diaper & Potty Training,BOAELWNUEF5B,PLA_Campaign-2026-04-18-Langot,only padded langot for baby boy,1,0,0.0000,0.0000,0,0,0.0000,0.0000,0.0000,0.0000,0.0000,0.0000
2KGIIBZ6DGIH,Diaper & Potty Training,BOAELWNUEF5B,PLA_Campaign-2026-04-18-Langot,new born cotton colour,1,0,0.0000,0.0000,0,0,0.0000,0.0000,0.0000,0.0000,0.0000,0.0000
2KGIIBZ6DGIH,Diaper & Potty Training,BOAELWNUEF5B,PLA_Campaign-2026-04-18-Langot,langot for 2 year kids,1,0,0.0000,0.0000,0,0,0.0000,0.0000,0.0000,0.0000,0.0000,0.0000
2KGIIBZ6DGIH,Diaper & Potty Training,BOAELWNUEF5B,PLA_Campaign-2026-04-18-Langot,baby cloth diaper panty 7 month boy,1,0,0.0000,0.0000,0,0,0.0000,0.0000,0.0000,0.0000,0.0000,0.0000
2KGIIBZ6DGIH,Diaper & Potty Training,BOAELWNUEF5B,PLA_Campaign-2026-04-18-Langot,new born girl baby things,1,0,0.0000,0.0000,0,0,0.0000,0.0000,0.0000,0.0000,0.0000,0.0000
2KGIIBZ6DGIH,Diaper & Potty Training,BOAELWNUEF5B,PLA_Campaign-2026-04-18-Langot,cloth diaper insert langot,1,0,0.0000,0.0000,0,0,0.0000,0.0000,0.0000,0.0000,0.0000,0.0000
2KGIIBZ6DGIH,Diaper & Potty Training,BOAELWNUEF5B,PLA_Campaign-2026-04-18-Langot,kids lagot,1,0,0.0000,0.0000,0,0,0.0000,0.0000,0.0000,0.0000,0.0000,0.0000
2KGIIBZ6DGIH,Diaper & Potty Training,BOAELWNUEF5B,PLA_Campaign-2026-04-18-Langot,baby waterproof nappy,1,0,0.0000,0.0000,0,0,0.0000,0.0000,0.0000,0.0000,0.0000,0.0000
2KGIIBZ6DGIH,Diaper & Potty Training,BOAELWNUEF5B,PLA_Campaign-2026-04-18-Langot,new born baby cloth combo,1,0,0.0000,0.0000,0,0,0.0000,0.0000,0.0000,0.0000,0.0000,0.0000
2KGIIBZ6DGIH,Diaper & Potty Training,BOAELWNUEF5B,PLA_Campaign-2026-04-18-Langot,baby langot double layer combo,1,0,0.0000,0.0000,0,0,0.0000,0.0000,0.0000,0.0000,0.0000,0.0000
2KGIIBZ6DGIH,Diaper & Potty Training,BOAELWNUEF5B,PLA_Campaign-2026-04-18-Langot,cloth⁷ dipers,1,0,0.0000,0.0000,0,0,0.0000,0.0000,0.0000,0.0000,0.0000,0.0000
2KGIIBZ6DGIH,Diaper & Potty Training,BOAELWNUEF5B,PLA_Campaign-2026-04-18-Langot,newborn baby panty cotton langots for kids,1,0,0.0000,0.0000,0,0,0.0000,0.0000,0.0000,0.0000,0.0000,0.0000
2KGIIBZ6DGIH,Diaper & Potty Training,BOAELWNUEF5B,PLA_Campaign-2026-04-18-Langot,Cotton langot for 8 month baby,1,0,0.0000,0.0000,0,0,0.0000,0.0000,0.0000,0.0000,0.0000,0.0000
2KGIIBZ6DGIH,Diaper & Potty Training,BOAELWNUEF5B,PLA_Campaign-2026-04-18-Langot,Baby napkin waterproof,1,0,0.0000,0.0000,0,0,0.0000,0.0000,0.0000,0.0000,0.0000,0.0000
2KGIIBZ6DGIH,Diaper & Potty Training,BOAELWNUEF5B,PLA_Campaign-2026-04-18-Langot,dry feel langots 4 year kids,1,0,0.0000,0.0000,0,0,0.0000,0.0000,0.0000,0.0000,0.0000,0.0000
2KGIIBZ6DGIH,Diaper & Potty Training,BOAELWNUEF5B,PLA_Campaign-2026-04-18-Langot,Baby langot set,1,0,0.0000,0.0000,0,0,0.0000,0.0000,0.0000,0.0000,0.0000,0.0000
2KGIIBZ6DGIH,Diaper & Potty Training,BOAELWNUEF5B,PLA_Campaign-2026-04-18-Langot,Mom pride langot,1,0,0.0000,0.0000,0,0,0.0000,0.0000,0.0000,0.0000,0.0000,0.0000
2KGIIBZ6DGIH,Diaper & Potty Training,BOAELWNUEF5B,PLA_Campaign-2026-04-18-Langot,badshah der langot baby langot,1,0,0.0000,0.0000,0,0,0.0000,0.0000,0.0000,0.0000,0.0000,0.0000
2KGIIBZ6DGIH,Diaper & Potty Training,BOAELWNUEF5B,PLA_Campaign-2026-04-18-Langot,baby cotton one day,1,0,0.0000,0.0000,0,0,0.0000,0.0000,0.0000,0.0000,0.0000,0.0000
2KGIIBZ6DGIH,Diaper & Potty Training,BOAELWNUEF5B,PLA_Campaign-2026-04-18-Langot,baby nappy langot,1,0,0.0000,0.0000,0,0,0.0000,0.0000,0.0000,0.0000,0.0000,0.0000
2KGIIBZ6DGIH,Diaper & Potty Training,BOAELWNUEF5B,PLA_Campaign-2026-04-18-Langot,Cloth diaper with elastic,1,0,0.0000,0.0000,0,0,0.0000,0.0000,0.0000,0.0000,0.0000,0.0000
2KGIIBZ6DGIH,Diaper & Potty Training,BOAELWNUEF5B,PLA_Campaign-2026-04-18-Langot,washable cloth diapers for newborn nappy,1,0,0.0000,0.0000,0,0,0.0000,0.0000,0.0000,0.0000,0.0000,0.0000
2KGIIBZ6DGIH,Diaper & Potty Training,BOAELWNUEF5B,PLA_Campaign-2026-04-18-Langot,langot for 4 year kids,1,0,0.0000,0.0000,0,0,0.0000,0.0000,0.0000,0.0000,0.0000,0.0000
2KGIIBZ6DGIH,Diaper & Potty Training,BOAELWNUEF5B,PLA_Campaign-2026-04-18-Langot,boys under 100,1,0,0.0000,0.0000,0,0,0.0000,0.0000,0.0000,0.0000,0.0000,0.0000
2KGIIBZ6DGIH,Diaper & Potty Training,BOAELWNUEF5B,PLA_Campaign-2026-04-18-Langot,cloth diapers for baby 8 months,1,0,0.0000,0.0000,0,0,0.0000,0.0000,0.0000,0.0000,0.0000,0.0000
2KGIIBZ6DGIH,Diaper & Potty Training,BOAELWNUEF5B,PLA_Campaign-2026-04-18-Langot,Best cloth diapers for newborn baby diaper nappy,0,2,1.4300,0.0000,0,0,0.0000,0.0000,0.0000,0.0000,0.0000,2.8600
2KGIIBZ6DGIH,Diaper & Potty Training,BOAELWNUEF5B,PLA_Campaign-2026-04-18-Langot,waterproof diaper for baby,0,1,1.4300,0.0000,0,0,0.0000,0.0000,0.0000,0.0000,0.0000,1.4300
2KGIIBZ6DGIH,Diaper & Potty Training,BOAELWNUEF5B,PLA_Campaign-2026-04-18-Langot,new born baby dry free langot,0,1,1.4300,0.0000,0,0,0.0000,0.0000,0.0000,0.0000,0.0000,1.4300
2KGIIBZ6DGIH,Diaper & Potty Training,BOAELWNUEF5B,PLA_Campaign-2026-04-18-Langot,langot cloth langot,0,1,1.4300,0.0000,0,0,0.0000,0.0000,0.0000,0.0000,0.0000,1.4300
2KGIIBZ6DGIH,Diaper & Potty Training,BOAELWNUEF5B,PLA_Campaign-2026-04-18-Langot,langot love,0,1,1.4300,0.0000,0,0,0.0000,0.0000,0.0000,0.0000,0.0000,1.4300
2KGIIBZ6DGIH,Diaper & Potty Training,BOAELWNUEF5B,PLA_Campaign-2026-04-18-Langot,langot for new born baby side tape,0,1,1.4300,0.0000,0,0,0.0000,0.0000,0.0000,0.0000,0.0000,1.4300
2KGIIBZ6DGIH,Diaper & Potty Training,BOAELWNUEF5B,PLA_Campaign-2026-04-18-Langot,baby langot waterproof 6 12 m,0,1,1.4300,0.0000,0,0,0.0000,0.0000,0.0000,0.0000,0.0000,1.4300
2KGIIBZ6DGIH,Diaper & Potty Training,BOAELWNUEF5B,PLA_Campaign-2026-04-18-Langot,diaper free padded langot,0,1,1.4300,0.0000,0,0,0.0000,0.0000,0.0000,0.0000,0.0000,1.4300
2KGIIBZ6DGIH,Diaper & Potty Training,BOAELWNUEF5B,PLA_Campaign-2026-04-18-Langot,Langots for new born,0,1,1.4300,0.0000,0,0,0.0000,0.0000,0.0000,0.0000,0.0000,1.4300
2KGIIBZ6DGIH,Diaper & Potty Training,BOAELWNUEF5B,PLA_Campaign-2026-04-18-Langot,Dry feel washable diaper,0,1,1.4300,0.0000,0,0,0.0000,0.0000,0.0000,0.0000,0.0000,1.4300
2KGIIBZ6DGIH,Diaper & Potty Training,BOAELWNUEF5B,PLA_Campaign-2026-04-18-Langot,padded langot for baby large size,0,2,1.4300,0.0000,0,0,0.0000,0.0000,0.0000,0.0000,0.0000,2.8600
